"cursed_daedra_heart","Cursed Daedra Heart","CursedDaedraHeart","LoreRim - Alchemy Tweaks.esp","LoreRim - Alchemy Tweaks.esp","6E000803","FECD1803","dispel","Dispel","REQ_Alch_Dispel","Requiem.esp","Requiem - Alchemy Redone.esp","0AAD3A55","7FAD3A55","positive","1","10.000000","0","0.500000","500"
"cursed_daedra_heart","Cursed Daedra Heart","CursedDaedraHeart","LoreRim - Alchemy Tweaks.esp","LoreRim - Alchemy Tweaks.esp","6E000803","FECD1803","fortify_health","Fortify Health","REQ_Alch_FortifyHealth","Skyrim.esm","Requiem - Alchemy Redone.esp","0003EAF3","0003EAF3","positive","2","20.000000","300","0.500000","500"
"cursed_daedra_heart","Cursed Daedra Heart","CursedDaedraHeart","LoreRim - Alchemy Tweaks.esp","LoreRim - Alchemy Tweaks.esp","6E000803","FECD1803","fortify_stamina","Fortify Stamina","REQ_Alch_FortifyStamina","Skyrim.esm","Requiem - Alchemy Redone.esp","0003EAF9","0003EAF9","positive","3","20.000000","300","0.500000","500"
"cursed_daedra_heart","Cursed Daedra Heart","CursedDaedraHeart","LoreRim - Alchemy Tweaks.esp","LoreRim - Alchemy Tweaks.esp","6E000803","FECD1803","fortify_magicka","Fortify Magicka","REQ_Alch_FortifyMagicka","Skyrim.esm","Requiem - Alchemy Redone.esp","0003EAF8","0003EAF8","positive","4","20.000000","300","0.500000","500"
"dragon_horn","Dragon Horn","DH_DragonHorn","DragonHunting.esp","LoreRim - Alchemy Tweaks.esp","05000922","FE9CF922","fortify_armor_rating","Fortify Armor Rating","REQ_Alch_FortifyArmorRating","Skyrim.esm","Requiem - Alchemy Redone.esp","0003EB1E","0003EB1E","positive","1","48.000000","120","0.250000","100"
"dragon_horn","Dragon Horn","DH_DragonHorn","DragonHunting.esp","LoreRim - Alchemy Tweaks.esp","05000922","FE9CF922","fortify_health","Fortify Health","REQ_Alch_FortifyHealth","Skyrim.esm","Requiem - Alchemy Redone.esp","0003EAF3","0003EAF3","positive","2","16.000000","300","0.250000","100"
"dragon_horn","Dragon Horn","DH_DragonHorn","DragonHunting.esp","LoreRim - Alchemy Tweaks.esp","05000922","FE9CF922","fortify_magicka","Fortify Magicka","REQ_Alch_FortifyMagicka","Skyrim.esm","Requiem - Alchemy Redone.esp","0003EAF8","0003EAF8","positive","3","16.000000","300","0.250000","100"
"dragon_horn","Dragon Horn","DH_DragonHorn","DragonHunting.esp","LoreRim - Alchemy Tweaks.esp","05000922","FE9CF922","fortify_stamina","Fortify Stamina","REQ_Alch_FortifyStamina","Skyrim.esm","Requiem - Alchemy Redone.esp","0003EAF9","0003EAF9","positive","4","16.000000","300","0.250000","100"
"dragon_bile","Dragon Bile","DH_DragonBile","DragonHunting.esp","LoreRim - Alchemy Tweaks.esp","05000804","FE9CF804","weakness_to_fire","Weakness to Fire","REQ_Alch_WeaknessFire","Skyrim.esm","Requiem - Alchemy Redone.esp","00073F2D","00073F2D","negative","1","8.000000","30","0.250000","50"
"dragon_bile","Dragon Bile","DH_DragonBile","DragonHunting.esp","LoreRim - Alchemy Tweaks.esp","05000804","FE9CF804","weakness_to_frost","Weakness to Frost","REQ_Alch_WeaknessFrost","Skyrim.esm","Requiem - Alchemy Redone.esp","00073F2E","00073F2E","negative","2","8.000000","30","0.250000","50"
"dragon_bile","Dragon Bile","DH_DragonBile","DragonHunting.esp","LoreRim - Alchemy Tweaks.esp","05000804","FE9CF804","weakness_to_shock","Weakness to Shock","REQ_Alch_WeaknessShock","Skyrim.esm","Requiem - Alchemy Redone.esp","00073F2F","00073F2F","negative","3","8.000000","30","0.250000","50"
"dragon_bile","Dragon Bile","DH_DragonBile","DragonHunting.esp","LoreRim - Alchemy Tweaks.esp","05000804","FE9CF804","weakness_to_poison","Weakness to Poison","REQ_Alch_WeaknessPoison","Skyrim.esm","Requiem - Alchemy Redone.esp","00090042","00090042","negative","4","12.000000","30","0.250000","50"
"dragon_rheum","Dragon Rheum","DH_DragonRheum","DragonHunting.esp","LoreRim - Alchemy Tweaks.esp","05000803","FE9CF803","damage_health","Damage Health","REQ_Alch_DamageHealth","Skyrim.esm","Requiem - Alchemy Redone.esp","0003EB42","0003EB42","negative","1","16.000000","0","0.250000","50"
"dragon_rheum","Dragon Rheum","DH_DragonRheum","DragonHunting.esp","LoreRim - Alchemy Tweaks.esp","05000803","FE9CF803","restore_health","Restore Health","REQ_Alch_RestoreHealth","Skyrim.esm","Requiem - Alchemy Redone.esp","0003EB15","0003EB15","positive","2","2.000000","20","0.250000","50"
"dragon_rheum","Dragon Rheum","DH_DragonRheum","DragonHunting.esp","LoreRim - Alchemy Tweaks.esp","05000803","FE9CF803","restore_magicka","Restore Magicka","REQ_Alch_RestoreMagicka","Skyrim.esm","Requiem - Alchemy Redone.esp","0003EB17","0003EB17","positive","3","2.000000","20","0.250000","50"
"dragon_rheum","Dragon Rheum","DH_DragonRheum","DragonHunting.esp","LoreRim - Alchemy Tweaks.esp","05000803","FE9CF803","restore_stamina","Restore Stamina","REQ_Alch_RestoreStamina","Skyrim.esm","Requiem - Alchemy Redone.esp","0003EB16","0003EB16","positive","4","2.000000","20","0.250000","50"
"dragon_heartscales","Dragon Heartscales","DH_DragonHeartscales","DragonHunting.esp","LoreRim - Alchemy Tweaks.esp","05000801","FE9CF801","resist_fire","Resist Fire","REQ_Alch_ResistFire","Skyrim.esm","Requiem - Alchemy Redone.esp","0003EAEA","0003EAEA","positive","1","8.000000","120","0.400000","100"
"dragon_heartscales","Dragon Heartscales","DH_DragonHeartscales","DragonHunting.esp","LoreRim - Alchemy Tweaks.esp","05000801","FE9CF801","resist_frost","Resist Frost","REQ_Alch_ResistFrost","Skyrim.esm","Requiem - Alchemy Redone.esp","0003EAEB","0003EAEB","positive","2","8.000000","120","0.400000","100"
"dragon_heartscales","Dragon Heartscales","DH_DragonHeartscales","DragonHunting.esp","LoreRim - Alchemy Tweaks.esp","05000801","FE9CF801","resist_shock","Resist Shock","REQ_Alch_ResistShock","Skyrim.esm","Requiem - Alchemy Redone.esp","0003EAEC","0003EAEC","positive","3","8.000000","120","0.400000","100"
"dragon_heartscales","Dragon Heartscales","DH_DragonHeartscales","DragonHunting.esp","LoreRim - Alchemy Tweaks.esp","05000801","FE9CF801","resist_poison","Resist Poison","REQ_Alch_ResistPoison","Skyrim.esm","Requiem - Alchemy Redone.esp","00090041","00090041","positive","4","12.000000","120","0.400000","100"
"dragon_blood","Dragon Blood","DH_DragonBlood","DragonHunting.esp","LoreRim - Alchemy Tweaks.esp","05000800","FE9CF800","frenzy","Frenzy","REQ_Alch_Frenzy","Skyrim.esm","Requiem - Alchemy Redone.esp","00073F29","00073F29","negative","1","4.000000","15","0.250000","50"
"dragon_blood","Dragon Blood","DH_DragonBlood","DragonHunting.esp","LoreRim - Alchemy Tweaks.esp","05000800","FE9CF800","fortify_health_regeneration","Fortify Health Regeneration","REQ_Alch_FortifyHealthRegeneration","Skyrim.esm","Requiem - Alchemy Redone.esp","0003EB06","0003EB06","positive","2","32.000000","300","0.250000","50"
"dragon_blood","Dragon Blood","DH_DragonBlood","DragonHunting.esp","LoreRim - Alchemy Tweaks.esp","05000800","FE9CF800","fortify_magicka_regeneration","Fortify Magicka Regeneration","REQ_Alch_FortifyMagickaRegeneration","Skyrim.esm","Requiem - Alchemy Redone.esp","0003EB07","0003EB07","positive","3","32.000000","300","0.250000","50"
"dragon_blood","Dragon Blood","DH_DragonBlood","DragonHunting.esp","LoreRim - Alchemy Tweaks.esp","05000800","FE9CF800","fortify_stamina_regeneration","Fortify Stamina Regeneration","REQ_Alch_FortifyStaminaRegeneration","Skyrim.esm","Requiem - Alchemy Redone.esp","0003EB08","0003EB08","positive","4","32.000000","300","0.250000","50"
"dragon_claw","Dragon Claw","DH_DragonClaw","DragonHunting.esp","LoreRim - Alchemy Tweaks.esp","05000014","FE9CF014","fortify_one_handed","Fortify One-Handed","REQ_Alch_FortifyDamage_OneHanded","Skyrim.esm","Requiem - Alchemy Redone.esp","0003EB19","0003EB19","positive","1","4.000000","120","0.250000","100"
"dragon_claw","Dragon Claw","DH_DragonClaw","DragonHunting.esp","LoreRim - Alchemy Tweaks.esp","05000014","FE9CF014","fortify_two_handed","Fortify Two-Handed","REQ_Alch_FortifyDamage_TwoHanded","Skyrim.esm","Requiem - Alchemy Redone.esp","0003EB1A","0003EB1A","positive","2","4.000000","120","0.250000","100"
"dragon_claw","Dragon Claw","DH_DragonClaw","DragonHunting.esp","LoreRim - Alchemy Tweaks.esp","05000014","FE9CF014","fortify_marksman","Fortify Marksman","REQ_Alch_FortifyDamage_Marksman","Skyrim.esm","Requiem - Alchemy Redone.esp","0003EB1B","0003EB1B","positive","3","4.000000","120","0.250000","100"
"dragon_claw","Dragon Claw","DH_DragonClaw","DragonHunting.esp","LoreRim - Alchemy Tweaks.esp","05000014","FE9CF014","fortify_destruction","Fortify Destruction","REQ_Alch_FortifyDestruction","Skyrim.esm","Requiem - Alchemy Redone.esp","0003EB26","0003EB26","positive","4","4.000000","120","0.250000","100"
"golden_feathers","Golden Feathers","Haiku_GoldenFeathers","Ascend - Hidden Peaks of Skyrim.esp","LoreRim - Alchemy Tweaks.esp","05000A2F","FE70FA2F","resist_fall_damage","Resist Fall Damage","Haiku_AlchFallDamage","Ascend - Hidden Peaks of Skyrim.esp","Ascend - Hidden Peaks of Skyrim.esp","05000A36","FE70FA36","negative","1","1.000000","120","0.100000","15"
"golden_feathers","Golden Feathers","Haiku_GoldenFeathers","Ascend - Hidden Peaks of Skyrim.esp","LoreRim - Alchemy Tweaks.esp","05000A2F","FE70FA2F","resist_frost","Resist Frost","REQ_Alch_ResistFrost","Skyrim.esm","Requiem - Alchemy Redone.esp","0003EAEB","0003EAEB","positive","2","4.000000","120","0.100000","15"
"golden_feathers","Golden Feathers","Haiku_GoldenFeathers","Ascend - Hidden Peaks of Skyrim.esp","LoreRim - Alchemy Tweaks.esp","05000A2F","FE70FA2F","cure_disease","Cure Disease","REQ_Alch_CureDisease","Skyrim.esm","Requiem - Alchemy Redone.esp","000AE722","000AE722","positive","3","5.000000","0","0.100000","15"
"golden_feathers","Golden Feathers","Haiku_GoldenFeathers","Ascend - Hidden Peaks of Skyrim.esp","LoreRim - Alchemy Tweaks.esp","05000A2F","FE70FA2F","invisibility","Invisibility","REQ_Alch_Invisibillity","Skyrim.esm","Requiem - Alchemy Redone.esp","0003EB3D","0003EB3D","positive","4","0.000000","4","0.100000","15"
"eagle_beak","Eagle Beak","HawkBeaksmalleagle","mihailhawkandtern.esp","LoreRim - Alchemy Tweaks.esp","06000823","FE6F2823","restore_stamina","Restore Stamina","REQ_Alch_RestoreStamina","Skyrim.esm","Requiem - Alchemy Redone.esp","0003EB16","0003EB16","positive","1","1.000000","20","0.250000","20"
"eagle_beak","Eagle Beak","HawkBeaksmalleagle","mihailhawkandtern.esp","LoreRim - Alchemy Tweaks.esp","06000823","FE6F2823","resist_frost","Resist Frost","REQ_Alch_ResistFrost","Skyrim.esm","Requiem - Alchemy Redone.esp","0003EAEB","0003EAEB","positive","2","4.000000","60","0.250000","20"
"eagle_beak","Eagle Beak","HawkBeaksmalleagle","mihailhawkandtern.esp","LoreRim - Alchemy Tweaks.esp","06000823","FE6F2823","fortify_carry_weight","Fortify Carry Weight","REQ_Alch_FortifyCarryWeight","Skyrim.esm","Requiem - Alchemy Redone.esp","0003EB01","0003EB01","positive","3","4.000000","600","0.250000","20"
"eagle_beak","Eagle Beak","HawkBeaksmalleagle","mihailhawkandtern.esp","LoreRim - Alchemy Tweaks.esp","06000823","FE6F2823","resist_shock","Resist Shock","REQ_Alch_ResistShock","Skyrim.esm","Requiem - Alchemy Redone.esp","0003EAEC","0003EAEC","positive","4","4.000000","120","0.250000","20"
"eagle_feathers","Eagle Feathers","HawkFeatherseaglesmall","mihailhawkandtern.esp","LoreRim - Alchemy Tweaks.esp","06000822","FE6F2822","cure_disease","Cure Disease","REQ_Alch_CureDisease","Skyrim.esm","Requiem - Alchemy Redone.esp","000AE722","000AE722","positive","1","5.000000","0","0.100000","20"
"eagle_feathers","Eagle Feathers","HawkFeatherseaglesmall","mihailhawkandtern.esp","LoreRim - Alchemy Tweaks.esp","06000822","FE6F2822","fortify_speed","Fortify Speed","REQ_Alch_FortifySpeed","Skyrim.esm","Requiem - Alchemy Redone.esp","0003EB1F","0003EB1F","positive","2","1.000000","120","0.100000","20"
"eagle_feathers","Eagle Feathers","HawkFeatherseaglesmall","mihailhawkandtern.esp","LoreRim - Alchemy Tweaks.esp","06000822","FE6F2822","fortify_one_handed","Fortify One-Handed","REQ_Alch_FortifyDamage_OneHanded","Skyrim.esm","Requiem - Alchemy Redone.esp","0003EB19","0003EB19","positive","3","4.000000","120","0.100000","20"
"eagle_feathers","Eagle Feathers","HawkFeatherseaglesmall","mihailhawkandtern.esp","LoreRim - Alchemy Tweaks.esp","06000822","FE6F2822","fortify_sneak","Fortify Sneak","REQ_Alch_FortifySneak","Skyrim.esm","Requiem - Alchemy Redone.esp","0003EB22","0003EB22","positive","4","4.000000","120","0.100000","20"
"cliff_racer_plume","Cliff Racer Plume","mihailcliffracer_lootDUPLICATE003","mihailcliffracer_FLY.esp","LoreRim - Alchemy Tweaks.esp","05000817","FE6EF817","lingering_damage_magicka","Lingering Damage Magicka","REQ_Alch_LingeringDamageMagicka","Skyrim.esm","LoreRim - Alchemy Tweaks.esp","0010DE5F","0010DE5F","negative","1","2.000000","15","0.050000","15"
"cliff_racer_plume","Cliff Racer Plume","mihailcliffracer_lootDUPLICATE003","mihailcliffracer_FLY.esp","LoreRim - Alchemy Tweaks.esp","05000817","FE6EF817","fortify_alteration","Fortify Alteration","REQ_Alch_FortifyAlteration","Skyrim.esm","Requiem - Alchemy Redone.esp","0003EB24","0003EB24","positive","2","4.000000","120","0.050000","15"
"cliff_racer_plume","Cliff Racer Plume","mihailcliffracer_lootDUPLICATE003","mihailcliffracer_FLY.esp","LoreRim - Alchemy Tweaks.esp","05000817","FE6EF817","lingering_damage_health","Lingering Damage Health","REQ_Alch_LingeringDamageHealth","Skyrim.esm","Requiem - Alchemy Redone.esp","0010AA4A","0010AA4A","negative","3","1.000000","15","0.050000","15"
"cliff_racer_plume","Cliff Racer Plume","mihailcliffracer_lootDUPLICATE003","mihailcliffracer_FLY.esp","LoreRim - Alchemy Tweaks.esp","05000817","FE6EF817","fortify_jump","Fortify Jump","REQ_Alch_FortifyEnchanting","Skyrim.esm","LoreRim - Alchemy Tweaks.esp","0003EB29","0003EB29","positive","4","20.000000","120","0.050000","15"
"minotaur_horn","Minotaur Horn","MinotaurHorn","1Minotaurs.esp","LoreRim - Alchemy Tweaks.esp","0500080A","FE6EB80A","resist_poison","Resist Poison","REQ_Alch_ResistPoison","Skyrim.esm","Requiem - Alchemy Redone.esp","00090041","00090041","positive","1","6.000000","120","0.400000","110"
"minotaur_horn","Minotaur Horn","MinotaurHorn","1Minotaurs.esp","LoreRim - Alchemy Tweaks.esp","0500080A","FE6EB80A","damage_magicka_regeneration","Damage Magicka Regeneration","REQ_Alch_DamageMagickaRegeneration","Skyrim.esm","Requiem - Alchemy Redone.esp","00073F2B","00073F2B","negative","2","32.000000","60","0.400000","110"
"minotaur_horn","Minotaur Horn","MinotaurHorn","1Minotaurs.esp","LoreRim - Alchemy Tweaks.esp","0500080A","FE6EB80A","fortify_health_regeneration","Fortify Health Regeneration","REQ_Alch_FortifyHealthRegeneration","Skyrim.esm","Requiem - Alchemy Redone.esp","0003EB06","0003EB06","positive","3","16.000000","300","0.400000","110"
"minotaur_horn","Minotaur Horn","MinotaurHorn","1Minotaurs.esp","LoreRim - Alchemy Tweaks.esp","0500080A","FE6EB80A","fortify_magicka_regeneration","Fortify Magicka Regeneration","REQ_Alch_FortifyMagickaRegeneration","Skyrim.esm","Requiem - Alchemy Redone.esp","0003EB07","0003EB07","positive","4","16.000000","300","0.400000","110"
"beetle_legs","Beetle Legs","ShroomBeetleLegsBlackReach","Shroom Beetles.esp","LoreRim - Alchemy Tweaks.esp","05000820","FE6B0820","restore_health","Restore Health","REQ_Alch_RestoreHealth","Skyrim.esm","Requiem - Alchemy Redone.esp","0003EB15","0003EB15","positive","1","1.000000","20","0.100000","10"
"beetle_legs","Beetle Legs","ShroomBeetleLegsBlackReach","Shroom Beetles.esp","LoreRim - Alchemy Tweaks.esp","05000820","FE6B0820","fortify_speech","Fortify Speech","REQ_Alch_FortifySpeech","Skyrim.esm","Requiem - Alchemy Redone.esp","000D6947","000D6947","positive","2","2.000000","120","0.100000","10"
"beetle_legs","Beetle Legs","ShroomBeetleLegsBlackReach","Shroom Beetles.esp","LoreRim - Alchemy Tweaks.esp","05000820","FE6B0820","resist_magic","Resist Magic","REQ_Alch_ResistMagic","Skyrim.esm","Requiem - Alchemy Redone.esp","00039E51","00039E51","positive","3","2.000000","120","0.100000","10"
"beetle_legs","Beetle Legs","ShroomBeetleLegsBlackReach","Shroom Beetles.esp","LoreRim - Alchemy Tweaks.esp","05000820","FE6B0820","fortify_carry_weight","Fortify Carry Weight","REQ_Alch_FortifyCarryWeight","Skyrim.esm","Requiem - Alchemy Redone.esp","0003EB01","0003EB01","positive","4","4.000000","600","0.100000","10"
"beetle_legs","Beetle Legs","ShroomBeetleLegsRed","Shroom Beetles.esp","LoreRim - Alchemy Tweaks.esp","0500081F","FE6B081F","restore_health","Restore Health","REQ_Alch_RestoreHealth","Skyrim.esm","Requiem - Alchemy Redone.esp","0003EB15","0003EB15","positive","1","1.000000","20","0.100000","10"
"beetle_legs","Beetle Legs","ShroomBeetleLegsRed","Shroom Beetles.esp","LoreRim - Alchemy Tweaks.esp","0500081F","FE6B081F","fortify_speech","Fortify Speech","REQ_Alch_FortifySpeech","Skyrim.esm","Requiem - Alchemy Redone.esp","000D6947","000D6947","positive","2","2.000000","120","0.100000","10"
"beetle_legs","Beetle Legs","ShroomBeetleLegsRed","Shroom Beetles.esp","LoreRim - Alchemy Tweaks.esp","0500081F","FE6B081F","resist_fire","Resist Fire","REQ_Alch_ResistFire","Skyrim.esm","Requiem - Alchemy Redone.esp","0003EAEA","0003EAEA","positive","3","4.000000","120","0.100000","10"
"beetle_legs","Beetle Legs","ShroomBeetleLegsRed","Shroom Beetles.esp","LoreRim - Alchemy Tweaks.esp","0500081F","FE6B081F","fortify_carry_weight","Fortify Carry Weight","REQ_Alch_FortifyCarryWeight","Skyrim.esm","Requiem - Alchemy Redone.esp","0003EB01","0003EB01","positive","4","4.000000","600","0.100000","10"
"beetle_legs","Beetle Legs","ShroomBeetleLegsBlue","Shroom Beetles.esp","LoreRim - Alchemy Tweaks.esp","0500081E","FE6B081E","restore_health","Restore Health","REQ_Alch_RestoreHealth","Skyrim.esm","Requiem - Alchemy Redone.esp","0003EB15","0003EB15","positive","1","1.000000","20","0.100000","10"
"beetle_legs","Beetle Legs","ShroomBeetleLegsBlue","Shroom Beetles.esp","LoreRim - Alchemy Tweaks.esp","0500081E","FE6B081E","fortify_speech","Fortify Speech","REQ_Alch_FortifySpeech","Skyrim.esm","Requiem - Alchemy Redone.esp","000D6947","000D6947","positive","2","2.000000","120","0.100000","10"
"beetle_legs","Beetle Legs","ShroomBeetleLegsBlue","Shroom Beetles.esp","LoreRim - Alchemy Tweaks.esp","0500081E","FE6B081E","resist_frost","Resist Frost","REQ_Alch_ResistFrost","Skyrim.esm","Requiem - Alchemy Redone.esp","0003EAEB","0003EAEB","positive","3","4.000000","120","0.100000","10"
"beetle_legs","Beetle Legs","ShroomBeetleLegsBlue","Shroom Beetles.esp","LoreRim - Alchemy Tweaks.esp","0500081E","FE6B081E","fortify_carry_weight","Fortify Carry Weight","REQ_Alch_FortifyCarryWeight","Skyrim.esm","Requiem - Alchemy Redone.esp","0003EB01","0003EB01","positive","4","4.000000","600","0.100000","10"
"beetle_legs","Beetle Legs","ShroomBeetleLegsYellow","Shroom Beetles.esp","LoreRim - Alchemy Tweaks.esp","0500081D","FE6B081D","restore_health","Restore Health","REQ_Alch_RestoreHealth","Skyrim.esm","Requiem - Alchemy Redone.esp","0003EB15","0003EB15","positive","1","1.000000","20","0.100000","10"
"beetle_legs","Beetle Legs","ShroomBeetleLegsYellow","Shroom Beetles.esp","LoreRim - Alchemy Tweaks.esp","0500081D","FE6B081D","fortify_speech","Fortify Speech","REQ_Alch_FortifySpeech","Skyrim.esm","Requiem - Alchemy Redone.esp","000D6947","000D6947","positive","2","2.000000","120","0.100000","10"
"beetle_legs","Beetle Legs","ShroomBeetleLegsYellow","Shroom Beetles.esp","LoreRim - Alchemy Tweaks.esp","0500081D","FE6B081D","resist_shock","Resist Shock","REQ_Alch_ResistShock","Skyrim.esm","Requiem - Alchemy Redone.esp","0003EAEC","0003EAEC","positive","3","4.000000","120","0.100000","10"
"beetle_legs","Beetle Legs","ShroomBeetleLegsYellow","Shroom Beetles.esp","LoreRim - Alchemy Tweaks.esp","0500081D","FE6B081D","fortify_carry_weight","Fortify Carry Weight","REQ_Alch_FortifyCarryWeight","Skyrim.esm","Requiem - Alchemy Redone.esp","0003EB01","0003EB01","positive","4","4.000000","600","0.100000","10"
"mushroom_cluster","Mushroom Cluster","ShroomBeetleClusterBlackReach","Shroom Beetles.esp","LoreRim - Alchemy Tweaks.esp","0500081C","FE6B081C","drugged","Drugged","ShroomBeetleClusterBlackReachDrug","Shroom Beetles.esp","Shroom Beetles.esp","05000819","FE6B0819","positive","1","0.000000","60","0.250000","25"
"mushroom_cluster","Mushroom Cluster","ShroomBeetleClusterBlackReach","Shroom Beetles.esp","LoreRim - Alchemy Tweaks.esp","0500081C","FE6B081C","cure_poison","Cure Poison","REQ_Alch_CurePoison","Skyrim.esm","Requiem - Alchemy Redone.esp","00109ADD","00109ADD","positive","2","2.000000","0","0.250000","25"
"mushroom_cluster","Mushroom Cluster","ShroomBeetleClusterBlackReach","Shroom Beetles.esp","LoreRim - Alchemy Tweaks.esp","0500081C","FE6B081C","resist_magic","Resist Magic","REQ_Alch_ResistMagic","Skyrim.esm","Requiem - Alchemy Redone.esp","00039E51","00039E51","positive","3","2.000000","120","0.250000","25"
"mushroom_cluster","Mushroom Cluster","ShroomBeetleClusterBlackReach","Shroom Beetles.esp","LoreRim - Alchemy Tweaks.esp","0500081C","FE6B081C","fortify_illusion","Fortify Illusion","REQ_Alch_FortifyIllusion","Skyrim.esm","Requiem - Alchemy Redone.esp","0003EB27","0003EB27","positive","4","4.000000","120","0.250000","25"
"mushroom_cluster","Mushroom Cluster","ShroomBeetleClusterYellow","Shroom Beetles.esp","LoreRim - Alchemy Tweaks.esp","0500081B","FE6B081B","drugged","Drugged","ShroomBeetleClusterYellowDrug","Shroom Beetles.esp","Shroom Beetles.esp","05000818","FE6B0818","positive","1","0.000000","60","0.250000","25"
"mushroom_cluster","Mushroom Cluster","ShroomBeetleClusterYellow","Shroom Beetles.esp","LoreRim - Alchemy Tweaks.esp","0500081B","FE6B081B","cure_poison","Cure Poison","REQ_Alch_CurePoison","Skyrim.esm","Requiem - Alchemy Redone.esp","00109ADD","00109ADD","positive","2","2.000000","0","0.250000","25"
"mushroom_cluster","Mushroom Cluster","ShroomBeetleClusterYellow","Shroom Beetles.esp","LoreRim - Alchemy Tweaks.esp","0500081B","FE6B081B","resist_shock","Resist Shock","REQ_Alch_ResistShock","Skyrim.esm","Requiem - Alchemy Redone.esp","0003EAEC","0003EAEC","positive","3","4.000000","120","0.250000","25"
"mushroom_cluster","Mushroom Cluster","ShroomBeetleClusterYellow","Shroom Beetles.esp","LoreRim - Alchemy Tweaks.esp","0500081B","FE6B081B","fortify_alteration","Fortify Alteration","REQ_Alch_FortifyAlteration","Skyrim.esm","Requiem - Alchemy Redone.esp","0003EB24","0003EB24","positive","4","4.000000","120","0.250000","25"
"mushroom_cluster","Mushroom Cluster","ShroomBeetleClusterBlue","Shroom Beetles.esp","LoreRim - Alchemy Tweaks.esp","0500081A","FE6B081A","drugged","Drugged","ShroomBeetleClusterBlueDrug","Shroom Beetles.esp","Shroom Beetles.esp","05000817","FE6B0817","positive","1","0.000000","60","0.250000","25"
"mushroom_cluster","Mushroom Cluster","ShroomBeetleClusterBlue","Shroom Beetles.esp","LoreRim - Alchemy Tweaks.esp","0500081A","FE6B081A","cure_poison","Cure Poison","REQ_Alch_CurePoison","Skyrim.esm","Requiem - Alchemy Redone.esp","00109ADD","00109ADD","positive","2","2.000000","0","0.250000","25"
"mushroom_cluster","Mushroom Cluster","ShroomBeetleClusterBlue","Shroom Beetles.esp","LoreRim - Alchemy Tweaks.esp","0500081A","FE6B081A","resist_frost","Resist Frost","REQ_Alch_ResistFrost","Skyrim.esm","Requiem - Alchemy Redone.esp","0003EAEB","0003EAEB","positive","3","4.000000","120","0.250000","25"
"mushroom_cluster","Mushroom Cluster","ShroomBeetleClusterBlue","Shroom Beetles.esp","LoreRim - Alchemy Tweaks.esp","0500081A","FE6B081A","fortify_alteration","Fortify Alteration","REQ_Alch_FortifyAlteration","Skyrim.esm","Requiem - Alchemy Redone.esp","0003EB24","0003EB24","positive","4","4.000000","120","0.250000","25"
"mushroom_cluster","Mushroom Cluster","ShroomBeetleClusterRed","Shroom Beetles.esp","LoreRim - Alchemy Tweaks.esp","05000810","FE6B0810","drugged","Drugged","ShroomBeetleClusterRedDrug","Shroom Beetles.esp","Shroom Beetles.esp","05000811","FE6B0811","positive","1","0.000000","60","0.250000","25"
"mushroom_cluster","Mushroom Cluster","ShroomBeetleClusterRed","Shroom Beetles.esp","LoreRim - Alchemy Tweaks.esp","05000810","FE6B0810","cure_poison","Cure Poison","REQ_Alch_CurePoison","Skyrim.esm","Requiem - Alchemy Redone.esp","00109ADD","00109ADD","positive","2","2.000000","0","0.250000","25"
"mushroom_cluster","Mushroom Cluster","ShroomBeetleClusterRed","Shroom Beetles.esp","LoreRim - Alchemy Tweaks.esp","05000810","FE6B0810","resist_fire","Resist Fire","REQ_Alch_ResistFire","Skyrim.esm","Requiem - Alchemy Redone.esp","0003EAEA","0003EAEA","positive","3","4.000000","120","0.250000","25"
"mushroom_cluster","Mushroom Cluster","ShroomBeetleClusterRed","Shroom Beetles.esp","LoreRim - Alchemy Tweaks.esp","05000810","FE6B0810","fortify_alteration","Fortify Alteration","REQ_Alch_FortifyAlteration","Skyrim.esm","Requiem - Alchemy Redone.esp","0003EB24","0003EB24","positive","4","4.000000","120","0.250000","25"
"beetle_wax","Beetle Wax","ShroomBeetleWax","Shroom Beetles.esp","LoreRim - Alchemy Tweaks.esp","05000804","FE6B0804","damage_stamina","Damage Stamina","REQ_Alch_DamageStamina","Skyrim.esm","LoreRim - Alchemy Tweaks.esp","0003A2C6","0003A2C6","negative","1","16.000000","0","0.100000","1"
"beetle_wax","Beetle Wax","ShroomBeetleWax","Shroom Beetles.esp","LoreRim - Alchemy Tweaks.esp","05000804","FE6B0804","lingering_damage_stamina","Lingering Damage Stamina","REQ_Alch_LingeringDamageStamina","Skyrim.esm","LoreRim - Alchemy Tweaks.esp","0010DE5E","0010DE5E","negative","2","2.000000","15","0.100000","1"
"beetle_wax","Beetle Wax","ShroomBeetleWax","Shroom Beetles.esp","LoreRim - Alchemy Tweaks.esp","05000804","FE6B0804","damage_stamina_regeneration","Damage Stamina Regeneration","REQ_Alch_DamageStaminaRegeneration","Skyrim.esm","Requiem - Alchemy Redone.esp","00073F2C","00073F2C","negative","3","32.000000","60","0.100000","1"
"beetle_wax","Beetle Wax","ShroomBeetleWax","Shroom Beetles.esp","LoreRim - Alchemy Tweaks.esp","05000804","FE6B0804","damage_maximum_stamina","Damage Maximum Stamina","REQ_Alch_DamageMaximumStamina","Skyrim.esm","Requiem - Alchemy Redone.esp","00073F23","00073F23","negative","4","16.000000","60","0.100000","1"
"shalk_resin","Shalk Resin","ShalkResin","Shalks.esp","LoreRim - Alchemy Tweaks.esp","05000835","FE6AF835","damage_stamina","Damage Stamina","REQ_Alch_DamageStamina","Skyrim.esm","LoreRim - Alchemy Tweaks.esp","0003A2C6","0003A2C6","negative","1","16.000000","0","0.100000","50"
"shalk_resin","Shalk Resin","ShalkResin","Shalks.esp","LoreRim - Alchemy Tweaks.esp","05000835","FE6AF835","fortify_health","Fortify Health","REQ_Alch_FortifyHealth","Skyrim.esm","Requiem - Alchemy Redone.esp","0003EAF3","0003EAF3","positive","2","8.000000","300","0.100000","50"
"shalk_resin","Shalk Resin","ShalkResin","Shalks.esp","LoreRim - Alchemy Tweaks.esp","05000835","FE6AF835","frenzy","Frenzy","REQ_Alch_Frenzy","Skyrim.esm","Requiem - Alchemy Redone.esp","00073F29","00073F29","negative","3","2.000000","15","0.100000","50"
"shalk_resin","Shalk Resin","ShalkResin","Shalks.esp","LoreRim - Alchemy Tweaks.esp","05000835","FE6AF835","fortify_stamina_regeneration","Fortify Stamina Regeneration","REQ_Alch_FortifyStaminaRegeneration","Skyrim.esm","Requiem - Alchemy Redone.esp","0003EB08","0003EB08","positive","4","16.000000","300","0.100000","50"
"alit_hide","Alit Hide","Skinwalker21AlitHide3","Alit.esp","LoreRim - Alchemy Tweaks.esp","0500081E","FE6AE81E","fortify_conjuration","Fortify Conjuration","REQ_Alch_FortifyConjuration","Skyrim.esm","Requiem - Alchemy Redone.esp","0003EB25","0003EB25","positive","1","4.000000","120","0.400000","5"
"alit_hide","Alit Hide","Skinwalker21AlitHide3","Alit.esp","LoreRim - Alchemy Tweaks.esp","0500081E","FE6AE81E","resist_magic","Resist Magic","REQ_Alch_ResistMagic","Skyrim.esm","Requiem - Alchemy Redone.esp","00039E51","00039E51","positive","2","2.000000","120","0.400000","5"
"alit_hide","Alit Hide","Skinwalker21AlitHide3","Alit.esp","LoreRim - Alchemy Tweaks.esp","0500081E","FE6AE81E","resist_shock","Resist Shock","REQ_Alch_ResistShock","Skyrim.esm","Requiem - Alchemy Redone.esp","0003EAEC","0003EAEC","positive","3","4.000000","120","0.400000","5"
"alit_hide","Alit Hide","Skinwalker21AlitHide3","Alit.esp","LoreRim - Alchemy Tweaks.esp","0500081E","FE6AE81E","damage_magicka_regeneration","Damage Magicka Regeneration","REQ_Alch_DamageMagickaRegeneration","Skyrim.esm","Requiem - Alchemy Redone.esp","00073F2B","00073F2B","negative","4","32.000000","60","0.400000","5"
"alit_hide","Alit Hide","Skinwalker21AlitHide2","Alit.esp","LoreRim - Alchemy Tweaks.esp","0500081D","FE6AE81D","fortify_illusion","Fortify Illusion","REQ_Alch_FortifyIllusion","Skyrim.esm","Requiem - Alchemy Redone.esp","0003EB27","0003EB27","positive","1","4.000000","120","0.400000","5"
"alit_hide","Alit Hide","Skinwalker21AlitHide2","Alit.esp","LoreRim - Alchemy Tweaks.esp","0500081D","FE6AE81D","fortify_alteration","Fortify Alteration","REQ_Alch_FortifyAlteration","Skyrim.esm","Requiem - Alchemy Redone.esp","0003EB24","0003EB24","positive","2","4.000000","120","0.400000","5"
"alit_hide","Alit Hide","Skinwalker21AlitHide2","Alit.esp","LoreRim - Alchemy Tweaks.esp","0500081D","FE6AE81D","resist_frost","Resist Frost","REQ_Alch_ResistFrost","Skyrim.esm","Requiem - Alchemy Redone.esp","0003EAEB","0003EAEB","positive","3","4.000000","120","0.400000","5"
"alit_hide","Alit Hide","Skinwalker21AlitHide2","Alit.esp","LoreRim - Alchemy Tweaks.esp","0500081D","FE6AE81D","damage_magicka_regeneration","Damage Magicka Regeneration","REQ_Alch_DamageMagickaRegeneration","Skyrim.esm","Requiem - Alchemy Redone.esp","00073F2B","00073F2B","negative","4","32.000000","60","0.400000","5"
"alit_hide","Alit Hide","Skinwalker21AlitHide","Alit.esp","LoreRim - Alchemy Tweaks.esp","0500081C","FE6AE81C","fortify_destruction","Fortify Destruction","REQ_Alch_FortifyDestruction","Skyrim.esm","Requiem - Alchemy Redone.esp","0003EB26","0003EB26","positive","1","4.000000","120","0.400000","5"
"alit_hide","Alit Hide","Skinwalker21AlitHide","Alit.esp","LoreRim - Alchemy Tweaks.esp","0500081C","FE6AE81C","fortify_restoration","Fortify Restoration","REQ_Alch_FortifyRestoration","Skyrim.esm","Requiem - Alchemy Redone.esp","0003EB28","0003EB28","positive","2","4.000000","120","0.400000","5"
"alit_hide","Alit Hide","Skinwalker21AlitHide","Alit.esp","LoreRim - Alchemy Tweaks.esp","0500081C","FE6AE81C","resist_fire","Resist Fire","REQ_Alch_ResistFire","Skyrim.esm","Requiem - Alchemy Redone.esp","0003EAEA","0003EAEA","positive","3","4.000000","120","0.400000","5"
"alit_hide","Alit Hide","Skinwalker21AlitHide","Alit.esp","LoreRim - Alchemy Tweaks.esp","0500081C","FE6AE81C","damage_magicka_regeneration","Damage Magicka Regeneration","REQ_Alch_DamageMagickaRegeneration","Skyrim.esm","Requiem - Alchemy Redone.esp","00073F2B","00073F2B","negative","4","32.000000","60","0.400000","5"
"elder_blisterwort","Elder Blisterwort","ElderMushroom06","Elder Mushrooms-Requiem.esp","LoreRim - Alchemy Tweaks.esp","02000007","FE636007","damage_stamina","Damage Stamina","REQ_Alch_DamageStamina","Skyrim.esm","LoreRim - Alchemy Tweaks.esp","0003A2C6","0003A2C6","negative","1","16.000000","0","0.200000","12"
"elder_blisterwort","Elder Blisterwort","ElderMushroom06","Elder Mushrooms-Requiem.esp","LoreRim - Alchemy Tweaks.esp","02000007","FE636007","frenzy","Frenzy","REQ_Alch_Frenzy","Skyrim.esm","Requiem - Alchemy Redone.esp","00073F29","00073F29","negative","2","2.000000","15","0.200000","12"
"elder_blisterwort","Elder Blisterwort","ElderMushroom06","Elder Mushrooms-Requiem.esp","LoreRim - Alchemy Tweaks.esp","02000007","FE636007","restore_health","Restore Health","REQ_Alch_RestoreHealth","Skyrim.esm","Requiem - Alchemy Redone.esp","0003EB15","0003EB15","positive","3","0.500000","20","0.200000","12"
"elder_blisterwort","Elder Blisterwort","ElderMushroom06","Elder Mushrooms-Requiem.esp","LoreRim - Alchemy Tweaks.esp","02000007","FE636007","reflect_damage","Reflect Damage","REQ_Alch_FortifyReflect","Skyrim.esm","LoreRim - Alchemy Tweaks.esp","0003EB1D","0003EB1D","positive","4","1.000000","120","0.200000","12"
"elder_namiras_rot","Elder Namira's Rot","ElderMushroom05","Elder Mushrooms-Requiem.esp","LoreRim - Alchemy Tweaks.esp","02000006","FE636006","damage_magicka","Damage Magicka","REQ_Alch_DamageMagicka","Skyrim.esm","LoreRim - Alchemy Tweaks.esp","0003A2B6","0003A2B6","negative","1","16.000000","0","0.250000","12"
"elder_namiras_rot","Elder Namira's Rot","ElderMushroom05","Elder Mushrooms-Requiem.esp","LoreRim - Alchemy Tweaks.esp","02000006","FE636006","fortify_lockpicking","Fortify Lockpicking","REQ_Alch_FortifyLockpicking","Requiem.esp","Requiem - Alchemy Redone.esp","0A0BCC54","7F0BCC54","positive","2","0.400000","120","0.250000","12"
"elder_namiras_rot","Elder Namira's Rot","ElderMushroom05","Elder Mushrooms-Requiem.esp","LoreRim - Alchemy Tweaks.esp","02000006","FE636006","fear","Fear","REQ_Alch_Fear","Skyrim.esm","Requiem - Alchemy Redone.esp","00073F20","00073F20","negative","3","2.000000","15","0.250000","12"
"elder_namiras_rot","Elder Namira's Rot","ElderMushroom05","Elder Mushrooms-Requiem.esp","LoreRim - Alchemy Tweaks.esp","02000006","FE636006","fortify_health_regeneration","Fortify Health Regeneration","REQ_Alch_FortifyHealthRegeneration","Skyrim.esm","Requiem - Alchemy Redone.esp","0003EB06","0003EB06","positive","4","16.000000","300","0.250000","12"
"elder_imp_stool","Elder Imp Stool","ElderMushroom04","Elder Mushrooms-Requiem.esp","LoreRim - Alchemy Tweaks.esp","02000005","FE636005","damage_health","Damage Health","REQ_Alch_DamageHealth","Skyrim.esm","Requiem - Alchemy Redone.esp","0003EB42","0003EB42","negative","1","8.000000","0","0.300000","12"
"elder_imp_stool","Elder Imp Stool","ElderMushroom04","Elder Mushrooms-Requiem.esp","LoreRim - Alchemy Tweaks.esp","02000005","FE636005","lingering_damage_health","Lingering Damage Health","REQ_Alch_LingeringDamageHealth","Skyrim.esm","Requiem - Alchemy Redone.esp","0010AA4A","0010AA4A","negative","2","0.500000","30","0.300000","12"
"elder_imp_stool","Elder Imp Stool","ElderMushroom04","Elder Mushrooms-Requiem.esp","LoreRim - Alchemy Tweaks.esp","02000005","FE636005","slow","Slow","REQ_Alch_Slow","Skyrim.esm","Requiem - Alchemy Redone.esp","00073F25","00073F25","negative","3","50.000000","4","0.300000","12"
"elder_imp_stool","Elder Imp Stool","ElderMushroom04","Elder Mushrooms-Requiem.esp","LoreRim - Alchemy Tweaks.esp","02000005","FE636005","restore_health","Restore Health","REQ_Alch_RestoreHealth","Skyrim.esm","Requiem - Alchemy Redone.esp","0003EB15","0003EB15","positive","4","0.500000","20","0.300000","12"
"elder_white_cap","Elder White Cap","ElderMushroom03","Elder Mushrooms-Requiem.esp","LoreRim - Alchemy Tweaks.esp","02000004","FE636004","weakness_to_frost","Weakness to Frost","REQ_Alch_WeaknessFrost","Skyrim.esm","Requiem - Alchemy Redone.esp","00073F2E","00073F2E","negative","1","4.000000","30","0.300000","12"
"elder_white_cap","Elder White Cap","ElderMushroom03","Elder Mushrooms-Requiem.esp","LoreRim - Alchemy Tweaks.esp","02000004","FE636004","fortify_armor_rating","Fortify Armor Rating","REQ_Alch_FortifyArmorRating","Skyrim.esm","Requiem - Alchemy Redone.esp","0003EB1E","0003EB1E","positive","2","12.000000","120","0.300000","12"
"elder_white_cap","Elder White Cap","ElderMushroom03","Elder Mushrooms-Requiem.esp","LoreRim - Alchemy Tweaks.esp","02000004","FE636004","restore_magicka","Restore Magicka","REQ_Alch_RestoreMagicka","Skyrim.esm","Requiem - Alchemy Redone.esp","0003EB17","0003EB17","positive","3","1.000000","20","0.300000","12"
"elder_white_cap","Elder White Cap","ElderMushroom03","Elder Mushrooms-Requiem.esp","LoreRim - Alchemy Tweaks.esp","02000004","FE636004","damage_maximum_magicka","Damage Maximum Magicka","REQ_Alch_DamageMaximumMagicka","Skyrim.esm","Requiem - Alchemy Redone.esp","00073F27","00073F27","negative","4","16.000000","60","0.300000","12"
"elder_bleeding_crown","Elder Bleeding Crown","ElderMushroom02","Elder Mushrooms-Requiem.esp","LoreRim - Alchemy Tweaks.esp","02000003","FE636003","weakness_to_fire","Weakness to Fire","REQ_Alch_WeaknessFire","Skyrim.esm","Requiem - Alchemy Redone.esp","00073F2D","00073F2D","negative","1","4.000000","30","0.300000","10"
"elder_bleeding_crown","Elder Bleeding Crown","ElderMushroom02","Elder Mushrooms-Requiem.esp","LoreRim - Alchemy Tweaks.esp","02000003","FE636003","fortify_block","Fortify Block","REQ_Alch_FortifyBlock","Skyrim.esm","Requiem - Alchemy Redone.esp","0003EB1C","0003EB1C","positive","2","4.000000","120","0.300000","10"
"elder_bleeding_crown","Elder Bleeding Crown","ElderMushroom02","Elder Mushrooms-Requiem.esp","LoreRim - Alchemy Tweaks.esp","02000003","FE636003","weakness_to_poison","Weakness to Poison","REQ_Alch_WeaknessPoison","Skyrim.esm","Requiem - Alchemy Redone.esp","00090042","00090042","negative","3","6.000000","30","0.300000","10"
"elder_bleeding_crown","Elder Bleeding Crown","ElderMushroom02","Elder Mushrooms-Requiem.esp","LoreRim - Alchemy Tweaks.esp","02000003","FE636003","resist_magic","Resist Magic","REQ_Alch_ResistMagic","Skyrim.esm","Requiem - Alchemy Redone.esp","00039E51","00039E51","positive","4","2.000000","120","0.300000","10"
"elder_fly_amanita","Elder Fly Amanita","ElderMushroom01","Elder Mushrooms-Requiem.esp","LoreRim - Alchemy Tweaks.esp","02000002","FE636002","resist_fire","Resist Fire","REQ_Alch_ResistFire","Skyrim.esm","Requiem - Alchemy Redone.esp","0003EAEA","0003EAEA","positive","1","4.000000","120","0.100000","2"
"elder_fly_amanita","Elder Fly Amanita","ElderMushroom01","Elder Mushrooms-Requiem.esp","LoreRim - Alchemy Tweaks.esp","02000002","FE636002","fortify_two_handed","Fortify Two-Handed","REQ_Alch_FortifyDamage_TwoHanded","Skyrim.esm","Requiem - Alchemy Redone.esp","0003EB1A","0003EB1A","positive","2","4.000000","120","0.100000","2"
"elder_fly_amanita","Elder Fly Amanita","ElderMushroom01","Elder Mushrooms-Requiem.esp","LoreRim - Alchemy Tweaks.esp","02000002","FE636002","frenzy","Frenzy","REQ_Alch_Frenzy","Skyrim.esm","Requiem - Alchemy Redone.esp","00073F29","00073F29","negative","3","2.000000","15","0.100000","2"
"elder_fly_amanita","Elder Fly Amanita","ElderMushroom01","Elder Mushrooms-Requiem.esp","LoreRim - Alchemy Tweaks.esp","02000002","FE636002","fortify_stamina_regeneration","Fortify Stamina Regeneration","REQ_Alch_FortifyStaminaRegeneration","Skyrim.esm","Requiem - Alchemy Redone.esp","0003EB08","0003EB08","positive","4","16.000000","300","0.100000","2"
"dwarven_oil","Dwarven Oil","JS_DwarvenOil03","JS Dwarven Oil SE.esp","LoreRim - Alchemy Tweaks.esp","05000801","FE424801","weakness_to_magic","Weakness to Magic","REQ_Alch_WeaknessMagic","Skyrim.esm","Requiem - Alchemy Redone.esp","00073F51","00073F51","negative","1","2.000000","30","0.250000","50"
"dwarven_oil","Dwarven Oil","JS_DwarvenOil03","JS Dwarven Oil SE.esp","LoreRim - Alchemy Tweaks.esp","05000801","FE424801","fortify_illusion","Fortify Illusion","REQ_Alch_FortifyIllusion","Skyrim.esm","Requiem - Alchemy Redone.esp","0003EB27","0003EB27","positive","2","4.000000","120","0.250000","50"
"dwarven_oil","Dwarven Oil","JS_DwarvenOil03","JS Dwarven Oil SE.esp","LoreRim - Alchemy Tweaks.esp","05000801","FE424801","fortify_magicka_regeneration","Fortify Magicka Regeneration","REQ_Alch_FortifyMagickaRegeneration","Skyrim.esm","Requiem - Alchemy Redone.esp","0003EB07","0003EB07","positive","3","16.000000","300","0.250000","50"
"dwarven_oil","Dwarven Oil","JS_DwarvenOil03","JS Dwarven Oil SE.esp","LoreRim - Alchemy Tweaks.esp","05000801","FE424801","restore_magicka","Restore Magicka","REQ_Alch_RestoreMagicka","Skyrim.esm","Requiem - Alchemy Redone.esp","0003EB17","0003EB17","positive","4","1.000000","20","0.250000","50"
"dwarven_oil","Dwarven Oil","JS_DwarvenOil02","JS Dwarven Oil SE.esp","LoreRim - Alchemy Tweaks.esp","05000800","FE424800","weakness_to_magic","Weakness to Magic","REQ_Alch_WeaknessMagic","Skyrim.esm","Requiem - Alchemy Redone.esp","00073F51","00073F51","negative","1","2.000000","30","0.250000","50"
"dwarven_oil","Dwarven Oil","JS_DwarvenOil02","JS Dwarven Oil SE.esp","LoreRim - Alchemy Tweaks.esp","05000800","FE424800","fortify_illusion","Fortify Illusion","REQ_Alch_FortifyIllusion","Skyrim.esm","Requiem - Alchemy Redone.esp","0003EB27","0003EB27","positive","2","4.000000","120","0.250000","50"
"dwarven_oil","Dwarven Oil","JS_DwarvenOil02","JS Dwarven Oil SE.esp","LoreRim - Alchemy Tweaks.esp","05000800","FE424800","fortify_magicka_regeneration","Fortify Magicka Regeneration","REQ_Alch_FortifyMagickaRegeneration","Skyrim.esm","Requiem - Alchemy Redone.esp","0003EB07","0003EB07","positive","3","16.000000","300","0.250000","50"
"dwarven_oil","Dwarven Oil","JS_DwarvenOil02","JS Dwarven Oil SE.esp","LoreRim - Alchemy Tweaks.esp","05000800","FE424800","restore_magicka","Restore Magicka","REQ_Alch_RestoreMagicka","Skyrim.esm","Requiem - Alchemy Redone.esp","0003EB17","0003EB17","positive","4","1.000000","20","0.250000","50"
"velehk_sains_heart","Velehk Sain's Heart","FVS_VelehkHeart","Finding_VelehkSain.esp","LoreRim - Alchemy Tweaks.esp","02000809","FE3FA809","restore_health","Restore Health","REQ_Alch_RestoreHealth","Skyrim.esm","Requiem - Alchemy Redone.esp","0003EB15","0003EB15","positive","1","2.000000","20","0.400000","250"
"velehk_sains_heart","Velehk Sain's Heart","FVS_VelehkHeart","Finding_VelehkSain.esp","LoreRim - Alchemy Tweaks.esp","02000809","FE3FA809","damage_stamina_regeneration","Damage Stamina Regeneration","REQ_Alch_DamageStaminaRegeneration","Skyrim.esm","Requiem - Alchemy Redone.esp","00073F2C","00073F2C","negative","2","64.000000","60","0.400000","250"
"velehk_sains_heart","Velehk Sain's Heart","FVS_VelehkHeart","Finding_VelehkSain.esp","LoreRim - Alchemy Tweaks.esp","02000809","FE3FA809","damage_magicka","Damage Magicka","REQ_Alch_DamageMagicka","Skyrim.esm","LoreRim - Alchemy Tweaks.esp","0003A2B6","0003A2B6","negative","3","32.000000","0","0.400000","250"
"velehk_sains_heart","Velehk Sain's Heart","FVS_VelehkHeart","Finding_VelehkSain.esp","LoreRim - Alchemy Tweaks.esp","02000809","FE3FA809","fear","Fear","REQ_Alch_Fear","Skyrim.esm","Requiem - Alchemy Redone.esp","00073F20","00073F20","negative","4","4.000000","15","0.400000","250"
"grahl_tusk","Grahl Tusk","og_GrahlTusk","Morrowind Creatures Merge.esp","LoreRim - Alchemy Tweaks.esp","04000A18","FE306A18","fortify_one_handed","Fortify One-Handed","REQ_Alch_FortifyDamage_OneHanded","Skyrim.esm","Requiem - Alchemy Redone.esp","0003EB19","0003EB19","positive","1","4.000000","120","0.400000","20"
"grahl_tusk","Grahl Tusk","og_GrahlTusk","Morrowind Creatures Merge.esp","LoreRim - Alchemy Tweaks.esp","04000A18","FE306A18","fortify_health","Fortify Health","REQ_Alch_FortifyHealth","Skyrim.esm","Requiem - Alchemy Redone.esp","0003EAF3","0003EAF3","positive","2","8.000000","300","0.400000","20"
"grahl_tusk","Grahl Tusk","og_GrahlTusk","Morrowind Creatures Merge.esp","LoreRim - Alchemy Tweaks.esp","04000A18","FE306A18","slow","Slow","REQ_Alch_Slow","Skyrim.esm","Requiem - Alchemy Redone.esp","00073F25","00073F25","negative","3","50.000000","4","0.400000","20"
"grahl_tusk","Grahl Tusk","og_GrahlTusk","Morrowind Creatures Merge.esp","LoreRim - Alchemy Tweaks.esp","04000A18","FE306A18","frenzy","Frenzy","REQ_Alch_Frenzy","Skyrim.esm","Requiem - Alchemy Redone.esp","00073F29","00073F29","negative","4","2.000000","15","0.400000","20"
"grave_tar","Grave Tar","ogcd_GraveTar","Morrowind Creatures Merge.esp","LoreRim - Alchemy Tweaks.esp","040009F2","FE3069F2","resist_frost","Resist Frost","REQ_Alch_ResistFrost","Skyrim.esm","Requiem - Alchemy Redone.esp","0003EAEB","0003EAEB","positive","1","4.000000","120","0.400000","15"
"grave_tar","Grave Tar","ogcd_GraveTar","Morrowind Creatures Merge.esp","LoreRim - Alchemy Tweaks.esp","040009F2","FE3069F2","damage_health","Damage Health","REQ_Alch_DamageHealth","Skyrim.esm","Requiem - Alchemy Redone.esp","0003EB42","0003EB42","negative","2","8.000000","0","0.400000","15"
"grave_tar","Grave Tar","ogcd_GraveTar","Morrowind Creatures Merge.esp","LoreRim - Alchemy Tweaks.esp","040009F2","FE3069F2","fortify_stamina","Fortify Stamina","REQ_Alch_FortifyStamina","Skyrim.esm","Requiem - Alchemy Redone.esp","0003EAF9","0003EAF9","positive","3","8.000000","300","0.400000","15"
"grave_tar","Grave Tar","ogcd_GraveTar","Morrowind Creatures Merge.esp","LoreRim - Alchemy Tweaks.esp","040009F2","FE3069F2","slow","Slow","REQ_Alch_Slow","Skyrim.esm","Requiem - Alchemy Redone.esp","00073F25","00073F25","negative","4","50.000000","4","0.400000","15"
"charred_human_flesh","Charred Human Flesh","HumanFleshCharred","ManEaterGiants.esp","LoreRim - Alchemy Tweaks.esp","01000803","FE28B803","damage_stamina","Damage Stamina","REQ_Alch_DamageStamina","Skyrim.esm","LoreRim - Alchemy Tweaks.esp","0003A2C6","0003A2C6","negative","1","16.000000","0","0.250000","1"
"charred_human_flesh","Charred Human Flesh","HumanFleshCharred","ManEaterGiants.esp","LoreRim - Alchemy Tweaks.esp","01000803","FE28B803","weakness_to_fire","Weakness to Fire","REQ_Alch_WeaknessFire","Skyrim.esm","Requiem - Alchemy Redone.esp","00073F2D","00073F2D","negative","2","4.000000","30","0.250000","1"
"charred_human_flesh","Charred Human Flesh","HumanFleshCharred","ManEaterGiants.esp","LoreRim - Alchemy Tweaks.esp","01000803","FE28B803","damage_stamina_regeneration","Damage Stamina Regeneration","REQ_Alch_DamageStaminaRegeneration","Skyrim.esm","Requiem - Alchemy Redone.esp","00073F2C","00073F2C","negative","3","32.000000","60","0.250000","1"
"charred_human_flesh","Charred Human Flesh","HumanFleshCharred","ManEaterGiants.esp","LoreRim - Alchemy Tweaks.esp","01000803","FE28B803","frenzy","Frenzy","REQ_Alch_Frenzy","Skyrim.esm","Requiem - Alchemy Redone.esp","00073F29","00073F29","negative","4","2.000000","15","0.250000","1"
"large_antlers","Large Antlers","dtaHagravenElkHorn02","Dynamic Things Alternative.esp","LoreRim - Alchemy Tweaks.esp","04000835","FE244835","fortify_unarmed","Fortify Unarmed","REQ_Alch_FortifyUnarmed","Requiem.esp","Requiem - Alchemy Redone.esp","0A020E2B","7F020E2B","positive","1","1.000000","120","0.400000","25"
"large_antlers","Large Antlers","dtaHagravenElkHorn02","Dynamic Things Alternative.esp","LoreRim - Alchemy Tweaks.esp","04000835","FE244835","fortify_stamina","Fortify Stamina","REQ_Alch_FortifyStamina","Skyrim.esm","Requiem - Alchemy Redone.esp","0003EAF9","0003EAF9","positive","2","8.000000","300","0.400000","25"
"large_antlers","Large Antlers","dtaHagravenElkHorn02","Dynamic Things Alternative.esp","LoreRim - Alchemy Tweaks.esp","04000835","FE244835","slow","Slow","REQ_Alch_Slow","Skyrim.esm","Requiem - Alchemy Redone.esp","00073F25","00073F25","negative","3","50.000000","6","0.400000","25"
"large_antlers","Large Antlers","dtaHagravenElkHorn02","Dynamic Things Alternative.esp","LoreRim - Alchemy Tweaks.esp","04000835","FE244835","damage_strength","Damage Strength","REQ_Alch_DamageStrength","Requiem - Alchemy Redone.esp","Requiem - Alchemy Redone.esp","07000816","FE62D816","negative","4","4.000000","30","0.400000","25"
"large_antlers","Large Antlers","dtaHagravenElkHorn01","Dynamic Things Alternative.esp","LoreRim - Alchemy Tweaks.esp","04000834","FE244834","fortify_unarmed","Fortify Unarmed","REQ_Alch_FortifyUnarmed","Requiem.esp","Requiem - Alchemy Redone.esp","0A020E2B","7F020E2B","positive","1","1.000000","120","0.400000","25"
"large_antlers","Large Antlers","dtaHagravenElkHorn01","Dynamic Things Alternative.esp","LoreRim - Alchemy Tweaks.esp","04000834","FE244834","fortify_stamina","Fortify Stamina","REQ_Alch_FortifyStamina","Skyrim.esm","Requiem - Alchemy Redone.esp","0003EAF9","0003EAF9","positive","2","8.000000","300","0.400000","25"
"large_antlers","Large Antlers","dtaHagravenElkHorn01","Dynamic Things Alternative.esp","LoreRim - Alchemy Tweaks.esp","04000834","FE244834","slow","Slow","REQ_Alch_Slow","Skyrim.esm","Requiem - Alchemy Redone.esp","00073F25","00073F25","negative","3","50.000000","6","0.400000","25"
"large_antlers","Large Antlers","dtaHagravenElkHorn01","Dynamic Things Alternative.esp","LoreRim - Alchemy Tweaks.esp","04000834","FE244834","damage_strength","Damage Strength","REQ_Alch_DamageStrength","Requiem - Alchemy Redone.esp","Requiem - Alchemy Redone.esp","07000816","FE62D816","negative","4","4.000000","30","0.400000","25"
"mussels","Mussels","Mussels","ShoresofSkyrim.esp","LoreRim - Alchemy Tweaks.esp","05000A5D","FE16BA5D","restore_health","Restore Health","REQ_Alch_RestoreHealth","Skyrim.esm","Requiem - Alchemy Redone.esp","0003EB15","0003EB15","positive","1","1.000000","20","0.200000","2"
"mussels","Mussels","Mussels","ShoresofSkyrim.esp","LoreRim - Alchemy Tweaks.esp","05000A5D","FE16BA5D","fortify_one_handed","Fortify One-Handed","REQ_Alch_FortifyDamage_OneHanded","Skyrim.esm","Requiem - Alchemy Redone.esp","0003EB19","0003EB19","positive","2","4.000000","120","0.200000","2"
"mussels","Mussels","Mussels","ShoresofSkyrim.esp","LoreRim - Alchemy Tweaks.esp","05000A5D","FE16BA5D","damage_stamina","Damage Stamina","REQ_Alch_DamageStamina","Skyrim.esm","LoreRim - Alchemy Tweaks.esp","0003A2C6","0003A2C6","negative","3","16.000000","0","0.200000","2"
"mussels","Mussels","Mussels","ShoresofSkyrim.esp","LoreRim - Alchemy Tweaks.esp","05000A5D","FE16BA5D","weakness_to_magic","Weakness to Magic","REQ_Alch_WeaknessMagic","Skyrim.esm","Requiem - Alchemy Redone.esp","00073F51","00073F51","negative","4","2.000000","30","0.200000","2"
"sprite_dust","Sprite Dust","FairyDust","melyfairy.esl","LoreRim - Alchemy Tweaks.esp","0500080E","FE08D80E","resist_magic","Resist Magic","REQ_Alch_ResistMagic","Skyrim.esm","Requiem - Alchemy Redone.esp","00039E51","00039E51","positive","1","2.000000","120","0.200000","20"
"sprite_dust","Sprite Dust","FairyDust","melyfairy.esl","LoreRim - Alchemy Tweaks.esp","0500080E","FE08D80E","weakness_to_shock","Weakness to Shock","REQ_Alch_WeaknessShock","Skyrim.esm","Requiem - Alchemy Redone.esp","00073F2F","00073F2F","negative","2","4.000000","30","0.200000","20"
"sprite_dust","Sprite Dust","FairyDust","melyfairy.esl","LoreRim - Alchemy Tweaks.esp","0500080E","FE08D80E","invisibility","Invisibility","REQ_Alch_Invisibillity","Skyrim.esm","Requiem - Alchemy Redone.esp","0003EB3D","0003EB3D","positive","3","0.000000","4","0.200000","20"
"sprite_dust","Sprite Dust","FairyDust","melyfairy.esl","LoreRim - Alchemy Tweaks.esp","0500080E","FE08D80E","waterwalking","Waterwalking","AlchWaterWalking","Dragonborn.esm","Dragonborn.esm","020390E1","040390E1","positive","4","0.000000","120","0.200000","20"
"sprite_dust","Sprite Dust","FairyDust3","melyfairy.esl","LoreRim - Alchemy Tweaks.esp","0500080D","FE08D80D","restore_health","Restore Health","REQ_Alch_RestoreHealth","Skyrim.esm","Requiem - Alchemy Redone.esp","0003EB15","0003EB15","positive","1","1.000000","20","0.200000","20"
"sprite_dust","Sprite Dust","FairyDust3","melyfairy.esl","LoreRim - Alchemy Tweaks.esp","0500080D","FE08D80D","weakness_to_magic","Weakness to Magic","REQ_Alch_WeaknessMagic","Skyrim.esm","Requiem - Alchemy Redone.esp","00073F51","00073F51","negative","2","2.000000","30","0.200000","20"
"sprite_dust","Sprite Dust","FairyDust3","melyfairy.esl","LoreRim - Alchemy Tweaks.esp","0500080D","FE08D80D","fortify_jump","Fortify Jump","REQ_Alch_FortifyEnchanting","Skyrim.esm","LoreRim - Alchemy Tweaks.esp","0003EB29","0003EB29","positive","3","20.000000","120","0.200000","20"
"sprite_dust","Sprite Dust","FairyDust3","melyfairy.esl","LoreRim - Alchemy Tweaks.esp","0500080D","FE08D80D","waterwalking","Waterwalking","AlchWaterWalking","Dragonborn.esm","Dragonborn.esm","020390E1","040390E1","positive","4","0.000000","120","0.200000","20"
"sprite_dust","Sprite Dust","FairyDust2","melyfairy.esl","LoreRim - Alchemy Tweaks.esp","0500080C","FE08D80C","reflect_damage","Reflect Damage","REQ_Alch_FortifyReflect","Skyrim.esm","LoreRim - Alchemy Tweaks.esp","0003EB1D","0003EB1D","positive","1","4.000000","120","0.200000","20"
"sprite_dust","Sprite Dust","FairyDust2","melyfairy.esl","LoreRim - Alchemy Tweaks.esp","0500080C","FE08D80C","weakness_to_fire","Weakness to Fire","REQ_Alch_WeaknessFire","Skyrim.esm","Requiem - Alchemy Redone.esp","00073F2D","00073F2D","negative","2","4.000000","30","0.200000","20"
"sprite_dust","Sprite Dust","FairyDust2","melyfairy.esl","LoreRim - Alchemy Tweaks.esp","0500080C","FE08D80C","waterbreathing","Waterbreathing","REQ_Alch_Waterbreathing","Skyrim.esm","Requiem - Alchemy Redone.esp","0003AC2D","0003AC2D","positive","3","0.000000","24","0.200000","20"
"sprite_dust","Sprite Dust","FairyDust2","melyfairy.esl","LoreRim - Alchemy Tweaks.esp","0500080C","FE08D80C","waterwalking","Waterwalking","AlchWaterWalking","Dragonborn.esm","Dragonborn.esm","020390E1","040390E1","positive","4","0.000000","120","0.200000","20"
"seagull_feathers","Seagull Feathers","EN_SeagullFeathers","BIRDS.esl","LoreRim - Alchemy Tweaks.esp","050009B9","FE0849B9","fortify_jump","Fortify Jump","REQ_Alch_FortifyEnchanting","Skyrim.esm","LoreRim - Alchemy Tweaks.esp","0003EB29","0003EB29","positive","1","20.000000","120","0.100000","2"
"seagull_feathers","Seagull Feathers","EN_SeagullFeathers","BIRDS.esl","LoreRim - Alchemy Tweaks.esp","050009B9","FE0849B9","frenzy","Frenzy","REQ_Alch_Frenzy","Skyrim.esm","Requiem - Alchemy Redone.esp","00073F29","00073F29","negative","2","2.000000","15","0.100000","2"
"seagull_feathers","Seagull Feathers","EN_SeagullFeathers","BIRDS.esl","LoreRim - Alchemy Tweaks.esp","050009B9","FE0849B9","fortify_stamina_regeneration","Fortify Stamina Regeneration","REQ_Alch_FortifyStaminaRegeneration","Skyrim.esm","Requiem - Alchemy Redone.esp","0003EB08","0003EB08","positive","3","16.000000","300","0.100000","2"
"seagull_feathers","Seagull Feathers","EN_SeagullFeathers","BIRDS.esl","LoreRim - Alchemy Tweaks.esp","050009B9","FE0849B9","fortify_sneak","Fortify Sneak","REQ_Alch_FortifySneak","Skyrim.esm","Requiem - Alchemy Redone.esp","0003EB22","0003EB22","positive","4","4.000000","120","0.100000","2"
"raven_feathers","Raven Feathers","EN_RavenFeathers","BIRDS.esl","LoreRim - Alchemy Tweaks.esp","05000802","FE084802","night_eye","Night Eye","NightEyeEffect","Skyrim.esm","Skyrim.esm","0006B10C","0006B10C","positive","1","2.000000","30","0.100000","10"
"raven_feathers","Raven Feathers","EN_RavenFeathers","BIRDS.esl","LoreRim - Alchemy Tweaks.esp","05000802","FE084802","fortify_barter","Fortify Barter","REQ_Alch_FortifyBarter","Skyrim.esm","Requiem - Alchemy Redone.esp","0003EB23","0003EB23","positive","2","2.000000","120","0.100000","10"
"raven_feathers","Raven Feathers","EN_RavenFeathers","BIRDS.esl","LoreRim - Alchemy Tweaks.esp","05000802","FE084802","fortify_pickpocket","Fortify Pickpocket","REQ_Alch_FortifyPickpocket","Skyrim.esm","Requiem - Alchemy Redone.esp","0003EB20","0003EB20","positive","3","4.000000","120","0.100000","10"
"raven_feathers","Raven Feathers","EN_RavenFeathers","BIRDS.esl","LoreRim - Alchemy Tweaks.esp","05000802","FE084802","fortify_sneak","Fortify Sneak","REQ_Alch_FortifySneak","Skyrim.esm","Requiem - Alchemy Redone.esp","0003EB22","0003EB22","positive","4","4.000000","120","0.100000","10"
"aloe_vera_leaves","Aloe Vera Leaves","RP_AloeVeraLeaves01","_ResourcePack.esl","LoreRim - Alchemy Tweaks.esp","030000D0","FE0400D0","restore_health","Restore Health","REQ_Alch_RestoreHealth","Skyrim.esm","Requiem - Alchemy Redone.esp","0003EB15","0003EB15","positive","1","5.000000","0","0.100000","1"
"aloe_vera_leaves","Aloe Vera Leaves","RP_AloeVeraLeaves01","_ResourcePack.esl","LoreRim - Alchemy Tweaks.esp","030000D0","FE0400D0","restore_stamina","Restore Stamina","REQ_Alch_RestoreStamina","Skyrim.esm","Requiem - Alchemy Redone.esp","0003EB16","0003EB16","positive","2","5.000000","0","0.100000","1"
"aloe_vera_leaves","Aloe Vera Leaves","RP_AloeVeraLeaves01","_ResourcePack.esl","LoreRim - Alchemy Tweaks.esp","030000D0","FE0400D0","damage_magicka","Damage Magicka","REQ_Alch_DamageMagicka","Skyrim.esm","LoreRim - Alchemy Tweaks.esp","0003A2B6","0003A2B6","negative","3","5.000000","0","0.100000","1"
"aloe_vera_leaves","Aloe Vera Leaves","RP_AloeVeraLeaves01","_ResourcePack.esl","LoreRim - Alchemy Tweaks.esp","030000D0","FE0400D0","invisibility","Invisibility","REQ_Alch_Invisibillity","Skyrim.esm","Requiem - Alchemy Redone.esp","0003EB3D","0003EB3D","positive","4","0.000000","2","0.100000","1"
"healing_salts","Healing Salts","ccKRTSSE001_SaltPile","cckrtsse001_altar.esl","LoreRim - Alchemy Tweaks.esp","05000F86","FE03EF86","weakness_to_magic","Weakness to Magic","REQ_Alch_WeaknessMagic","Skyrim.esm","Requiem - Alchemy Redone.esp","00073F51","00073F51","negative","1","3.000000","30","0.200000","4"
"healing_salts","Healing Salts","ccKRTSSE001_SaltPile","cckrtsse001_altar.esl","LoreRim - Alchemy Tweaks.esp","05000F86","FE03EF86","fortify_restoration","Fortify Restoration","REQ_Alch_FortifyRestoration","Skyrim.esm","Requiem - Alchemy Redone.esp","0003EB28","0003EB28","positive","2","2.000000","120","0.200000","4"
"healing_salts","Healing Salts","ccKRTSSE001_SaltPile","cckrtsse001_altar.esl","LoreRim - Alchemy Tweaks.esp","05000F86","FE03EF86","slow","Slow","REQ_Alch_Slow","Skyrim.esm","Requiem - Alchemy Redone.esp","00073F25","00073F25","negative","3","50.000000","6","0.200000","4"
"healing_salts","Healing Salts","ccKRTSSE001_SaltPile","cckrtsse001_altar.esl","LoreRim - Alchemy Tweaks.esp","05000F86","FE03EF86","fortify_magicka_regeneration","Fortify Magicka Regeneration","REQ_Alch_FortifyMagickaRegeneration","Skyrim.esm","Requiem - Alchemy Redone.esp","0003EB07","0003EB07","positive","4","16.000000","300","0.200000","4"
"ironwood_fruit","Ironwood Fruit","ccKRTSSE001_IronwoodNut","cckrtsse001_altar.esl","LoreRim - Alchemy Tweaks.esp","05000F0F","FE03EF0F","restore_health","Restore Health","REQ_Alch_RestoreHealth","Skyrim.esm","Requiem - Alchemy Redone.esp","0003EB15","0003EB15","positive","1","1.000000","20","0.100000","5"
"ironwood_fruit","Ironwood Fruit","ccKRTSSE001_IronwoodNut","cckrtsse001_altar.esl","LoreRim - Alchemy Tweaks.esp","05000F0F","FE03EF0F","resist_fire","Resist Fire","REQ_Alch_ResistFire","Skyrim.esm","Requiem - Alchemy Redone.esp","0003EAEA","0003EAEA","positive","2","4.000000","120","0.100000","5"
"ironwood_fruit","Ironwood Fruit","ccKRTSSE001_IronwoodNut","cckrtsse001_altar.esl","LoreRim - Alchemy Tweaks.esp","05000F0F","FE03EF0F","damage_stamina","Damage Stamina","REQ_Alch_DamageStamina","Skyrim.esm","LoreRim - Alchemy Tweaks.esp","0003A2C6","0003A2C6","negative","3","16.000000","0","0.100000","5"
"ironwood_fruit","Ironwood Fruit","ccKRTSSE001_IronwoodNut","cckrtsse001_altar.esl","LoreRim - Alchemy Tweaks.esp","05000F0F","FE03EF0F","restore_magicka","Restore Magicka","REQ_Alch_RestoreMagicka","Skyrim.esm","Requiem - Alchemy Redone.esp","0003EB17","0003EB17","positive","4","2.000000","20","0.100000","5"
"simon_rodaynes_heart","Simon Rodayne's Heart","ccEDHSSE002_HumanHeart","ccedhsse002-splkntset.esl","LoreRim - Alchemy Tweaks.esp","0500085D","FE02A85D","damage_health","Damage Health","REQ_Alch_DamageHealth","Skyrim.esm","Requiem - Alchemy Redone.esp","0003EB42","0003EB42","negative","1","8.000000","0","0.400000","0"
"simon_rodaynes_heart","Simon Rodayne's Heart","ccEDHSSE002_HumanHeart","ccedhsse002-splkntset.esl","LoreRim - Alchemy Tweaks.esp","0500085D","FE02A85D","damage_magicka","Damage Magicka","REQ_Alch_DamageMagicka","Skyrim.esm","LoreRim - Alchemy Tweaks.esp","0003A2B6","0003A2B6","negative","2","16.000000","0","0.400000","0"
"simon_rodaynes_heart","Simon Rodayne's Heart","ccEDHSSE002_HumanHeart","ccedhsse002-splkntset.esl","LoreRim - Alchemy Tweaks.esp","0500085D","FE02A85D","damage_magicka_regeneration","Damage Magicka Regeneration","REQ_Alch_DamageMagickaRegeneration","Skyrim.esm","Requiem - Alchemy Redone.esp","00073F2B","00073F2B","negative","3","32.000000","60","0.400000","0"
"simon_rodaynes_heart","Simon Rodayne's Heart","ccEDHSSE002_HumanHeart","ccedhsse002-splkntset.esl","LoreRim - Alchemy Tweaks.esp","0500085D","FE02A85D","frenzy","Frenzy","REQ_Alch_Frenzy","Skyrim.esm","Requiem - Alchemy Redone.esp","00073F29","00073F29","negative","4","3.000000","15","0.400000","0"
"corrupted_human_heart","Corrupted Human Heart","ccEDHSSE002_CorruptedHumanHeart","ccedhsse002-splkntset.esl","LoreRim - Alchemy Tweaks.esp","0500085B","FE02A85B","damage_health","Damage Health","REQ_Alch_DamageHealth","Skyrim.esm","Requiem - Alchemy Redone.esp","0003EB42","0003EB42","negative","1","8.000000","0","0.400000","10"
"corrupted_human_heart","Corrupted Human Heart","ccEDHSSE002_CorruptedHumanHeart","ccedhsse002-splkntset.esl","LoreRim - Alchemy Tweaks.esp","0500085B","FE02A85B","damage_magicka","Damage Magicka","REQ_Alch_DamageMagicka","Skyrim.esm","LoreRim - Alchemy Tweaks.esp","0003A2B6","0003A2B6","negative","2","16.000000","0","0.400000","10"
"corrupted_human_heart","Corrupted Human Heart","ccEDHSSE002_CorruptedHumanHeart","ccedhsse002-splkntset.esl","LoreRim - Alchemy Tweaks.esp","0500085B","FE02A85B","damage_magicka_regeneration","Damage Magicka Regeneration","REQ_Alch_DamageMagickaRegeneration","Skyrim.esm","Requiem - Alchemy Redone.esp","00073F2B","00073F2B","negative","3","32.000000","60","0.400000","10"
"corrupted_human_heart","Corrupted Human Heart","ccEDHSSE002_CorruptedHumanHeart","ccedhsse002-splkntset.esl","LoreRim - Alchemy Tweaks.esp","0500085B","FE02A85B","frenzy","Frenzy","REQ_Alch_Frenzy","Skyrim.esm","Requiem - Alchemy Redone.esp","00073F29","00073F29","negative","4","3.000000","15","0.400000","10"
"steel_blue_entoloma","Steel-Blue Entoloma","ccBGSSSE040_Mushroom01","ccbgssse040-advobgobs.esl","LoreRim - Alchemy Tweaks.esp","05000832","FE021832","restore_magicka","Restore Magicka","REQ_Alch_RestoreMagicka","Skyrim.esm","Requiem - Alchemy Redone.esp","0003EB17","0003EB17","positive","1","2.000000","20","0.100000","2"
"steel_blue_entoloma","Steel-Blue Entoloma","ccBGSSSE040_Mushroom01","ccbgssse040-advobgobs.esl","LoreRim - Alchemy Tweaks.esp","05000832","FE021832","fortify_destruction","Fortify Destruction","REQ_Alch_FortifyDestruction","Skyrim.esm","Requiem - Alchemy Redone.esp","0003EB26","0003EB26","positive","2","4.000000","120","0.100000","2"
"steel_blue_entoloma","Steel-Blue Entoloma","ccBGSSSE040_Mushroom01","ccbgssse040-advobgobs.esl","LoreRim - Alchemy Tweaks.esp","05000832","FE021832","resist_frost","Resist Frost","REQ_Alch_ResistFrost","Skyrim.esm","Requiem - Alchemy Redone.esp","0003EAEB","0003EAEB","positive","3","4.000000","120","0.100000","2"
"steel_blue_entoloma","Steel-Blue Entoloma","ccBGSSSE040_Mushroom01","ccbgssse040-advobgobs.esl","LoreRim - Alchemy Tweaks.esp","05000832","FE021832","fortify_carry_weight","Fortify Carry Weight","REQ_Alch_FortifyCarryWeight","Skyrim.esm","Requiem - Alchemy Redone.esp","0003EB01","0003EB01","positive","4","4.000000","600","0.100000","2"
"bog_beacon","Bog Beacon","ccBGSSSE037_BogBeacon","ccBGSSSE037-Curios.esl","LoreRim - Alchemy Tweaks.esp","05000D6C","FE016D6C","restore_magicka","Restore Magicka","REQ_Alch_RestoreMagicka","Skyrim.esm","Requiem - Alchemy Redone.esp","0003EB17","0003EB17","positive","1","1.000000","20","0.100000","20"
"bog_beacon","Bog Beacon","ccBGSSSE037_BogBeacon","ccBGSSSE037-Curios.esl","LoreRim - Alchemy Tweaks.esp","05000D6C","FE016D6C","fortify_speed","Fortify Speed","REQ_Alch_FortifySpeed","Skyrim.esm","Requiem - Alchemy Redone.esp","0003EB1F","0003EB1F","positive","2","1.500000","120","0.100000","20"
"bog_beacon","Bog Beacon","ccBGSSSE037_BogBeacon","ccBGSSSE037-Curios.esl","LoreRim - Alchemy Tweaks.esp","05000D6C","FE016D6C","fear","Fear","REQ_Alch_Fear","Skyrim.esm","Requiem - Alchemy Redone.esp","00073F20","00073F20","negative","3","2.000000","15","0.100000","20"
"bog_beacon","Bog Beacon","ccBGSSSE037_BogBeacon","ccBGSSSE037-Curios.esl","LoreRim - Alchemy Tweaks.esp","05000D6C","FE016D6C","damage_stamina","Damage Stamina","REQ_Alch_DamageStamina","Skyrim.esm","LoreRim - Alchemy Tweaks.esp","0003A2C6","0003A2C6","negative","4","16.000000","0","0.100000","20"
"blister_pod_cap","Blister Pod Cap","ccBGSSSE037_BlisterPodCap","ccBGSSSE037-Curios.esl","LoreRim - Alchemy Tweaks.esp","05000D6A","FE016D6A","restore_magicka","Restore Magicka","REQ_Alch_RestoreMagicka","Skyrim.esm","Requiem - Alchemy Redone.esp","0003EB17","0003EB17","positive","1","1.000000","20","0.100000","50"
"blister_pod_cap","Blister Pod Cap","ccBGSSSE037_BlisterPodCap","ccBGSSSE037-Curios.esl","LoreRim - Alchemy Tweaks.esp","05000D6A","FE016D6A","fortify_magicka","Fortify Magicka","REQ_Alch_FortifyMagicka","Skyrim.esm","Requiem - Alchemy Redone.esp","0003EAF8","0003EAF8","positive","2","8.000000","300","0.100000","50"
"blister_pod_cap","Blister Pod Cap","ccBGSSSE037_BlisterPodCap","ccBGSSSE037-Curios.esl","LoreRim - Alchemy Tweaks.esp","05000D6A","FE016D6A","night_eye","Night Eye","ccBGSSSE037_NightEyeEffect","ccBGSSSE037-Curios.esl","ccBGSSSE037-Curios.esl","05000803","FE016803","positive","3","0.000000","300","0.100000","50"
"blister_pod_cap","Blister Pod Cap","ccBGSSSE037_BlisterPodCap","ccBGSSSE037-Curios.esl","LoreRim - Alchemy Tweaks.esp","05000D6A","FE016D6A","invisibility","Invisibility","REQ_Alch_Invisibillity","Skyrim.esm","Requiem - Alchemy Redone.esp","0003EB3D","0003EB3D","positive","4","0.000000","6","0.100000","50"
"bittergreen_petals","Bittergreen Petals","ccBGSSSE037_BittergreenPetals","ccBGSSSE037-Curios.esl","LoreRim - Alchemy Tweaks.esp","05000D68","FE016D68","lingering_damage_stamina","Lingering Damage Stamina","REQ_Alch_LingeringDamageStamina","Skyrim.esm","LoreRim - Alchemy Tweaks.esp","0010DE5E","0010DE5E","negative","1","2.000000","15","0.100000","25"
"bittergreen_petals","Bittergreen Petals","ccBGSSSE037_BittergreenPetals","ccBGSSSE037-Curios.esl","LoreRim - Alchemy Tweaks.esp","05000D68","FE016D68","invisibility","Invisibility","REQ_Alch_Invisibillity","Skyrim.esm","Requiem - Alchemy Redone.esp","0003EB3D","0003EB3D","positive","2","0.000000","5","0.100000","25"
"bittergreen_petals","Bittergreen Petals","ccBGSSSE037_BittergreenPetals","ccBGSSSE037-Curios.esl","LoreRim - Alchemy Tweaks.esp","05000D68","FE016D68","cure_poison","Cure Poison","REQ_Alch_CurePoison","Skyrim.esm","Requiem - Alchemy Redone.esp","00109ADD","00109ADD","positive","3","2.000000","0","0.100000","25"
"bittergreen_petals","Bittergreen Petals","ccBGSSSE037_BittergreenPetals","ccBGSSSE037-Curios.esl","LoreRim - Alchemy Tweaks.esp","05000D68","FE016D68","damage_magicka","Damage Magicka","REQ_Alch_DamageMagicka","Skyrim.esm","LoreRim - Alchemy Tweaks.esp","0003A2B6","0003A2B6","negative","4","16.000000","0","0.100000","25"
"aster_bloom_core","Aster Bloom Core","ccBGSSSE037_AsterBloomCore","ccBGSSSE037-Curios.esl","LoreRim - Alchemy Tweaks.esp","05000D66","FE016D66","resist_magic","Resist Magic","REQ_Alch_ResistMagic","Skyrim.esm","Requiem - Alchemy Redone.esp","00039E51","00039E51","positive","1","2.000000","120","0.100000","100"
"aster_bloom_core","Aster Bloom Core","ccBGSSSE037_AsterBloomCore","ccBGSSSE037-Curios.esl","LoreRim - Alchemy Tweaks.esp","05000D66","FE016D66","fortify_speed","Fortify Speed","REQ_Alch_FortifySpeed","Skyrim.esm","Requiem - Alchemy Redone.esp","0003EB1F","0003EB1F","positive","2","1.000000","120","0.100000","100"
"aster_bloom_core","Aster Bloom Core","ccBGSSSE037_AsterBloomCore","ccBGSSSE037-Curios.esl","LoreRim - Alchemy Tweaks.esp","05000D66","FE016D66","fortify_block","Fortify Block","REQ_Alch_FortifyBlock","Skyrim.esm","Requiem - Alchemy Redone.esp","0003EB1C","0003EB1C","positive","3","4.000000","120","0.100000","100"
"aster_bloom_core","Aster Bloom Core","ccBGSSSE037_AsterBloomCore","ccBGSSSE037-Curios.esl","LoreRim - Alchemy Tweaks.esp","05000D66","FE016D66","paralysis","Paralysis","REQ_Alch_Paralysis","Skyrim.esm","Big Tweaks.esp","00073F30","00073F30","negative","4","0.000000","2","0.100000","100"
"alocasia_fruit","Alocasia Fruit","ccBGSSSE037_AlocasiaFruit","ccBGSSSE037-Curios.esl","LoreRim - Alchemy Tweaks.esp","05000D62","FE016D62","fortify_stamina_regeneration","Fortify Stamina Regeneration","REQ_Alch_FortifyStaminaRegeneration","Skyrim.esm","Requiem - Alchemy Redone.esp","0003EB08","0003EB08","positive","1","24.000000","300","0.250000","40"
"alocasia_fruit","Alocasia Fruit","ccBGSSSE037_AlocasiaFruit","ccBGSSSE037-Curios.esl","LoreRim - Alchemy Tweaks.esp","05000D62","FE016D62","light","Light","ccBGSSSE037_LightFFSelf","ccBGSSSE037-Curios.esl","ccBGSSSE037-Curios.esl","05000846","FE016846","positive","2","0.000000","300","0.250000","40"
"alocasia_fruit","Alocasia Fruit","ccBGSSSE037_AlocasiaFruit","ccBGSSSE037-Curios.esl","LoreRim - Alchemy Tweaks.esp","05000D62","FE016D62","damage_maximum_magicka","Damage Maximum Magicka","REQ_Alch_DamageMaximumMagicka","Skyrim.esm","Requiem - Alchemy Redone.esp","00073F27","00073F27","negative","3","2.000000","10","0.250000","40"
"alocasia_fruit","Alocasia Fruit","ccBGSSSE037_AlocasiaFruit","ccBGSSSE037-Curios.esl","LoreRim - Alchemy Tweaks.esp","05000D62","FE016D62","fortify_health_regeneration","Fortify Health Regeneration","REQ_Alch_FortifyHealthRegeneration","Skyrim.esm","Requiem - Alchemy Redone.esp","0003EB06","0003EB06","positive","4","24.000000","300","0.250000","40"
"heart_of_order","Heart of Order","ccBGSSSE037_HeartofOrderIngredient","ccBGSSSE037-Curios.esl","LoreRim - Alchemy Tweaks.esp","05000851","FE016851","restore_health","Restore Health","REQ_Alch_RestoreHealth","Skyrim.esm","Requiem - Alchemy Redone.esp","0003EB15","0003EB15","positive","1","2.000000","20","0.400000","4000"
"heart_of_order","Heart of Order","ccBGSSSE037_HeartofOrderIngredient","ccBGSSSE037-Curios.esl","LoreRim - Alchemy Tweaks.esp","05000851","FE016851","fortify_health","Fortify Health","REQ_Alch_FortifyHealth","Skyrim.esm","Requiem - Alchemy Redone.esp","0003EAF3","0003EAF3","positive","2","16.000000","300","0.400000","4000"
"heart_of_order","Heart of Order","ccBGSSSE037_HeartofOrderIngredient","ccBGSSSE037-Curios.esl","LoreRim - Alchemy Tweaks.esp","05000851","FE016851","fortify_one_handed","Fortify One-Handed","REQ_Alch_FortifyDamage_OneHanded","Skyrim.esm","Requiem - Alchemy Redone.esp","0003EB19","0003EB19","positive","3","4.000000","120","0.400000","4000"
"heart_of_order","Heart of Order","ccBGSSSE037_HeartofOrderIngredient","ccBGSSSE037-Curios.esl","LoreRim - Alchemy Tweaks.esp","05000851","FE016851","fortify_two_handed","Fortify Two-Handed","REQ_Alch_FortifyDamage_TwoHanded","Skyrim.esm","Requiem - Alchemy Redone.esp","0003EB1A","0003EB1A","positive","4","4.000000","120","0.400000","4000"
"chokeberry","Chokeberry","ccBGSSSE037_Chokeberry","ccBGSSSE037-Curios.esl","LoreRim - Alchemy Tweaks.esp","05000838","FE016838","damage_health","Damage Health","REQ_Alch_DamageHealth","Skyrim.esm","Requiem - Alchemy Redone.esp","0003EB42","0003EB42","negative","1","8.000000","0","0.100000","15"
"chokeberry","Chokeberry","ccBGSSSE037_Chokeberry","ccBGSSSE037-Curios.esl","LoreRim - Alchemy Tweaks.esp","05000838","FE016838","damage_maximum_health","Damage Maximum Health","REQ_Alch_DamageMaximumHealth","Skyrim.esm","Requiem - Alchemy Redone.esp","00073F26","00073F26","negative","2","8.000000","60","0.100000","15"
"chokeberry","Chokeberry","ccBGSSSE037_Chokeberry","ccBGSSSE037-Curios.esl","LoreRim - Alchemy Tweaks.esp","05000838","FE016838","lingering_damage_health","Lingering Damage Health","REQ_Alch_LingeringDamageHealth","Skyrim.esm","Requiem - Alchemy Redone.esp","0010AA4A","0010AA4A","negative","3","1.000000","15","0.100000","15"
"chokeberry","Chokeberry","ccBGSSSE037_Chokeberry","ccBGSSSE037-Curios.esl","LoreRim - Alchemy Tweaks.esp","05000838","FE016838","weakness_to_poison","Weakness to Poison","REQ_Alch_WeaknessPoison","Skyrim.esm","Requiem - Alchemy Redone.esp","00090042","00090042","negative","4","6.000000","30","0.100000","15"
"lichor","Lichor","ccBGSSSE037_Lichor","ccBGSSSE037-Curios.esl","LoreRim - Alchemy Tweaks.esp","05000837","FE016837","restore_magicka","Restore Magicka","REQ_Alch_RestoreMagicka","Skyrim.esm","Requiem - Alchemy Redone.esp","0003EB17","0003EB17","positive","1","2.000000","20","0.100000","100"
"lichor","Lichor","ccBGSSSE037_Lichor","ccBGSSSE037-Curios.esl","LoreRim - Alchemy Tweaks.esp","05000837","FE016837","fortify_magicka_regeneration","Fortify Magicka Regeneration","REQ_Alch_FortifyMagickaRegeneration","Skyrim.esm","Requiem - Alchemy Redone.esp","0003EB07","0003EB07","positive","2","16.000000","300","0.100000","100"
"lichor","Lichor","ccBGSSSE037_Lichor","ccBGSSSE037-Curios.esl","LoreRim - Alchemy Tweaks.esp","05000837","FE016837","fortify_magicka","Fortify Magicka","REQ_Alch_FortifyMagicka","Skyrim.esm","Requiem - Alchemy Redone.esp","0003EAF8","0003EAF8","positive","3","8.000000","60","0.100000","100"
"lichor","Lichor","ccBGSSSE037_Lichor","ccBGSSSE037-Curios.esl","LoreRim - Alchemy Tweaks.esp","05000837","FE016837","spell_absorption","Spell Absorption","ccBGSSSE037_RaceBretonAbsorbSpellChance","ccBGSSSE037-Curios.esl","ccBGSSSE037-Curios.esl","05000812","FE016812","positive","4","1.000000","60","0.100000","100"
"ambrosia","Ambrosia","ccBGSSSE037_Ambrosia","ccBGSSSE037-Curios.esl","LoreRim - Alchemy Tweaks.esp","05000836","FE016836","restore_health","Restore Health","REQ_Alch_RestoreHealth","Skyrim.esm","Requiem - Alchemy Redone.esp","0003EB15","0003EB15","positive","1","2.000000","20","0.100000","40"
"ambrosia","Ambrosia","ccBGSSSE037_Ambrosia","ccBGSSSE037-Curios.esl","LoreRim - Alchemy Tweaks.esp","05000836","FE016836","fortify_health_regeneration","Fortify Health Regeneration","REQ_Alch_FortifyHealthRegeneration","Skyrim.esm","Requiem - Alchemy Redone.esp","0003EB06","0003EB06","positive","2","16.000000","300","0.100000","40"
"ambrosia","Ambrosia","ccBGSSSE037_Ambrosia","ccBGSSSE037-Curios.esl","LoreRim - Alchemy Tweaks.esp","05000836","FE016836","fortify_health","Fortify Health","REQ_Alch_FortifyHealth","Skyrim.esm","Requiem - Alchemy Redone.esp","0003EAF3","0003EAF3","positive","3","8.000000","300","0.100000","40"
"ambrosia","Ambrosia","ccBGSSSE037_Ambrosia","ccBGSSSE037-Curios.esl","LoreRim - Alchemy Tweaks.esp","05000836","FE016836","cure_poison","Cure Poison","REQ_Alch_CurePoison","Skyrim.esm","Requiem - Alchemy Redone.esp","00109ADD","00109ADD","positive","4","2.000000","0","0.100000","40"
"hackle_lo_leaf","Hackle-Lo Leaf","ccBGSSSE037_HackleLoLeaf","ccBGSSSE037-Curios.esl","LoreRim - Alchemy Tweaks.esp","0500082E","FE01682E","restore_stamina","Restore Stamina","REQ_Alch_RestoreStamina","Skyrim.esm","Requiem - Alchemy Redone.esp","0003EB16","0003EB16","positive","1","2.000000","20","0.100000","50"
"hackle_lo_leaf","Hackle-Lo Leaf","ccBGSSSE037_HackleLoLeaf","ccBGSSSE037-Curios.esl","LoreRim - Alchemy Tweaks.esp","0500082E","FE01682E","paralysis","Paralysis","REQ_Alch_Paralysis","Skyrim.esm","Big Tweaks.esp","00073F30","00073F30","negative","2","0.000000","2","0.100000","50"
"hackle_lo_leaf","Hackle-Lo Leaf","ccBGSSSE037_HackleLoLeaf","ccBGSSSE037-Curios.esl","LoreRim - Alchemy Tweaks.esp","0500082E","FE01682E","waterbreathing","Waterbreathing","REQ_Alch_Waterbreathing","Skyrim.esm","Requiem - Alchemy Redone.esp","0003AC2D","0003AC2D","positive","3","0.000000","24","0.100000","50"
"hackle_lo_leaf","Hackle-Lo Leaf","ccBGSSSE037_HackleLoLeaf","ccBGSSSE037-Curios.esl","LoreRim - Alchemy Tweaks.esp","0500082E","FE01682E","fortify_restoration","Fortify Restoration","REQ_Alch_FortifyRestoration","Skyrim.esm","Requiem - Alchemy Redone.esp","0003EB28","0003EB28","positive","4","4.000000","120","0.100000","50"
"gold_kanet","Gold Kanet","ccBGSSSE037_GoldKanet","ccBGSSSE037-Curios.esl","LoreRim - Alchemy Tweaks.esp","0500082D","FE01682D","paralysis","Paralysis","REQ_Alch_Paralysis","Skyrim.esm","Big Tweaks.esp","00073F30","00073F30","negative","1","0.000000","2","0.100000","50"
"gold_kanet","Gold Kanet","ccBGSSSE037_GoldKanet","ccBGSSSE037-Curios.esl","LoreRim - Alchemy Tweaks.esp","0500082D","FE01682D","damage_maximum_health","Damage Maximum Health","REQ_Alch_DamageMaximumHealth","Skyrim.esm","Requiem - Alchemy Redone.esp","00073F26","00073F26","negative","2","8.000000","60","0.100000","50"
"gold_kanet","Gold Kanet","ccBGSSSE037_GoldKanet","ccBGSSSE037-Curios.esl","LoreRim - Alchemy Tweaks.esp","0500082D","FE01682D","weakness_to_frost","Weakness to Frost","REQ_Alch_WeaknessFrost","Skyrim.esm","Requiem - Alchemy Redone.esp","00073F2E","00073F2E","negative","3","4.000000","30","0.100000","50"
"gold_kanet","Gold Kanet","ccBGSSSE037_GoldKanet","ccBGSSSE037-Curios.esl","LoreRim - Alchemy Tweaks.esp","0500082D","FE01682D","fortify_two_handed","Fortify Two-Handed","REQ_Alch_FortifyDamage_TwoHanded","Skyrim.esm","Requiem - Alchemy Redone.esp","0003EB1A","0003EB1A","positive","4","4.000000","120","0.100000","50"
"gnarl_bark","Gnarl Bark","ccBGSSSE037_GnarlBark","ccBGSSSE037-Curios.esl","LoreRim - Alchemy Tweaks.esp","0500082C","FE01682C","damage_health","Damage Health","REQ_Alch_DamageHealth","Skyrim.esm","Requiem - Alchemy Redone.esp","0003EB42","0003EB42","negative","1","8.000000","0","0.100000","50"
"gnarl_bark","Gnarl Bark","ccBGSSSE037_GnarlBark","ccBGSSSE037-Curios.esl","LoreRim - Alchemy Tweaks.esp","0500082C","FE01682C","fortify_health_regeneration","Fortify Health Regeneration","REQ_Alch_FortifyHealthRegeneration","Skyrim.esm","Requiem - Alchemy Redone.esp","0003EB06","0003EB06","positive","2","16.000000","300","0.100000","50"
"gnarl_bark","Gnarl Bark","ccBGSSSE037_GnarlBark","ccBGSSSE037-Curios.esl","LoreRim - Alchemy Tweaks.esp","0500082C","FE01682C","fortify_speed","Fortify Speed","REQ_Alch_FortifySpeed","Skyrim.esm","Requiem - Alchemy Redone.esp","0003EB1F","0003EB1F","positive","3","2.000000","120","0.100000","50"
"gnarl_bark","Gnarl Bark","ccBGSSSE037_GnarlBark","ccBGSSSE037-Curios.esl","LoreRim - Alchemy Tweaks.esp","0500082C","FE01682C","resist_fire","Resist Fire","REQ_Alch_ResistFire","Skyrim.esm","Requiem - Alchemy Redone.esp","0003EAEA","0003EAEA","positive","4","4.000000","120","0.100000","50"
"fungus_stalk","Fungus Stalk","ccBGSSSE037_FungusStalk","ccBGSSSE037-Curios.esl","LoreRim - Alchemy Tweaks.esp","0500082B","FE01682B","restore_stamina","Restore Stamina","REQ_Alch_RestoreStamina","Skyrim.esm","Requiem - Alchemy Redone.esp","0003EB16","0003EB16","positive","1","1.000000","20","0.100000","40"
"fungus_stalk","Fungus Stalk","ccBGSSSE037_FungusStalk","ccBGSSSE037-Curios.esl","LoreRim - Alchemy Tweaks.esp","0500082B","FE01682B","waterbreathing","Waterbreathing","REQ_Alch_Waterbreathing","Skyrim.esm","Requiem - Alchemy Redone.esp","0003AC2D","0003AC2D","positive","2","0.000000","24","0.100000","40"
"fungus_stalk","Fungus Stalk","ccBGSSSE037_FungusStalk","ccBGSSSE037-Curios.esl","LoreRim - Alchemy Tweaks.esp","0500082B","FE01682B","fortify_health","Fortify Health","REQ_Alch_FortifyHealth","Skyrim.esm","Requiem - Alchemy Redone.esp","0003EAF3","0003EAF3","positive","3","8.000000","300","0.100000","40"
"fungus_stalk","Fungus Stalk","ccBGSSSE037_FungusStalk","ccBGSSSE037-Curios.esl","LoreRim - Alchemy Tweaks.esp","0500082B","FE01682B","restore_magicka","Restore Magicka","REQ_Alch_RestoreMagicka","Skyrim.esm","Requiem - Alchemy Redone.esp","0003EB17","0003EB17","positive","4","1.000000","20","0.100000","40"
"flame_stalk","Flame Stalk","ccBGSSSE037_FlameStalk","ccBGSSSE037-Curios.esl","LoreRim - Alchemy Tweaks.esp","0500082A","FE01682A","restore_health","Restore Health","REQ_Alch_RestoreHealth","Skyrim.esm","Requiem - Alchemy Redone.esp","0003EB15","0003EB15","positive","1","1.500000","20","0.100000","50"
"flame_stalk","Flame Stalk","ccBGSSSE037_FlameStalk","ccBGSSSE037-Curios.esl","LoreRim - Alchemy Tweaks.esp","0500082A","FE01682A","resist_frost","Resist Frost","REQ_Alch_ResistFrost","Skyrim.esm","Requiem - Alchemy Redone.esp","0003EAEB","0003EAEB","positive","2","4.000000","120","0.100000","50"
"flame_stalk","Flame Stalk","ccBGSSSE037_FlameStalk","ccBGSSSE037-Curios.esl","LoreRim - Alchemy Tweaks.esp","0500082A","FE01682A","weakness_to_fire","Weakness to Fire","REQ_Alch_WeaknessFire","Skyrim.esm","Requiem - Alchemy Redone.esp","00073F2D","00073F2D","negative","3","4.000000","30","0.100000","50"
"flame_stalk","Flame Stalk","ccBGSSSE037_FlameStalk","ccBGSSSE037-Curios.esl","LoreRim - Alchemy Tweaks.esp","0500082A","FE01682A","invisibility","Invisibility","REQ_Alch_Invisibillity","Skyrim.esm","Requiem - Alchemy Redone.esp","0003EB3D","0003EB3D","positive","4","0.000000","6","0.100000","50"
"fire_petal","Fire Petal","ccBGSSSE037_FirePetal","ccBGSSSE037-Curios.esl","LoreRim - Alchemy Tweaks.esp","05000829","FE016829","damage_health","Damage Health","REQ_Alch_DamageHealth","Skyrim.esm","Requiem - Alchemy Redone.esp","0003EB42","0003EB42","negative","1","8.000000","0","0.100000","50"
"fire_petal","Fire Petal","ccBGSSSE037_FirePetal","ccBGSSSE037-Curios.esl","LoreRim - Alchemy Tweaks.esp","05000829","FE016829","resist_fire","Resist Fire","REQ_Alch_ResistFire","Skyrim.esm","Requiem - Alchemy Redone.esp","0003EAEA","0003EAEA","positive","2","4.000000","120","0.100000","50"
"fire_petal","Fire Petal","ccBGSSSE037_FirePetal","ccBGSSSE037-Curios.esl","LoreRim - Alchemy Tweaks.esp","05000829","FE016829","spell_absorption","Spell Absorption","ccBGSSSE037_RaceBretonAbsorbSpellChance","ccBGSSSE037-Curios.esl","ccBGSSSE037-Curios.esl","05000812","FE016812","positive","3","2.000000","120","0.100000","50"
"fire_petal","Fire Petal","ccBGSSSE037_FirePetal","ccBGSSSE037-Curios.esl","LoreRim - Alchemy Tweaks.esp","05000829","FE016829","paralysis","Paralysis","REQ_Alch_Paralysis","Skyrim.esm","Big Tweaks.esp","00073F30","00073F30","negative","4","0.000000","4","0.100000","50"
"elytra_ichor","Elytra Ichor","ccBGSSSE037_ElytraIchor","ccBGSSSE037-Curios.esl","LoreRim - Alchemy Tweaks.esp","05000828","FE016828","restore_magicka","Restore Magicka","REQ_Alch_RestoreMagicka","Skyrim.esm","Requiem - Alchemy Redone.esp","0003EB17","0003EB17","positive","1","2.000000","20","0.100000","50"
"elytra_ichor","Elytra Ichor","ccBGSSSE037_ElytraIchor","ccBGSSSE037-Curios.esl","LoreRim - Alchemy Tweaks.esp","05000828","FE016828","invisibility","Invisibility","REQ_Alch_Invisibillity","Skyrim.esm","Requiem - Alchemy Redone.esp","0003EB3D","0003EB3D","positive","2","0.000000","8","0.100000","50"
"elytra_ichor","Elytra Ichor","ccBGSSSE037_ElytraIchor","ccBGSSSE037-Curios.esl","LoreRim - Alchemy Tweaks.esp","05000828","FE016828","slow","Slow","REQ_Alch_Slow","Skyrim.esm","Requiem - Alchemy Redone.esp","00073F25","00073F25","negative","3","50.000000","8","0.100000","50"
"elytra_ichor","Elytra Ichor","ccBGSSSE037_ElytraIchor","ccBGSSSE037-Curios.esl","LoreRim - Alchemy Tweaks.esp","05000828","FE016828","fear","Fear","REQ_Alch_Fear","Skyrim.esm","Requiem - Alchemy Redone.esp","00073F20","00073F20","negative","4","4.000000","15","0.100000","50"
"dreugh_wax","Dreugh Wax","ccBGSSSE037_DreughWax","ccBGSSSE037-Curios.esl","LoreRim - Alchemy Tweaks.esp","05000827","FE016827","weakness_to_magic","Weakness to Magic","REQ_Alch_WeaknessMagic","Skyrim.esm","Requiem - Alchemy Redone.esp","00073F51","00073F51","negative","1","3.000000","30","0.400000","25"
"dreugh_wax","Dreugh Wax","ccBGSSSE037_DreughWax","ccBGSSSE037-Curios.esl","LoreRim - Alchemy Tweaks.esp","05000827","FE016827","frenzy","Frenzy","REQ_Alch_Frenzy","Skyrim.esm","Requiem - Alchemy Redone.esp","00073F29","00073F29","negative","2","3.000000","15","0.400000","25"
"dreugh_wax","Dreugh Wax","ccBGSSSE037_DreughWax","ccBGSSSE037-Curios.esl","LoreRim - Alchemy Tweaks.esp","05000827","FE016827","waterbreathing","Waterbreathing","REQ_Alch_Waterbreathing","Skyrim.esm","Requiem - Alchemy Redone.esp","0003AC2D","0003AC2D","positive","3","0.000000","36","0.400000","25"
"dreugh_wax","Dreugh Wax","ccBGSSSE037_DreughWax","ccBGSSSE037-Curios.esl","LoreRim - Alchemy Tweaks.esp","05000827","FE016827","resist_poison","Resist Poison","REQ_Alch_ResistPoison","Skyrim.esm","Requiem - Alchemy Redone.esp","00090041","00090041","positive","4","9.000000","120","0.400000","25"
"daedroth_teeth","Daedroth Teeth","ccBGSSSE037_DaedrothTeeth","ccBGSSSE037-Curios.esl","LoreRim - Alchemy Tweaks.esp","05000826","FE016826","resist_frost","Resist Frost","REQ_Alch_ResistFrost","Skyrim.esm","Requiem - Alchemy Redone.esp","0003EAEB","0003EAEB","positive","1","8.000000","120","0.400000","2000"
"daedroth_teeth","Daedroth Teeth","ccBGSSSE037_DaedrothTeeth","ccBGSSSE037-Curios.esl","LoreRim - Alchemy Tweaks.esp","05000826","FE016826","light","Light","ccBGSSSE037_LightFFSelf","ccBGSSSE037-Curios.esl","ccBGSSSE037-Curios.esl","05000846","FE016846","positive","2","0.000000","300","0.400000","2000"
"daedroth_teeth","Daedroth Teeth","ccBGSSSE037_DaedrothTeeth","ccBGSSSE037-Curios.esl","LoreRim - Alchemy Tweaks.esp","05000826","FE016826","damage_magicka_regeneration","Damage Magicka Regeneration","REQ_Alch_DamageMagickaRegeneration","Skyrim.esm","Requiem - Alchemy Redone.esp","00073F2B","00073F2B","negative","3","64.000000","60","0.400000","2000"
"daedroth_teeth","Daedroth Teeth","ccBGSSSE037_DaedrothTeeth","ccBGSSSE037-Curios.esl","LoreRim - Alchemy Tweaks.esp","05000826","FE016826","fortify_stamina_regeneration","Fortify Stamina Regeneration","REQ_Alch_FortifyStaminaRegeneration","Skyrim.esm","Requiem - Alchemy Redone.esp","0003EB08","0003EB08","positive","4","32.000000","300","0.400000","2000"
"worms_head_cap","Worm's Head Cap","ccBGSSSE037_WormsHeadCap","ccBGSSSE037-Curios.esl","LoreRim - Alchemy Tweaks.esp","05000825","FE016825","fortify_lockpicking","Fortify Lockpicking","REQ_Alch_FortifyLockpicking","Requiem.esp","Requiem - Alchemy Redone.esp","0A0BCC54","7F0BCC54","positive","1","0.400000","120","0.200000","40"
"worms_head_cap","Worm's Head Cap","ccBGSSSE037_WormsHeadCap","ccBGSSSE037-Curios.esl","LoreRim - Alchemy Tweaks.esp","05000825","FE016825","night_eye","Night Eye","ccBGSSSE037_NightEyeEffect","ccBGSSSE037-Curios.esl","ccBGSSSE037-Curios.esl","05000803","FE016803","positive","2","0.000000","300","0.200000","40"
"worms_head_cap","Worm's Head Cap","ccBGSSSE037_WormsHeadCap","ccBGSSSE037-Curios.esl","LoreRim - Alchemy Tweaks.esp","05000825","FE016825","fortify_carry_weight","Fortify Carry Weight","REQ_Alch_FortifyCarryWeight","Skyrim.esm","Requiem - Alchemy Redone.esp","0003EB01","0003EB01","positive","3","4.000000","600","0.200000","40"
"worms_head_cap","Worm's Head Cap","ccBGSSSE037_WormsHeadCap","ccBGSSSE037-Curios.esl","LoreRim - Alchemy Tweaks.esp","05000825","FE016825","slow","Slow","REQ_Alch_Slow","Skyrim.esm","Requiem - Alchemy Redone.esp","00073F25","00073F25","negative","4","50.000000","4","0.200000","40"
"withering_moon","Withering Moon","ccBGSSSE037_WitheringMoon","ccBGSSSE037-Curios.esl","LoreRim - Alchemy Tweaks.esp","05000824","FE016824","restore_magicka","Restore Magicka","REQ_Alch_RestoreMagicka","Skyrim.esm","Requiem - Alchemy Redone.esp","0003EB17","0003EB17","positive","1","2.000000","20","0.100000","100"
"withering_moon","Withering Moon","ccBGSSSE037_WitheringMoon","ccBGSSSE037-Curios.esl","LoreRim - Alchemy Tweaks.esp","05000824","FE016824","spell_absorption","Spell Absorption","ccBGSSSE037_RaceBretonAbsorbSpellChance","ccBGSSSE037-Curios.esl","ccBGSSSE037-Curios.esl","05000812","FE016812","positive","2","1.000000","120","0.100000","100"
"withering_moon","Withering Moon","ccBGSSSE037_WitheringMoon","ccBGSSSE037-Curios.esl","LoreRim - Alchemy Tweaks.esp","05000824","FE016824","fortify_speed","Fortify Speed","REQ_Alch_FortifySpeed","Skyrim.esm","Requiem - Alchemy Redone.esp","0003EB1F","0003EB1F","positive","3","1.000000","120","0.100000","100"
"withering_moon","Withering Moon","ccBGSSSE037_WitheringMoon","ccBGSSSE037-Curios.esl","LoreRim - Alchemy Tweaks.esp","05000824","FE016824","cure_disease","Cure Disease","REQ_Alch_CureDisease","Skyrim.esm","Requiem - Alchemy Redone.esp","000AE722","000AE722","positive","4","5.000000","0","0.100000","100"
"wisp_stalk_caps","Wisp Stalk Caps","ccBGSSSE037_WispStalkCaps","ccBGSSSE037-Curios.esl","LoreRim - Alchemy Tweaks.esp","05000823","FE016823","damage_health","Damage Health","REQ_Alch_DamageHealth","Skyrim.esm","Requiem - Alchemy Redone.esp","0003EB42","0003EB42","negative","1","8.000000","0","0.100000","20"
"wisp_stalk_caps","Wisp Stalk Caps","ccBGSSSE037_WispStalkCaps","ccBGSSSE037-Curios.esl","LoreRim - Alchemy Tweaks.esp","05000823","FE016823","weakness_to_poison","Weakness to Poison","REQ_Alch_WeaknessPoison","Skyrim.esm","Requiem - Alchemy Redone.esp","00090042","00090042","negative","2","6.000000","30","0.100000","20"
"wisp_stalk_caps","Wisp Stalk Caps","ccBGSSSE037_WispStalkCaps","ccBGSSSE037-Curios.esl","LoreRim - Alchemy Tweaks.esp","05000823","FE016823","frenzy","Frenzy","REQ_Alch_Frenzy","Skyrim.esm","Requiem - Alchemy Redone.esp","00073F29","00073F29","negative","3","2.000000","15","0.100000","20"
"wisp_stalk_caps","Wisp Stalk Caps","ccBGSSSE037_WispStalkCaps","ccBGSSSE037-Curios.esl","LoreRim - Alchemy Tweaks.esp","05000823","FE016823","fortify_stamina_regeneration","Fortify Stamina Regeneration","REQ_Alch_FortifyStaminaRegeneration","Skyrim.esm","Requiem - Alchemy Redone.esp","0003EB08","0003EB08","positive","4","16.000000","300","0.100000","20"
"blind_watchers_eye","Blind Watcher's Eye","ccBGSSSE037_WatchersEyeBlind","ccBGSSSE037-Curios.esl","LoreRim - Alchemy Tweaks.esp","05000822","FE016822","light","Light","ccBGSSSE037_LightFFSelf","ccBGSSSE037-Curios.esl","ccBGSSSE037-Curios.esl","05000846","FE016846","positive","1","0.000000","300","0.200000","10"
"blind_watchers_eye","Blind Watcher's Eye","ccBGSSSE037_WatchersEyeBlind","ccBGSSSE037-Curios.esl","LoreRim - Alchemy Tweaks.esp","05000822","FE016822","fortify_magicka","Fortify Magicka","REQ_Alch_FortifyMagicka","Skyrim.esm","Requiem - Alchemy Redone.esp","0003EAF8","0003EAF8","positive","2","6.000000","300","0.200000","10"
"blind_watchers_eye","Blind Watcher's Eye","ccBGSSSE037_WatchersEyeBlind","ccBGSSSE037-Curios.esl","LoreRim - Alchemy Tweaks.esp","05000822","FE016822","fortify_alteration","Fortify Alteration","REQ_Alch_FortifyAlteration","Skyrim.esm","Requiem - Alchemy Redone.esp","0003EB24","0003EB24","positive","3","4.000000","120","0.200000","10"
"blind_watchers_eye","Blind Watcher's Eye","ccBGSSSE037_WatchersEyeBlind","ccBGSSSE037-Curios.esl","LoreRim - Alchemy Tweaks.esp","05000822","FE016822","spell_absorption","Spell Absorption","ccBGSSSE037_RaceBretonAbsorbSpellChance","ccBGSSSE037-Curios.esl","ccBGSSSE037-Curios.esl","05000812","FE016812","positive","4","1.000000","120","0.200000","10"
"watchers_eye","Watcher's Eye","ccBGSSSE037_WatchersEye","ccBGSSSE037-Curios.esl","LoreRim - Alchemy Tweaks.esp","05000821","FE016821","night_eye","Night Eye","ccBGSSSE037_NightEyeEffect","ccBGSSSE037-Curios.esl","ccBGSSSE037-Curios.esl","05000803","FE016803","positive","1","0.000000","300","0.200000","10"
"watchers_eye","Watcher's Eye","ccBGSSSE037_WatchersEye","ccBGSSSE037-Curios.esl","LoreRim - Alchemy Tweaks.esp","05000821","FE016821","fortify_magicka","Fortify Magicka","REQ_Alch_FortifyMagicka","Skyrim.esm","Requiem - Alchemy Redone.esp","0003EAF8","0003EAF8","positive","2","8.000000","300","0.200000","10"
"watchers_eye","Watcher's Eye","ccBGSSSE037_WatchersEye","ccBGSSSE037-Curios.esl","LoreRim - Alchemy Tweaks.esp","05000821","FE016821","fortify_illusion","Fortify Illusion","REQ_Alch_FortifyIllusion","Skyrim.esm","Requiem - Alchemy Redone.esp","0003EB27","0003EB27","positive","3","4.000000","120","0.200000","10"
"watchers_eye","Watcher's Eye","ccBGSSSE037_WatchersEye","ccBGSSSE037-Curios.esl","LoreRim - Alchemy Tweaks.esp","05000821","FE016821","spell_absorption","Spell Absorption","ccBGSSSE037_RaceBretonAbsorbSpellChance","ccBGSSSE037-Curios.esl","ccBGSSSE037-Curios.esl","05000812","FE016812","positive","4","2.000000","120","0.200000","10"
"void_essence","Void Essence","ccBGSSSE037_VoidEssence","ccBGSSSE037-Curios.esl","LoreRim - Alchemy Tweaks.esp","05000820","FE016820","restore_health","Restore Health","REQ_Alch_RestoreHealth","Skyrim.esm","Requiem - Alchemy Redone.esp","0003EB15","0003EB15","positive","1","1.500000","20","0.200000","100"
"void_essence","Void Essence","ccBGSSSE037_VoidEssence","ccBGSSSE037-Curios.esl","LoreRim - Alchemy Tweaks.esp","05000820","FE016820","fortify_health","Fortify Health","REQ_Alch_FortifyHealth","Skyrim.esm","Requiem - Alchemy Redone.esp","0003EAF3","0003EAF3","positive","2","8.000000","300","0.200000","100"
"void_essence","Void Essence","ccBGSSSE037_VoidEssence","ccBGSSSE037-Curios.esl","LoreRim - Alchemy Tweaks.esp","05000820","FE016820","fortify_stamina","Fortify Stamina","REQ_Alch_FortifyStamina","Skyrim.esm","Requiem - Alchemy Redone.esp","0003EAF9","0003EAF9","positive","3","8.000000","300","0.200000","100"
"void_essence","Void Essence","ccBGSSSE037_VoidEssence","ccBGSSSE037-Curios.esl","LoreRim - Alchemy Tweaks.esp","05000820","FE016820","fortify_health_regeneration","Fortify Health Regeneration","REQ_Alch_FortifyHealthRegeneration","Skyrim.esm","Requiem - Alchemy Redone.esp","0003EB06","0003EB06","positive","4","16.000000","300","0.200000","100"
"stoneflower_petals","Stoneflower Petals","ccBGSSSE037_StoneflowerPetals","ccBGSSSE037-Curios.esl","LoreRim - Alchemy Tweaks.esp","0500081F","FE01681F","weakness_to_shock","Weakness to Shock","REQ_Alch_WeaknessShock","Skyrim.esm","Requiem - Alchemy Redone.esp","00073F2F","00073F2F","negative","1","4.000000","30","0.100000","15"
"stoneflower_petals","Stoneflower Petals","ccBGSSSE037_StoneflowerPetals","ccBGSSSE037-Curios.esl","LoreRim - Alchemy Tweaks.esp","0500081F","FE01681F","fortify_one_handed","Fortify One-Handed","REQ_Alch_FortifyDamage_OneHanded","Skyrim.esm","Requiem - Alchemy Redone.esp","0003EB19","0003EB19","positive","2","4.000000","120","0.100000","15"
"stoneflower_petals","Stoneflower Petals","ccBGSSSE037_StoneflowerPetals","ccBGSSSE037-Curios.esl","LoreRim - Alchemy Tweaks.esp","0500081F","FE01681F","fortify_magicka","Fortify Magicka","REQ_Alch_FortifyMagicka","Skyrim.esm","Requiem - Alchemy Redone.esp","0003EAF8","0003EAF8","positive","3","8.000000","300","0.100000","15"
"stoneflower_petals","Stoneflower Petals","ccBGSSSE037_StoneflowerPetals","ccBGSSSE037-Curios.esl","LoreRim - Alchemy Tweaks.esp","0500081F","FE01681F","fortify_barter","Fortify Barter","REQ_Alch_FortifyBarter","Skyrim.esm","Requiem - Alchemy Redone.esp","0003EB23","0003EB23","positive","4","2.000000","120","0.100000","15"
"sload_soap","Sload Soap","ccBGSSSE037_SloadSoap","ccBGSSSE037-Curios.esl","LoreRim - Alchemy Tweaks.esp","0500081E","FE01681E","resist_fire","Resist Fire","REQ_Alch_ResistFire","Skyrim.esm","Requiem - Alchemy Redone.esp","0003EAEA","0003EAEA","positive","1","4.000000","120","0.100000","50"
"sload_soap","Sload Soap","ccBGSSSE037_SloadSoap","ccBGSSSE037-Curios.esl","LoreRim - Alchemy Tweaks.esp","0500081E","FE01681E","fear","Fear","REQ_Alch_Fear","Skyrim.esm","Requiem - Alchemy Redone.esp","00073F20","00073F20","negative","2","2.000000","15","0.100000","50"
"sload_soap","Sload Soap","ccBGSSSE037_SloadSoap","ccBGSSSE037-Curios.esl","LoreRim - Alchemy Tweaks.esp","0500081E","FE01681E","fortify_conjuration","Fortify Conjuration","REQ_Alch_FortifyConjuration","Skyrim.esm","Requiem - Alchemy Redone.esp","0003EB25","0003EB25","positive","3","4.000000","120","0.100000","50"
"sload_soap","Sload Soap","ccBGSSSE037_SloadSoap","ccBGSSSE037-Curios.esl","LoreRim - Alchemy Tweaks.esp","0500081E","FE01681E","fortify_alteration","Fortify Alteration","REQ_Alch_FortifyAlteration","Skyrim.esm","Requiem - Alchemy Redone.esp","0003EB24","0003EB24","positive","4","4.000000","120","0.100000","50"
"scrib_jerky","Scrib Jerky","ccBGSSSE037_ScribJerky","ccBGSSSE037-Curios.esl","LoreRim - Alchemy Tweaks.esp","0500081D","FE01681D","restore_stamina","Restore Stamina","REQ_Alch_RestoreStamina","Skyrim.esm","Requiem - Alchemy Redone.esp","0003EB16","0003EB16","positive","1","1.000000","20","0.200000","50"
"scrib_jerky","Scrib Jerky","ccBGSSSE037_ScribJerky","ccBGSSSE037-Curios.esl","LoreRim - Alchemy Tweaks.esp","0500081D","FE01681D","fortify_stamina","Fortify Stamina","REQ_Alch_FortifyStamina","Skyrim.esm","Requiem - Alchemy Redone.esp","0003EAF9","0003EAF9","positive","2","8.000000","300","0.200000","50"
"scrib_jerky","Scrib Jerky","ccBGSSSE037_ScribJerky","ccBGSSSE037-Curios.esl","LoreRim - Alchemy Tweaks.esp","0500081D","FE01681D","paralysis","Paralysis","REQ_Alch_Paralysis","Skyrim.esm","Big Tweaks.esp","00073F30","00073F30","negative","3","0.000000","2","0.200000","50"
"scrib_jerky","Scrib Jerky","ccBGSSSE037_ScribJerky","ccBGSSSE037-Curios.esl","LoreRim - Alchemy Tweaks.esp","0500081D","FE01681D","waterbreathing","Waterbreathing","REQ_Alch_Waterbreathing","Skyrim.esm","Requiem - Alchemy Redone.esp","0003AC2D","0003AC2D","positive","4","0.000000","24","0.200000","50"
"scrib_jelly","Scrib Jelly","ccBGSSSE037_ScribJelly","ccBGSSSE037-Curios.esl","LoreRim - Alchemy Tweaks.esp","0500081C","FE01681C","fortify_magicka_regeneration","Fortify Magicka Regeneration","REQ_Alch_FortifyMagickaRegeneration","Skyrim.esm","Requiem - Alchemy Redone.esp","0003EB07","0003EB07","positive","1","16.000000","300","0.100000","20"
"scrib_jelly","Scrib Jelly","ccBGSSSE037_ScribJelly","ccBGSSSE037-Curios.esl","LoreRim - Alchemy Tweaks.esp","0500081C","FE01681C","cure_poison","Cure Poison","REQ_Alch_CurePoison","Skyrim.esm","Requiem - Alchemy Redone.esp","00109ADD","00109ADD","positive","2","2.000000","0","0.100000","20"
"scrib_jelly","Scrib Jelly","ccBGSSSE037_ScribJelly","ccBGSSSE037-Curios.esl","LoreRim - Alchemy Tweaks.esp","0500081C","FE01681C","cure_disease","Cure Disease","REQ_Alch_CureDisease","Skyrim.esm","Requiem - Alchemy Redone.esp","000AE722","000AE722","positive","3","5.000000","0","0.100000","20"
"scrib_jelly","Scrib Jelly","ccBGSSSE037_ScribJelly","ccBGSSSE037-Curios.esl","LoreRim - Alchemy Tweaks.esp","0500081C","FE01681C","fortify_stamina_regeneration","Fortify Stamina Regeneration","REQ_Alch_FortifyStaminaRegeneration","Skyrim.esm","Requiem - Alchemy Redone.esp","0003EB08","0003EB08","positive","4","16.000000","300","0.100000","20"
"scalon_fin","Scalon Fin","ccBGSSSE037_ScalonFin","ccBGSSSE037-Curios.esl","LoreRim - Alchemy Tweaks.esp","0500081B","FE01681B","waterbreathing","Waterbreathing","REQ_Alch_Waterbreathing","Skyrim.esm","Requiem - Alchemy Redone.esp","0003AC2D","0003AC2D","positive","1","0.000000","36","0.400000","150"
"scalon_fin","Scalon Fin","ccBGSSSE037_ScalonFin","ccBGSSSE037-Curios.esl","LoreRim - Alchemy Tweaks.esp","0500081B","FE01681B","damage_health","Damage Health","REQ_Alch_DamageHealth","Skyrim.esm","Requiem - Alchemy Redone.esp","0003EB42","0003EB42","negative","2","8.000000","0","0.400000","150"
"scalon_fin","Scalon Fin","ccBGSSSE037_ScalonFin","ccBGSSSE037-Curios.esl","LoreRim - Alchemy Tweaks.esp","0500081B","FE01681B","lingering_damage_magicka","Lingering Damage Magicka","REQ_Alch_LingeringDamageMagicka","Skyrim.esm","LoreRim - Alchemy Tweaks.esp","0010DE5F","0010DE5F","negative","3","3.000000","15","0.400000","150"
"scalon_fin","Scalon Fin","ccBGSSSE037_ScalonFin","ccBGSSSE037-Curios.esl","LoreRim - Alchemy Tweaks.esp","0500081B","FE01681B","damage_magicka_regeneration","Damage Magicka Regeneration","REQ_Alch_DamageMagickaRegeneration","Skyrim.esm","Requiem - Alchemy Redone.esp","00073F2B","00073F2B","negative","4","32.000000","60","0.400000","150"
"saltrice","Saltrice","ccBGSSSE037_Saltrice","ccBGSSSE037-Curios.esl","LoreRim - Alchemy Tweaks.esp","0500081A","FE01681A","restore_stamina","Restore Stamina","REQ_Alch_RestoreStamina","Skyrim.esm","Requiem - Alchemy Redone.esp","0003EB16","0003EB16","positive","1","1.500000","20","0.100000","6"
"saltrice","Saltrice","ccBGSSSE037_Saltrice","ccBGSSSE037-Curios.esl","LoreRim - Alchemy Tweaks.esp","0500081A","FE01681A","fortify_magicka","Fortify Magicka","REQ_Alch_FortifyMagicka","Skyrim.esm","Requiem - Alchemy Redone.esp","0003EAF8","0003EAF8","positive","2","8.000000","300","0.100000","6"
"saltrice","Saltrice","ccBGSSSE037_Saltrice","ccBGSSSE037-Curios.esl","LoreRim - Alchemy Tweaks.esp","0500081A","FE01681A","damage_stamina_regeneration","Damage Stamina Regeneration","REQ_Alch_DamageStaminaRegeneration","Skyrim.esm","Requiem - Alchemy Redone.esp","00073F2C","00073F2C","negative","3","32.000000","60","0.100000","6"
"saltrice","Saltrice","ccBGSSSE037_Saltrice","ccBGSSSE037-Curios.esl","LoreRim - Alchemy Tweaks.esp","0500081A","FE01681A","restore_health","Restore Health","REQ_Alch_RestoreHealth","Skyrim.esm","Requiem - Alchemy Redone.esp","0003EB15","0003EB15","positive","4","1.000000","20","0.100000","6"
"roobrush","Roobrush","ccBGSSSE037_Roobrush","ccBGSSSE037-Curios.esl","LoreRim - Alchemy Tweaks.esp","05000819","FE016819","weakness_to_magic","Weakness to Magic","REQ_Alch_WeaknessMagic","Skyrim.esm","Requiem - Alchemy Redone.esp","00073F51","00073F51","negative","1","2.000000","30","0.100000","20"
"roobrush","Roobrush","ccBGSSSE037_Roobrush","ccBGSSSE037-Curios.esl","LoreRim - Alchemy Tweaks.esp","05000819","FE016819","fortify_sneak","Fortify Sneak","REQ_Alch_FortifySneak","Skyrim.esm","Requiem - Alchemy Redone.esp","0003EB22","0003EB22","positive","2","4.000000","120","0.100000","20"
"roobrush","Roobrush","ccBGSSSE037_Roobrush","ccBGSSSE037-Curios.esl","LoreRim - Alchemy Tweaks.esp","05000819","FE016819","lingering_damage_health","Lingering Damage Health","REQ_Alch_LingeringDamageHealth","Skyrim.esm","Requiem - Alchemy Redone.esp","0010AA4A","0010AA4A","negative","3","1.500000","15","0.100000","20"
"roobrush","Roobrush","ccBGSSSE037_Roobrush","ccBGSSSE037-Curios.esl","LoreRim - Alchemy Tweaks.esp","05000819","FE016819","cure_poison","Cure Poison","REQ_Alch_CurePoison","Skyrim.esm","Requiem - Alchemy Redone.esp","00109ADD","00109ADD","positive","4","2.000000","0","0.100000","20"
"redwort_flower","Redwort Flower","ccBGSSSE037_Redwort","ccBGSSSE037-Curios.esl","LoreRim - Alchemy Tweaks.esp","05000818","FE016818","resist_frost","Resist Frost","REQ_Alch_ResistFrost","Skyrim.esm","Requiem - Alchemy Redone.esp","0003EAEB","0003EAEB","positive","1","4.000000","120","0.100000","25"
"redwort_flower","Redwort Flower","ccBGSSSE037_Redwort","ccBGSSSE037-Curios.esl","LoreRim - Alchemy Tweaks.esp","05000818","FE016818","cure_poison","Cure Poison","REQ_Alch_CurePoison","Skyrim.esm","Requiem - Alchemy Redone.esp","00109ADD","00109ADD","positive","2","2.000000","0","0.100000","25"
"redwort_flower","Redwort Flower","ccBGSSSE037_Redwort","ccBGSSSE037-Curios.esl","LoreRim - Alchemy Tweaks.esp","05000818","FE016818","damage_health","Damage Health","REQ_Alch_DamageHealth","Skyrim.esm","Requiem - Alchemy Redone.esp","0003EB42","0003EB42","negative","3","8.000000","0","0.100000","25"
"redwort_flower","Redwort Flower","ccBGSSSE037_Redwort","ccBGSSSE037-Curios.esl","LoreRim - Alchemy Tweaks.esp","05000818","FE016818","invisibility","Invisibility","REQ_Alch_Invisibillity","Skyrim.esm","Requiem - Alchemy Redone.esp","0003EB3D","0003EB3D","positive","4","0.000000","6","0.100000","25"
"red_kelp_gas_bladder","Red Kelp Gas Bladder","ccBGSSSE037_RedKelpGasBladder","ccBGSSSE037-Curios.esl","LoreRim - Alchemy Tweaks.esp","05000817","FE016817","fortify_stamina_regeneration","Fortify Stamina Regeneration","REQ_Alch_FortifyStaminaRegeneration","Skyrim.esm","Requiem - Alchemy Redone.esp","0003EB08","0003EB08","positive","1","16.000000","300","0.100000","40"
"red_kelp_gas_bladder","Red Kelp Gas Bladder","ccBGSSSE037_RedKelpGasBladder","ccBGSSSE037-Curios.esl","LoreRim - Alchemy Tweaks.esp","05000817","FE016817","waterbreathing","Waterbreathing","REQ_Alch_Waterbreathing","Skyrim.esm","Requiem - Alchemy Redone.esp","0003AC2D","0003AC2D","positive","2","0.000000","24","0.100000","40"
"red_kelp_gas_bladder","Red Kelp Gas Bladder","ccBGSSSE037_RedKelpGasBladder","ccBGSSSE037-Curios.esl","LoreRim - Alchemy Tweaks.esp","05000817","FE016817","cure_disease","Cure Disease","REQ_Alch_CureDisease","Skyrim.esm","Requiem - Alchemy Redone.esp","000AE722","000AE722","positive","3","5.000000","0","0.100000","40"
"red_kelp_gas_bladder","Red Kelp Gas Bladder","ccBGSSSE037_RedKelpGasBladder","ccBGSSSE037-Curios.esl","LoreRim - Alchemy Tweaks.esp","05000817","FE016817","fortify_magicka","Fortify Magicka","REQ_Alch_FortifyMagicka","Skyrim.esm","Requiem - Alchemy Redone.esp","0003EAF8","0003EAF8","positive","4","8.000000","300","0.100000","40"
"ogres_teeth","Ogre's Teeth","ccBGSSSE037_OgresTeeth","ccBGSSSE037-Curios.esl","LoreRim - Alchemy Tweaks.esp","05000816","FE016816","weakness_to_shock","Weakness to Shock","REQ_Alch_WeaknessShock","Skyrim.esm","Requiem - Alchemy Redone.esp","00073F2F","00073F2F","negative","1","4.000000","30","0.400000","100"
"ogres_teeth","Ogre's Teeth","ccBGSSSE037_OgresTeeth","ccBGSSSE037-Curios.esl","LoreRim - Alchemy Tweaks.esp","05000816","FE016816","resist_poison","Resist Poison","REQ_Alch_ResistPoison","Skyrim.esm","Requiem - Alchemy Redone.esp","00090041","00090041","positive","2","6.000000","120","0.400000","100"
"ogres_teeth","Ogre's Teeth","ccBGSSSE037_OgresTeeth","ccBGSSSE037-Curios.esl","LoreRim - Alchemy Tweaks.esp","05000816","FE016816","lingering_damage_magicka","Lingering Damage Magicka","REQ_Alch_LingeringDamageMagicka","Skyrim.esm","LoreRim - Alchemy Tweaks.esp","0010DE5F","0010DE5F","negative","3","3.000000","15","0.400000","100"
"ogres_teeth","Ogre's Teeth","ccBGSSSE037_OgresTeeth","ccBGSSSE037-Curios.esl","LoreRim - Alchemy Tweaks.esp","05000816","FE016816","fortify_health_regeneration","Fortify Health Regeneration","REQ_Alch_FortifyHealthRegeneration","Skyrim.esm","Requiem - Alchemy Redone.esp","0003EB06","0003EB06","positive","4","16.000000","300","0.400000","100"
"minotaur_horn","Minotaur Horn","ccBGSSSE037_MinotaurHorn","ccBGSSSE037-Curios.esl","LoreRim - Alchemy Tweaks.esp","05000815","FE016815","resist_poison","Resist Poison","REQ_Alch_ResistPoison","Skyrim.esm","Requiem - Alchemy Redone.esp","00090041","00090041","positive","1","6.000000","120","0.400000","110"
"minotaur_horn","Minotaur Horn","ccBGSSSE037_MinotaurHorn","ccBGSSSE037-Curios.esl","LoreRim - Alchemy Tweaks.esp","05000815","FE016815","damage_magicka_regeneration","Damage Magicka Regeneration","REQ_Alch_DamageMagickaRegeneration","Skyrim.esm","Requiem - Alchemy Redone.esp","00073F2B","00073F2B","negative","2","32.000000","60","0.400000","110"
"minotaur_horn","Minotaur Horn","ccBGSSSE037_MinotaurHorn","ccBGSSSE037-Curios.esl","LoreRim - Alchemy Tweaks.esp","05000815","FE016815","fortify_health_regeneration","Fortify Health Regeneration","REQ_Alch_FortifyHealthRegeneration","Skyrim.esm","Requiem - Alchemy Redone.esp","0003EB06","0003EB06","positive","3","16.000000","300","0.400000","110"
"minotaur_horn","Minotaur Horn","ccBGSSSE037_MinotaurHorn","ccBGSSSE037-Curios.esl","LoreRim - Alchemy Tweaks.esp","05000815","FE016815","fortify_magicka_regeneration","Fortify Magicka Regeneration","REQ_Alch_FortifyMagickaRegeneration","Skyrim.esm","Requiem - Alchemy Redone.esp","0003EB07","0003EB07","positive","4","16.000000","300","0.400000","110"
"marshmerrow","Marshmerrow","ccBGSSSE037_Marshmerrow","ccBGSSSE037-Curios.esl","LoreRim - Alchemy Tweaks.esp","05000814","FE016814","restore_health","Restore Health","REQ_Alch_RestoreHealth","Skyrim.esm","Requiem - Alchemy Redone.esp","0003EB15","0003EB15","positive","1","1.500000","20","0.100000","18"
"marshmerrow","Marshmerrow","ccBGSSSE037_Marshmerrow","ccBGSSSE037-Curios.esl","LoreRim - Alchemy Tweaks.esp","05000814","FE016814","fortify_carry_weight","Fortify Carry Weight","REQ_Alch_FortifyCarryWeight","Skyrim.esm","Requiem - Alchemy Redone.esp","0003EB01","0003EB01","positive","2","4.000000","600","0.100000","18"
"marshmerrow","Marshmerrow","ccBGSSSE037_Marshmerrow","ccBGSSSE037-Curios.esl","LoreRim - Alchemy Tweaks.esp","05000814","FE016814","weakness_to_magic","Weakness to Magic","REQ_Alch_WeaknessMagic","Skyrim.esm","Requiem - Alchemy Redone.esp","00073F51","00073F51","negative","3","2.000000","30","0.100000","18"
"marshmerrow","Marshmerrow","ccBGSSSE037_Marshmerrow","ccBGSSSE037-Curios.esl","LoreRim - Alchemy Tweaks.esp","05000814","FE016814","damage_stamina","Damage Stamina","REQ_Alch_DamageStamina","Skyrim.esm","LoreRim - Alchemy Tweaks.esp","0003A2C6","0003A2C6","negative","4","16.000000","0","0.100000","18"
"luminous_russula","Luminous Russula","ccBGSSSE037_LuminousRussula","ccBGSSSE037-Curios.esl","LoreRim - Alchemy Tweaks.esp","05000813","FE016813","lingering_damage_stamina","Lingering Damage Stamina","REQ_Alch_LingeringDamageStamina","Skyrim.esm","LoreRim - Alchemy Tweaks.esp","0010DE5E","0010DE5E","negative","1","3.000000","15","0.200000","25"
"luminous_russula","Luminous Russula","ccBGSSSE037_LuminousRussula","ccBGSSSE037-Curios.esl","LoreRim - Alchemy Tweaks.esp","05000813","FE016813","lingering_damage_health","Lingering Damage Health","REQ_Alch_LingeringDamageHealth","Skyrim.esm","Requiem - Alchemy Redone.esp","0010AA4A","0010AA4A","negative","2","1.500000","15","0.200000","25"
"luminous_russula","Luminous Russula","ccBGSSSE037_LuminousRussula","ccBGSSSE037-Curios.esl","LoreRim - Alchemy Tweaks.esp","05000813","FE016813","waterbreathing","Waterbreathing","REQ_Alch_Waterbreathing","Skyrim.esm","Requiem - Alchemy Redone.esp","0003AC2D","0003AC2D","positive","3","0.000000","24","0.200000","25"
"luminous_russula","Luminous Russula","ccBGSSSE037_LuminousRussula","ccBGSSSE037-Curios.esl","LoreRim - Alchemy Tweaks.esp","05000813","FE016813","fear","Fear","REQ_Alch_Fear","Skyrim.esm","Requiem - Alchemy Redone.esp","00073F20","00073F20","negative","4","2.000000","15","0.200000","25"
"kresh_fiber","Kresh Fiber","ccBGSSSE037_KreshFiber","ccBGSSSE037-Curios.esl","LoreRim - Alchemy Tweaks.esp","05000811","FE016811","weakness_to_magic","Weakness to Magic","REQ_Alch_WeaknessMagic","Skyrim.esm","Requiem - Alchemy Redone.esp","00073F51","00073F51","negative","1","4.000000","30","0.100000","30"
"kresh_fiber","Kresh Fiber","ccBGSSSE037_KreshFiber","ccBGSSSE037-Curios.esl","LoreRim - Alchemy Tweaks.esp","05000811","FE016811","slow","Slow","REQ_Alch_Slow","Skyrim.esm","Requiem - Alchemy Redone.esp","00073F25","00073F25","negative","2","50.000000","5","0.100000","30"
"kresh_fiber","Kresh Fiber","ccBGSSSE037_KreshFiber","ccBGSSSE037-Curios.esl","LoreRim - Alchemy Tweaks.esp","05000811","FE016811","fortify_sneak","Fortify Sneak","REQ_Alch_FortifySneak","Skyrim.esm","Requiem - Alchemy Redone.esp","0003EB22","0003EB22","positive","3","4.000000","120","0.100000","30"
"kresh_fiber","Kresh Fiber","ccBGSSSE037_KreshFiber","ccBGSSSE037-Curios.esl","LoreRim - Alchemy Tweaks.esp","05000811","FE016811","fortify_pickpocket","Fortify Pickpocket","REQ_Alch_FortifyPickpocket","Skyrim.esm","Requiem - Alchemy Redone.esp","0003EB20","0003EB20","positive","4","4.000000","120","0.100000","30"
"kagouti_hide","Kagouti Hide","ccBGSSSE037_KagoutiHide","ccBGSSSE037-Curios.esl","LoreRim - Alchemy Tweaks.esp","05000810","FE016810","lingering_damage_stamina","Lingering Damage Stamina","REQ_Alch_LingeringDamageStamina","Skyrim.esm","LoreRim - Alchemy Tweaks.esp","0010DE5E","0010DE5E","negative","1","3.000000","15","0.400000","20"
"kagouti_hide","Kagouti Hide","ccBGSSSE037_KagoutiHide","ccBGSSSE037-Curios.esl","LoreRim - Alchemy Tweaks.esp","05000810","FE016810","night_eye","Night Eye","ccBGSSSE037_NightEyeEffect","ccBGSSSE037-Curios.esl","ccBGSSSE037-Curios.esl","05000803","FE016803","positive","2","0.000000","300","0.400000","20"
"kagouti_hide","Kagouti Hide","ccBGSSSE037_KagoutiHide","ccBGSSSE037-Curios.esl","LoreRim - Alchemy Tweaks.esp","05000810","FE016810","fortify_carry_weight","Fortify Carry Weight","REQ_Alch_FortifyCarryWeight","Skyrim.esm","Requiem - Alchemy Redone.esp","0003EB01","0003EB01","positive","3","4.000000","600","0.400000","20"
"kagouti_hide","Kagouti Hide","ccBGSSSE037_KagoutiHide","ccBGSSSE037-Curios.esl","LoreRim - Alchemy Tweaks.esp","05000810","FE016810","resist_shock","Resist Shock","REQ_Alch_ResistShock","Skyrim.esm","Requiem - Alchemy Redone.esp","0003EAEC","0003EAEC","positive","4","4.000000","120","0.400000","20"
"imp_gall","Imp Gall","ccBGSSSE037_ImpGall","ccBGSSSE037-Curios.esl","LoreRim - Alchemy Tweaks.esp","0500080F","FE01680F","damage_health","Damage Health","REQ_Alch_DamageHealth","Skyrim.esm","Requiem - Alchemy Redone.esp","0003EB42","0003EB42","negative","1","12.000000","0","0.200000","15"
"imp_gall","Imp Gall","ccBGSSSE037_ImpGall","ccBGSSSE037-Curios.esl","LoreRim - Alchemy Tweaks.esp","0500080F","FE01680F","weakness_to_fire","Weakness to Fire","REQ_Alch_WeaknessFire","Skyrim.esm","Requiem - Alchemy Redone.esp","00073F2D","00073F2D","negative","2","6.000000","30","0.200000","15"
"imp_gall","Imp Gall","ccBGSSSE037_ImpGall","ccBGSSSE037-Curios.esl","LoreRim - Alchemy Tweaks.esp","0500080F","FE01680F","fortify_barter","Fortify Barter","REQ_Alch_FortifyBarter","Skyrim.esm","Requiem - Alchemy Redone.esp","0003EB23","0003EB23","positive","3","3.000000","120","0.200000","15"
"imp_gall","Imp Gall","ccBGSSSE037_ImpGall","ccBGSSSE037-Curios.esl","LoreRim - Alchemy Tweaks.esp","0500080F","FE01680F","cure_poison","Cure Poison","REQ_Alch_CurePoison","Skyrim.esm","Requiem - Alchemy Redone.esp","00109ADD","00109ADD","positive","4","3.000000","0","0.200000","15"
"hypha_facia","Hypha Facia","ccBGSSSE037_HyphaFacia","ccBGSSSE037-Curios.esl","LoreRim - Alchemy Tweaks.esp","0500080E","FE01680E","weakness_to_poison","Weakness to Poison","REQ_Alch_WeaknessPoison","Skyrim.esm","Requiem - Alchemy Redone.esp","00090042","00090042","negative","1","6.000000","30","0.100000","23"
"hypha_facia","Hypha Facia","ccBGSSSE037_HyphaFacia","ccBGSSSE037-Curios.esl","LoreRim - Alchemy Tweaks.esp","0500080E","FE01680E","frenzy","Frenzy","REQ_Alch_Frenzy","Skyrim.esm","Requiem - Alchemy Redone.esp","00073F29","00073F29","negative","2","2.000000","15","0.100000","23"
"hypha_facia","Hypha Facia","ccBGSSSE037_HyphaFacia","ccBGSSSE037-Curios.esl","LoreRim - Alchemy Tweaks.esp","0500080E","FE01680E","damage_maximum_stamina","Damage Maximum Stamina","REQ_Alch_DamageMaximumStamina","Skyrim.esm","Requiem - Alchemy Redone.esp","00073F23","00073F23","negative","3","16.000000","60","0.100000","23"
"hypha_facia","Hypha Facia","ccBGSSSE037_HyphaFacia","ccBGSSSE037-Curios.esl","LoreRim - Alchemy Tweaks.esp","0500080E","FE01680E","resist_magic","Resist Magic","REQ_Alch_ResistMagic","Skyrim.esm","Requiem - Alchemy Redone.esp","00039E51","00039E51","positive","4","2.000000","60","0.100000","23"
"hydnum_azure_giant_spore","Hydnum Azure Giant Spore","ccBGSSSE037_HydnumAzureGiantSpore","ccBGSSSE037-Curios.esl","LoreRim - Alchemy Tweaks.esp","0500080D","FE01680D","resist_frost","Resist Frost","REQ_Alch_ResistFrost","Skyrim.esm","Requiem - Alchemy Redone.esp","0003EAEB","0003EAEB","positive","1","4.000000","120","0.400000","40"
"hydnum_azure_giant_spore","Hydnum Azure Giant Spore","ccBGSSSE037_HydnumAzureGiantSpore","ccBGSSSE037-Curios.esl","LoreRim - Alchemy Tweaks.esp","0500080D","FE01680D","fortify_health","Fortify Health","REQ_Alch_FortifyHealth","Skyrim.esm","Requiem - Alchemy Redone.esp","0003EAF3","0003EAF3","positive","2","8.000000","300","0.400000","40"
"hydnum_azure_giant_spore","Hydnum Azure Giant Spore","ccBGSSSE037_HydnumAzureGiantSpore","ccBGSSSE037-Curios.esl","LoreRim - Alchemy Tweaks.esp","0500080D","FE01680D","fortify_health_regeneration","Fortify Health Regeneration","REQ_Alch_FortifyHealthRegeneration","Skyrim.esm","Requiem - Alchemy Redone.esp","0003EB06","0003EB06","positive","3","16.000000","300","0.400000","40"
"hydnum_azure_giant_spore","Hydnum Azure Giant Spore","ccBGSSSE037_HydnumAzureGiantSpore","ccBGSSSE037-Curios.esl","LoreRim - Alchemy Tweaks.esp","0500080D","FE01680D","light","Light","ccBGSSSE037_LightFFSelf","ccBGSSSE037-Curios.esl","ccBGSSSE037-Curios.esl","05000846","FE016846","positive","4","0.000000","300","0.400000","40"
"hunger_tongue","Hunger Tongue","ccBGSSSE037_HungerTongue","ccBGSSSE037-Curios.esl","LoreRim - Alchemy Tweaks.esp","0500080C","FE01680C","weakness_to_fire","Weakness to Fire","REQ_Alch_WeaknessFire","Skyrim.esm","Requiem - Alchemy Redone.esp","00073F2D","00073F2D","negative","1","8.000000","30","0.100000","70"
"hunger_tongue","Hunger Tongue","ccBGSSSE037_HungerTongue","ccBGSSSE037-Curios.esl","LoreRim - Alchemy Tweaks.esp","0500080C","FE01680C","cure_disease","Cure Disease","REQ_Alch_CureDisease","Skyrim.esm","Requiem - Alchemy Redone.esp","000AE722","000AE722","positive","2","5.000000","0","0.100000","70"
"hunger_tongue","Hunger Tongue","ccBGSSSE037_HungerTongue","ccBGSSSE037-Curios.esl","LoreRim - Alchemy Tweaks.esp","0500080C","FE01680C","cure_poison","Cure Poison","REQ_Alch_CurePoison","Skyrim.esm","Requiem - Alchemy Redone.esp","00109ADD","00109ADD","positive","3","2.000000","0","0.100000","70"
"hunger_tongue","Hunger Tongue","ccBGSSSE037_HungerTongue","ccBGSSSE037-Curios.esl","LoreRim - Alchemy Tweaks.esp","0500080C","FE01680C","fortify_magicka","Fortify Magicka","REQ_Alch_FortifyMagicka","Skyrim.esm","Requiem - Alchemy Redone.esp","0003EAF8","0003EAF8","positive","4","16.000000","300","0.100000","70"
"daedra_venin","Daedra Venin","ccBGSSSE037_DaedraVenin","ccBGSSSE037-Curios.esl","LoreRim - Alchemy Tweaks.esp","0500080B","FE01680B","damage_maximum_health","Damage Maximum Health","REQ_Alch_DamageMaximumHealth","Skyrim.esm","Requiem - Alchemy Redone.esp","00073F26","00073F26","negative","1","16.000000","60","0.200000","2000"
"daedra_venin","Daedra Venin","ccBGSSSE037_DaedraVenin","ccBGSSSE037-Curios.esl","LoreRim - Alchemy Tweaks.esp","0500080B","FE01680B","paralysis","Paralysis","REQ_Alch_Paralysis","Skyrim.esm","Big Tweaks.esp","00073F30","00073F30","negative","2","0.000000","4","0.200000","2000"
"daedra_venin","Daedra Venin","ccBGSSSE037_DaedraVenin","ccBGSSSE037-Curios.esl","LoreRim - Alchemy Tweaks.esp","0500080B","FE01680B","fortify_destruction","Fortify Destruction","REQ_Alch_FortifyDestruction","Skyrim.esm","Requiem - Alchemy Redone.esp","0003EB26","0003EB26","positive","3","4.000000","120","0.200000","2000"
"daedra_venin","Daedra Venin","ccBGSSSE037_DaedraVenin","ccBGSSSE037-Curios.esl","LoreRim - Alchemy Tweaks.esp","0500080B","FE01680B","spell_absorption","Spell Absorption","ccBGSSSE037_RaceBretonAbsorbSpellChance","ccBGSSSE037-Curios.esl","ccBGSSSE037-Curios.esl","05000812","FE016812","positive","4","2.000000","120","0.200000","2000"
"daedra_silk","Daedra Silk","ccBGSSSE037_DaedraSilk","ccBGSSSE037-Curios.esl","LoreRim - Alchemy Tweaks.esp","0500080A","FE01680A","lingering_damage_stamina","Lingering Damage Stamina","REQ_Alch_LingeringDamageStamina","Skyrim.esm","LoreRim - Alchemy Tweaks.esp","0010DE5E","0010DE5E","negative","1","3.000000","15","0.400000","2000"
"daedra_silk","Daedra Silk","ccBGSSSE037_DaedraSilk","ccBGSSSE037-Curios.esl","LoreRim - Alchemy Tweaks.esp","0500080A","FE01680A","paralysis","Paralysis","REQ_Alch_Paralysis","Skyrim.esm","Big Tweaks.esp","00073F30","00073F30","negative","2","0.000000","4","0.400000","2000"
"daedra_silk","Daedra Silk","ccBGSSSE037_DaedraSilk","ccBGSSSE037-Curios.esl","LoreRim - Alchemy Tweaks.esp","0500080A","FE01680A","night_eye","Night Eye","ccBGSSSE037_NightEyeEffect","ccBGSSSE037-Curios.esl","ccBGSSSE037-Curios.esl","05000803","FE016803","positive","3","0.000000","300","0.400000","2000"
"daedra_silk","Daedra Silk","ccBGSSSE037_DaedraSilk","ccBGSSSE037-Curios.esl","LoreRim - Alchemy Tweaks.esp","0500080A","FE01680A","invisibility","Invisibility","REQ_Alch_Invisibillity","Skyrim.esm","Requiem - Alchemy Redone.esp","0003EB3D","0003EB3D","positive","4","0.000000","8","0.400000","2000"
"corkbulb_root","Corkbulb Root","ccBGSSSE037_CorkbulbRoot","ccBGSSSE037-Curios.esl","LoreRim - Alchemy Tweaks.esp","05000809","FE016809","paralysis","Paralysis","REQ_Alch_Paralysis","Skyrim.esm","Big Tweaks.esp","00073F30","00073F30","negative","1","0.000000","2","0.100000","100"
"corkbulb_root","Corkbulb Root","ccBGSSSE037_CorkbulbRoot","ccBGSSSE037-Curios.esl","LoreRim - Alchemy Tweaks.esp","05000809","FE016809","restore_health","Restore Health","REQ_Alch_RestoreHealth","Skyrim.esm","Requiem - Alchemy Redone.esp","0003EB15","0003EB15","positive","2","1.000000","20","0.100000","100"
"corkbulb_root","Corkbulb Root","ccBGSSSE037_CorkbulbRoot","ccBGSSSE037-Curios.esl","LoreRim - Alchemy Tweaks.esp","05000809","FE016809","resist_shock","Resist Shock","REQ_Alch_ResistShock","Skyrim.esm","Requiem - Alchemy Redone.esp","0003EAEC","0003EAEC","positive","3","4.000000","120","0.100000","100"
"corkbulb_root","Corkbulb Root","ccBGSSSE037_CorkbulbRoot","ccBGSSSE037-Curios.esl","LoreRim - Alchemy Tweaks.esp","05000809","FE016809","fortify_marksman","Fortify Marksman","REQ_Alch_FortifyDamage_Marksman","Skyrim.esm","Requiem - Alchemy Redone.esp","0003EB1B","0003EB1B","positive","4","4.000000","120","0.100000","100"
"congealed_putrescence","Congealed Putrescence","ccBGSSSE037_CongealedPutrescence","ccBGSSSE037-Curios.esl","LoreRim - Alchemy Tweaks.esp","05000807","FE016807","damage_maximum_health","Damage Maximum Health","REQ_Alch_DamageMaximumHealth","Skyrim.esm","Requiem - Alchemy Redone.esp","00073F26","00073F26","negative","1","8.000000","60","0.100000","10"
"congealed_putrescence","Congealed Putrescence","ccBGSSSE037_CongealedPutrescence","ccBGSSSE037-Curios.esl","LoreRim - Alchemy Tweaks.esp","05000807","FE016807","restore_magicka","Restore Magicka","REQ_Alch_RestoreMagicka","Skyrim.esm","Requiem - Alchemy Redone.esp","0003EB17","0003EB17","positive","2","2.000000","20","0.100000","10"
"congealed_putrescence","Congealed Putrescence","ccBGSSSE037_CongealedPutrescence","ccBGSSSE037-Curios.esl","LoreRim - Alchemy Tweaks.esp","05000807","FE016807","weakness_to_fire","Weakness to Fire","REQ_Alch_WeaknessFire","Skyrim.esm","Requiem - Alchemy Redone.esp","00073F2D","00073F2D","negative","3","4.000000","30","0.100000","10"
"congealed_putrescence","Congealed Putrescence","ccBGSSSE037_CongealedPutrescence","ccBGSSSE037-Curios.esl","LoreRim - Alchemy Tweaks.esp","05000807","FE016807","fortify_conjuration","Fortify Conjuration","REQ_Alch_FortifyConjuration","Skyrim.esm","Requiem - Alchemy Redone.esp","0003EB25","0003EB25","positive","4","4.000000","120","0.100000","10"
"comberry","Comberry","ccBGSSSE037_Comberry","ccBGSSSE037-Curios.esl","LoreRim - Alchemy Tweaks.esp","05000806","FE016806","damage_stamina","Damage Stamina","REQ_Alch_DamageStamina","Skyrim.esm","LoreRim - Alchemy Tweaks.esp","0003A2C6","0003A2C6","negative","1","16.000000","0","0.100000","50"
"comberry","Comberry","ccBGSSSE037_Comberry","ccBGSSSE037-Curios.esl","LoreRim - Alchemy Tweaks.esp","05000806","FE016806","spell_absorption","Spell Absorption","ccBGSSSE037_RaceBretonAbsorbSpellChance","ccBGSSSE037-Curios.esl","ccBGSSSE037-Curios.esl","05000812","FE016812","positive","2","1.500000","120","0.100000","50"
"comberry","Comberry","ccBGSSSE037_Comberry","ccBGSSSE037-Curios.esl","LoreRim - Alchemy Tweaks.esp","05000806","FE016806","restore_magicka","Restore Magicka","REQ_Alch_RestoreMagicka","Skyrim.esm","Requiem - Alchemy Redone.esp","0003EB17","0003EB17","positive","3","1.500000","20","0.100000","50"
"comberry","Comberry","ccBGSSSE037_Comberry","ccBGSSSE037-Curios.esl","LoreRim - Alchemy Tweaks.esp","05000806","FE016806","fortify_destruction","Fortify Destruction","REQ_Alch_FortifyDestruction","Skyrim.esm","Requiem - Alchemy Redone.esp","0003EB26","0003EB26","positive","4","4.000000","120","0.100000","50"
"coda_flower","Coda Flower","ccBGSSSE037_CodaFlower","ccBGSSSE037-Curios.esl","LoreRim - Alchemy Tweaks.esp","05000805","FE016805","damage_health","Damage Health","REQ_Alch_DamageHealth","Skyrim.esm","Requiem - Alchemy Redone.esp","0003EB42","0003EB42","negative","1","8.000000","0","0.100000","30"
"coda_flower","Coda Flower","ccBGSSSE037_CodaFlower","ccBGSSSE037-Curios.esl","LoreRim - Alchemy Tweaks.esp","05000805","FE016805","lingering_damage_stamina","Lingering Damage Stamina","REQ_Alch_LingeringDamageStamina","Skyrim.esm","LoreRim - Alchemy Tweaks.esp","0010DE5E","0010DE5E","negative","2","3.000000","15","0.100000","30"
"coda_flower","Coda Flower","ccBGSSSE037_CodaFlower","ccBGSSSE037-Curios.esl","LoreRim - Alchemy Tweaks.esp","05000805","FE016805","damage_maximum_magicka","Damage Maximum Magicka","REQ_Alch_DamageMaximumMagicka","Skyrim.esm","Requiem - Alchemy Redone.esp","00073F27","00073F27","negative","3","16.000000","60","0.100000","30"
"coda_flower","Coda Flower","ccBGSSSE037_CodaFlower","ccBGSSSE037-Curios.esl","LoreRim - Alchemy Tweaks.esp","05000805","FE016805","fortify_carry_weight","Fortify Carry Weight","REQ_Alch_FortifyCarryWeight","Skyrim.esm","Requiem - Alchemy Redone.esp","0003EB01","0003EB01","positive","4","4.000000","600","0.100000","30"
"chokeweed","Chokeweed","ccBGSSSE037_Chokeweed","ccBGSSSE037-Curios.esl","LoreRim - Alchemy Tweaks.esp","05000804","FE016804","weakness_to_frost","Weakness to Frost","REQ_Alch_WeaknessFrost","Skyrim.esm","Requiem - Alchemy Redone.esp","00073F2E","00073F2E","negative","1","4.000000","30","0.100000","7"
"chokeweed","Chokeweed","ccBGSSSE037_Chokeweed","ccBGSSSE037-Curios.esl","LoreRim - Alchemy Tweaks.esp","05000804","FE016804","restore_stamina","Restore Stamina","REQ_Alch_RestoreStamina","Skyrim.esm","Requiem - Alchemy Redone.esp","0003EB16","0003EB16","positive","2","1.500000","20","0.100000","7"
"chokeweed","Chokeweed","ccBGSSSE037_Chokeweed","ccBGSSSE037-Curios.esl","LoreRim - Alchemy Tweaks.esp","05000804","FE016804","cure_disease","Cure Disease","REQ_Alch_CureDisease","Skyrim.esm","Requiem - Alchemy Redone.esp","000AE722","000AE722","positive","3","5.000000","0","0.100000","7"
"chokeweed","Chokeweed","ccBGSSSE037_Chokeweed","ccBGSSSE037-Curios.esl","LoreRim - Alchemy Tweaks.esp","05000804","FE016804","damage_magicka","Damage Magicka","REQ_Alch_DamageMagicka","Skyrim.esm","LoreRim - Alchemy Tweaks.esp","0003A2B6","0003A2B6","negative","4","16.000000","0","0.100000","7"
"bunglers_bane","Bungler's Bane","ccBGSSSE037_BunglersBane","ccBGSSSE037-Curios.esl","LoreRim - Alchemy Tweaks.esp","05000802","FE016802","slow","Slow","REQ_Alch_Slow","Skyrim.esm","Requiem - Alchemy Redone.esp","00073F25","00073F25","negative","1","50.000000","5","0.400000","50"
"bunglers_bane","Bungler's Bane","ccBGSSSE037_BunglersBane","ccBGSSSE037-Curios.esl","LoreRim - Alchemy Tweaks.esp","05000802","FE016802","damage_maximum_stamina","Damage Maximum Stamina","REQ_Alch_DamageMaximumStamina","Skyrim.esm","Requiem - Alchemy Redone.esp","00073F23","00073F23","negative","2","16.000000","60","0.400000","50"
"bunglers_bane","Bungler's Bane","ccBGSSSE037_BunglersBane","ccBGSSSE037-Curios.esl","LoreRim - Alchemy Tweaks.esp","05000802","FE016802","damage_stamina_regeneration","Damage Stamina Regeneration","REQ_Alch_DamageStaminaRegeneration","Skyrim.esm","Requiem - Alchemy Redone.esp","00073F2C","00073F2C","negative","3","32.000000","60","0.400000","50"
"bunglers_bane","Bungler's Bane","ccBGSSSE037_BunglersBane","ccBGSSSE037-Curios.esl","LoreRim - Alchemy Tweaks.esp","05000802","FE016802","resist_magic","Resist Magic","REQ_Alch_ResistMagic","Skyrim.esm","Requiem - Alchemy Redone.esp","00039E51","00039E51","positive","4","2.000000","120","0.400000","50"
"mort_flesh","Mort Flesh","ccBGSSSE003_MortFlesh","ccbgssse003-zombies.esl","LoreRim - Alchemy Tweaks.esp","0500080C","FE00180C","damage_health","Damage Health","REQ_Alch_DamageHealth","Skyrim.esm","Requiem - Alchemy Redone.esp","0003EB42","0003EB42","negative","1","8.000000","0","0.400000","2"
"mort_flesh","Mort Flesh","ccBGSSSE003_MortFlesh","ccbgssse003-zombies.esl","LoreRim - Alchemy Tweaks.esp","0500080C","FE00180C","damage_magicka","Damage Magicka","REQ_Alch_DamageMagicka","Skyrim.esm","LoreRim - Alchemy Tweaks.esp","0003A2B6","0003A2B6","negative","2","16.000000","0","0.400000","2"
"mort_flesh","Mort Flesh","ccBGSSSE003_MortFlesh","ccbgssse003-zombies.esl","LoreRim - Alchemy Tweaks.esp","0500080C","FE00180C","damage_magicka_regeneration","Damage Magicka Regeneration","REQ_Alch_DamageMagickaRegeneration","Skyrim.esm","Requiem - Alchemy Redone.esp","00073F2B","00073F2B","negative","3","32.000000","60","0.400000","2"
"mort_flesh","Mort Flesh","ccBGSSSE003_MortFlesh","ccbgssse003-zombies.esl","LoreRim - Alchemy Tweaks.esp","0500080C","FE00180C","frenzy","Frenzy","REQ_Alch_Frenzy","Skyrim.esm","Requiem - Alchemy Redone.esp","00073F29","00073F29","negative","4","2.000000","15","0.400000","2"
"dwemer_egg","Dwemer Egg","ORD_DwemerEgg","Ordinator - Perks of Skyrim.esp","LoreRim - Alchemy Tweaks.esp","13005F43","A0005F43","resist_shock","Resist Shock","REQ_Alch_ResistShock","Skyrim.esm","Requiem - Alchemy Redone.esp","0003EAEC","0003EAEC","positive","1","4.000000","120","0.400000","25"
"dwemer_egg","Dwemer Egg","ORD_DwemerEgg","Ordinator - Perks of Skyrim.esp","LoreRim - Alchemy Tweaks.esp","13005F43","A0005F43","fortify_alteration","Fortify Alteration","REQ_Alch_FortifyAlteration","Skyrim.esm","Requiem - Alchemy Redone.esp","0003EB24","0003EB24","positive","2","2.000000","120","0.400000","25"
"dwemer_egg","Dwemer Egg","ORD_DwemerEgg","Ordinator - Perks of Skyrim.esp","LoreRim - Alchemy Tweaks.esp","13005F43","A0005F43","weakness_to_shock","Weakness to Shock","REQ_Alch_WeaknessShock","Skyrim.esm","Requiem - Alchemy Redone.esp","00073F2F","00073F2F","negative","3","6.000000","30","0.400000","25"
"dwemer_egg","Dwemer Egg","ORD_DwemerEgg","Ordinator - Perks of Skyrim.esp","LoreRim - Alchemy Tweaks.esp","13005F43","A0005F43","paralysis","Paralysis","REQ_Alch_Paralysis","Skyrim.esm","Big Tweaks.esp","00073F30","00073F30","negative","4","0.000000","2","0.400000","25"
"omen_horn","Omen Horn","NTMROmenHorn","RuneDreamstrides.esp","LoreRim - Alchemy Tweaks.esp","05103FF2","97103FF2","restore_stamina","Restore Stamina","REQ_Alch_RestoreStamina","Skyrim.esm","Requiem - Alchemy Redone.esp","0003EB16","0003EB16","positive","1","1.000000","20","0.400000","80"
"omen_horn","Omen Horn","NTMROmenHorn","RuneDreamstrides.esp","LoreRim - Alchemy Tweaks.esp","05103FF2","97103FF2","fortify_health","Fortify Health","REQ_Alch_FortifyHealth","Skyrim.esm","Requiem - Alchemy Redone.esp","0003EAF3","0003EAF3","positive","2","8.000000","300","0.400000","80"
"omen_horn","Omen Horn","NTMROmenHorn","RuneDreamstrides.esp","LoreRim - Alchemy Tweaks.esp","05103FF2","97103FF2","fortify_one_handed","Fortify One-Handed","REQ_Alch_FortifyDamage_OneHanded","Skyrim.esm","Requiem - Alchemy Redone.esp","0003EB19","0003EB19","positive","3","4.000000","120","0.400000","80"
"omen_horn","Omen Horn","NTMROmenHorn","RuneDreamstrides.esp","LoreRim - Alchemy Tweaks.esp","05103FF2","97103FF2","damage_magicka_regeneration","Damage Magicka Regeneration","REQ_Alch_DamageMagickaRegeneration","Skyrim.esm","Requiem - Alchemy Redone.esp","00073F2B","00073F2B","negative","4","32.000000","60","0.400000","80"
"werebeast_blood","Werebeast Blood","HRI_Lycan_Ingredient_WerewolfBlood","Growl - Werebeasts of Skyrim.esp","LoreRim - Alchemy Tweaks.esp","04029051","8F029051","beast_form","Beast Form","HRI_Lycan_Effect_BeastForm","Skyrim.esm","Growl - Werebeasts of Skyrim.esp","00092C45","00092C45","positive","1","0.000000","10","0.400000","150"
"werebeast_blood","Werebeast Blood","HRI_Lycan_Ingredient_WerewolfBlood","Growl - Werebeasts of Skyrim.esp","LoreRim - Alchemy Tweaks.esp","04029051","8F029051","fortify_health","Fortify Health","REQ_Alch_FortifyHealth","Skyrim.esm","Requiem - Alchemy Redone.esp","0003EAF3","0003EAF3","positive","2","12.000000","300","0.400000","150"
"werebeast_blood","Werebeast Blood","HRI_Lycan_Ingredient_WerewolfBlood","Growl - Werebeasts of Skyrim.esp","LoreRim - Alchemy Tweaks.esp","04029051","8F029051","frenzy","Frenzy","REQ_Alch_Frenzy","Skyrim.esm","Requiem - Alchemy Redone.esp","00073F29","00073F29","negative","3","3.000000","15","0.400000","150"
"werebeast_blood","Werebeast Blood","HRI_Lycan_Ingredient_WerewolfBlood","Growl - Werebeasts of Skyrim.esp","LoreRim - Alchemy Tweaks.esp","04029051","8F029051","fortify_health_regeneration","Fortify Health Regeneration","REQ_Alch_FortifyHealthRegeneration","Skyrim.esm","Requiem - Alchemy Redone.esp","0003EB06","0003EB06","positive","4","24.000000","300","0.400000","150"
"grahl_eyeballs","Grahl Eyeballs","mihail_monster_grahl_loot","mihailseagiants.esp","LoreRim - Alchemy Tweaks.esp","0500FB0A","8E00FB0A","fortify_carry_weight","Fortify Carry Weight","REQ_Alch_FortifyCarryWeight","Skyrim.esm","Requiem - Alchemy Redone.esp","0003EB01","0003EB01","positive","1","4.000000","600","0.100000","70"
"grahl_eyeballs","Grahl Eyeballs","mihail_monster_grahl_loot","mihailseagiants.esp","LoreRim - Alchemy Tweaks.esp","0500FB0A","8E00FB0A","resist_frost","Resist Frost","REQ_Alch_ResistFrost","Skyrim.esm","Requiem - Alchemy Redone.esp","0003EAEB","0003EAEB","positive","2","4.000000","120","0.100000","70"
"grahl_eyeballs","Grahl Eyeballs","mihail_monster_grahl_loot","mihailseagiants.esp","LoreRim - Alchemy Tweaks.esp","0500FB0A","8E00FB0A","damage_magicka","Damage Magicka","REQ_Alch_DamageMagicka","Skyrim.esm","LoreRim - Alchemy Tweaks.esp","0003A2B6","0003A2B6","negative","3","16.000000","0","0.100000","70"
"grahl_eyeballs","Grahl Eyeballs","mihail_monster_grahl_loot","mihailseagiants.esp","LoreRim - Alchemy Tweaks.esp","0500FB0A","8E00FB0A","night_eye","Night Eye","NightEyeEffect","Skyrim.esm","Skyrim.esm","0006B10C","0006B10C","positive","4","2.000000","5","0.100000","70"
"sea_giants_toe","Sea Giant's Toe","mihail_seagiant_loot","mihailseagiants.esp","LoreRim - Alchemy Tweaks.esp","0500591D","8E00591D","damage_stamina","Damage Stamina","REQ_Alch_DamageStamina","Skyrim.esm","LoreRim - Alchemy Tweaks.esp","0003A2C6","0003A2C6","negative","1","16.000000","0","0.400000","80"
"sea_giants_toe","Sea Giant's Toe","mihail_seagiant_loot","mihailseagiants.esp","LoreRim - Alchemy Tweaks.esp","0500591D","8E00591D","fortify_health","Fortify Health","REQ_Alch_FortifyHealth","Skyrim.esm","Requiem - Alchemy Redone.esp","0003EAF3","0003EAF3","positive","2","8.000000","300","0.400000","80"
"sea_giants_toe","Sea Giant's Toe","mihail_seagiant_loot","mihailseagiants.esp","LoreRim - Alchemy Tweaks.esp","0500591D","8E00591D","resist_frost","Resist Frost","REQ_Alch_ResistFrost","Skyrim.esm","Requiem - Alchemy Redone.esp","0003EAEB","0003EAEB","positive","3","4.000000","120","0.400000","80"
"sea_giants_toe","Sea Giant's Toe","mihail_seagiant_loot","mihailseagiants.esp","LoreRim - Alchemy Tweaks.esp","0500591D","8E00591D","damage_stamina_regeneration","Damage Stamina Regeneration","REQ_Alch_DamageStaminaRegeneration","Skyrim.esm","Requiem - Alchemy Redone.esp","00073F2C","00073F2C","negative","4","32.000000","60","0.400000","80"
"jasmine_scented_flower","Jasmine-Scented Flower","AK69RiverFlower","Katana.esp","LoreRim - Alchemy Tweaks.esp","05939DBD","8D939DBD","resist_fire","Resist Fire","REQ_Alch_ResistFire","Skyrim.esm","Requiem - Alchemy Redone.esp","0003EAEA","0003EAEA","positive","1","4.000000","120","0.100000","5"
"jasmine_scented_flower","Jasmine-Scented Flower","AK69RiverFlower","Katana.esp","LoreRim - Alchemy Tweaks.esp","05939DBD","8D939DBD","fortify_barter","Fortify Barter","REQ_Alch_FortifyBarter","Skyrim.esm","Requiem - Alchemy Redone.esp","0003EB23","0003EB23","positive","2","2.000000","120","0.100000","5"
"jasmine_scented_flower","Jasmine-Scented Flower","AK69RiverFlower","Katana.esp","LoreRim - Alchemy Tweaks.esp","05939DBD","8D939DBD","fortify_illusion","Fortify Illusion","REQ_Alch_FortifyIllusion","Skyrim.esm","Requiem - Alchemy Redone.esp","0003EB27","0003EB27","positive","3","4.000000","120","0.100000","5"
"jasmine_scented_flower","Jasmine-Scented Flower","AK69RiverFlower","Katana.esp","LoreRim - Alchemy Tweaks.esp","05939DBD","8D939DBD","fortify_two_handed","Fortify Two-Handed","REQ_Alch_FortifyDamage_TwoHanded","Skyrim.esm","Requiem - Alchemy Redone.esp","0003EB1A","0003EB1A","positive","4","4.000000","120","0.100000","5"
"metal_lubricant","Metal Lubricant","HLIOWD40","HLIORemi.esp","LoreRim - Alchemy Tweaks.esp","056A3052","8B6A3052","damage_stamina","Damage Stamina","REQ_Alch_DamageStamina","Skyrim.esm","LoreRim - Alchemy Tweaks.esp","0003A2C6","0003A2C6","negative","1","16.000000","0","0.400000","1"
"metal_lubricant","Metal Lubricant","HLIOWD40","HLIORemi.esp","LoreRim - Alchemy Tweaks.esp","056A3052","8B6A3052","damage_stamina_regeneration","Damage Stamina Regeneration","REQ_Alch_DamageStaminaRegeneration","Skyrim.esm","Requiem - Alchemy Redone.esp","00073F2C","00073F2C","negative","2","32.000000","60","0.400000","1"
"metal_lubricant","Metal Lubricant","HLIOWD40","HLIORemi.esp","LoreRim - Alchemy Tweaks.esp","056A3052","8B6A3052","damage_maximum_stamina","Damage Maximum Stamina","REQ_Alch_DamageMaximumStamina","Skyrim.esm","Requiem - Alchemy Redone.esp","00073F23","00073F23","negative","3","16.000000","60","0.400000","1"
"metal_lubricant","Metal Lubricant","HLIOWD40","HLIORemi.esp","LoreRim - Alchemy Tweaks.esp","056A3052","8B6A3052","cure_poison","Cure Poison","REQ_Alch_CurePoison","Skyrim.esm","Requiem - Alchemy Redone.esp","00109ADD","00109ADD","positive","4","2.000000","0","0.400000","1"
"profane_heart","Profane Heart","Trad_001_ProfaneHeart","Trad_AE_CC_Collection_Requiem_Patch.esp","LoreRim - Alchemy Tweaks.esp","4764E167","8364E167","profane_divinity","Profane Divinity","Trad_001_Alch_ProfaneHeart","Trad_AE_CC_Collection_Requiem_Patch.esp","Trad_AE_CC_Collection_Requiem_Patch.esp","4764E168","8364E168","positive","1","0.000000","0","0.400000","3000"
"profane_heart","Profane Heart","Trad_001_ProfaneHeart","Trad_AE_CC_Collection_Requiem_Patch.esp","LoreRim - Alchemy Tweaks.esp","4764E167","8364E167","restore_health","Restore Health","REQ_Alch_RestoreHealth","Skyrim.esm","Requiem - Alchemy Redone.esp","0003EB15","0003EB15","positive","2","1.000000","20","0.400000","3000"
"profane_heart","Profane Heart","Trad_001_ProfaneHeart","Trad_AE_CC_Collection_Requiem_Patch.esp","LoreRim - Alchemy Tweaks.esp","4764E167","8364E167","restore_magicka","Restore Magicka","REQ_Alch_RestoreMagicka","Skyrim.esm","Requiem - Alchemy Redone.esp","0003EB17","0003EB17","positive","3","1.000000","20","0.400000","3000"
"profane_heart","Profane Heart","Trad_001_ProfaneHeart","Trad_AE_CC_Collection_Requiem_Patch.esp","LoreRim - Alchemy Tweaks.esp","4764E167","8364E167","restore_stamina","Restore Stamina","REQ_Alch_RestoreStamina","Skyrim.esm","Requiem - Alchemy Redone.esp","0003EB16","0003EB16","positive","4","1.000000","20","0.400000","3000"
"lich_heart","Lich Heart","Trad_002_LichHeart","Trad_AE_CC_Collection_Requiem_Patch.esp","LoreRim - Alchemy Tweaks.esp","4733888C","8333888C","damage_health","Damage Health","REQ_Alch_DamageHealth","Skyrim.esm","Requiem - Alchemy Redone.esp","0003EB42","0003EB42","negative","1","16.000000","0","0.400000","1000"
"lich_heart","Lich Heart","Trad_002_LichHeart","Trad_AE_CC_Collection_Requiem_Patch.esp","LoreRim - Alchemy Tweaks.esp","4733888C","8333888C","weakness_to_fire","Weakness to Fire","REQ_Alch_WeaknessFire","Skyrim.esm","Requiem - Alchemy Redone.esp","00073F2D","00073F2D","negative","2","8.000000","30","0.400000","1000"
"lich_heart","Lich Heart","Trad_002_LichHeart","Trad_AE_CC_Collection_Requiem_Patch.esp","LoreRim - Alchemy Tweaks.esp","4733888C","8333888C","fortify_magicka","Fortify Magicka","REQ_Alch_FortifyMagicka","Skyrim.esm","Requiem - Alchemy Redone.esp","0003EAF8","0003EAF8","positive","3","16.000000","300","0.400000","1000"
"lich_heart","Lich Heart","Trad_002_LichHeart","Trad_AE_CC_Collection_Requiem_Patch.esp","LoreRim - Alchemy Tweaks.esp","4733888C","8333888C","spell_absorption","Spell Absorption","ccBGSSSE037_RaceBretonAbsorbSpellChance","ccBGSSSE037-Curios.esl","ccBGSSSE037-Curios.esl","05000812","FE016812","positive","4","2.000000","120","0.400000","1000"
"lurker_fin","Lurker Fin","Trad_037_LurkerFin","Trad_AE_CC_Collection_Requiem_Patch.esp","LoreRim - Alchemy Tweaks.esp","4733370E","8333370E","lingering_damage_stamina","Lingering Damage Stamina","REQ_Alch_LingeringDamageStamina","Skyrim.esm","LoreRim - Alchemy Tweaks.esp","0010DE5E","0010DE5E","negative","1","2.000000","15","0.400000","2000"
"lurker_fin","Lurker Fin","Trad_037_LurkerFin","Trad_AE_CC_Collection_Requiem_Patch.esp","LoreRim - Alchemy Tweaks.esp","4733370E","8333370E","spell_absorption","Spell Absorption","ccBGSSSE037_RaceBretonAbsorbSpellChance","ccBGSSSE037-Curios.esl","ccBGSSSE037-Curios.esl","05000812","FE016812","positive","2","2.000000","120","0.400000","2000"
"lurker_fin","Lurker Fin","Trad_037_LurkerFin","Trad_AE_CC_Collection_Requiem_Patch.esp","LoreRim - Alchemy Tweaks.esp","4733370E","8333370E","resist_poison","Resist Poison","REQ_Alch_ResistPoison","Skyrim.esm","Requiem - Alchemy Redone.esp","00090041","00090041","positive","3","12.000000","120","0.400000","2000"
"lurker_fin","Lurker Fin","Trad_037_LurkerFin","Trad_AE_CC_Collection_Requiem_Patch.esp","LoreRim - Alchemy Tweaks.esp","4733370E","8333370E","waterbreathing","Waterbreathing","REQ_Alch_Waterbreathing","Skyrim.esm","Requiem - Alchemy Redone.esp","0003AC2D","0003AC2D","positive","4","0.000000","48","0.400000","2000"
"riekling_wax","Riekling Wax","Trad_040_RieklingWax","Trad_AE_CC_Collection_Requiem_Patch.esp","LoreRim - Alchemy Tweaks.esp","4733370C","8333370C","lingering_damage_magicka","Lingering Damage Magicka","REQ_Alch_LingeringDamageMagicka","Skyrim.esm","LoreRim - Alchemy Tweaks.esp","0010DE5F","0010DE5F","negative","1","2.000000","15","0.200000","10"
"riekling_wax","Riekling Wax","Trad_040_RieklingWax","Trad_AE_CC_Collection_Requiem_Patch.esp","LoreRim - Alchemy Tweaks.esp","4733370C","8333370C","fortify_stamina_regeneration","Fortify Stamina Regeneration","REQ_Alch_FortifyStaminaRegeneration","Skyrim.esm","Requiem - Alchemy Redone.esp","0003EB08","0003EB08","positive","2","16.000000","300","0.200000","10"
"riekling_wax","Riekling Wax","Trad_040_RieklingWax","Trad_AE_CC_Collection_Requiem_Patch.esp","LoreRim - Alchemy Tweaks.esp","4733370C","8333370C","cure_poison","Cure Poison","REQ_Alch_CurePoison","Skyrim.esm","Requiem - Alchemy Redone.esp","00109ADD","00109ADD","positive","3","2.000000","0","0.200000","10"
"riekling_wax","Riekling Wax","Trad_040_RieklingWax","Trad_AE_CC_Collection_Requiem_Patch.esp","LoreRim - Alchemy Tweaks.esp","4733370C","8333370C","resist_frost","Resist Frost","REQ_Alch_ResistFrost","Skyrim.esm","Requiem - Alchemy Redone.esp","0003EAEB","0003EAEB","positive","4","4.000000","120","0.200000","10"
"nix_hound_eye","Nix Hound Eye","Trad_035_Ingredient_NixHoundEye","Trad_AE_CC_Collection_Requiem_Patch.esp","LoreRim - Alchemy Tweaks.esp","47281226","83281226","lingering_damage_magicka","Lingering Damage Magicka","REQ_Alch_LingeringDamageMagicka","Skyrim.esm","LoreRim - Alchemy Tweaks.esp","0010DE5F","0010DE5F","negative","1","2.000000","15","0.100000","2"
"nix_hound_eye","Nix Hound Eye","Trad_035_Ingredient_NixHoundEye","Trad_AE_CC_Collection_Requiem_Patch.esp","LoreRim - Alchemy Tweaks.esp","47281226","83281226","restore_stamina","Restore Stamina","REQ_Alch_RestoreStamina","Skyrim.esm","Requiem - Alchemy Redone.esp","0003EB16","0003EB16","positive","2","1.000000","20","0.100000","2"
"nix_hound_eye","Nix Hound Eye","Trad_035_Ingredient_NixHoundEye","Trad_AE_CC_Collection_Requiem_Patch.esp","LoreRim - Alchemy Tweaks.esp","47281226","83281226","resist_magic","Resist Magic","REQ_Alch_ResistMagic","Skyrim.esm","Requiem - Alchemy Redone.esp","00039E51","00039E51","positive","3","2.000000","120","0.100000","2"
"nix_hound_eye","Nix Hound Eye","Trad_035_Ingredient_NixHoundEye","Trad_AE_CC_Collection_Requiem_Patch.esp","LoreRim - Alchemy Tweaks.esp","47281226","83281226","night_eye","Night Eye","ccBGSSSE037_NightEyeEffect","ccBGSSSE037-Curios.esl","ccBGSSSE037-Curios.esl","05000803","FE016803","positive","4","0.000000","60","0.100000","2"
"nix_hound_heart","Nix Hound Heart","Trad_035_Ingredient_NixHoundHeart","Trad_AE_CC_Collection_Requiem_Patch.esp","LoreRim - Alchemy Tweaks.esp","47281224","83281224","fortify_stamina","Fortify Stamina","REQ_Alch_FortifyStamina","Skyrim.esm","Requiem - Alchemy Redone.esp","0003EAF9","0003EAF9","positive","1","8.000000","300","0.400000","25"
"nix_hound_heart","Nix Hound Heart","Trad_035_Ingredient_NixHoundHeart","Trad_AE_CC_Collection_Requiem_Patch.esp","LoreRim - Alchemy Tweaks.esp","47281224","83281224","restore_stamina","Restore Stamina","REQ_Alch_RestoreStamina","Skyrim.esm","Requiem - Alchemy Redone.esp","0003EB16","0003EB16","positive","2","1.000000","20","0.400000","25"
"nix_hound_heart","Nix Hound Heart","Trad_035_Ingredient_NixHoundHeart","Trad_AE_CC_Collection_Requiem_Patch.esp","LoreRim - Alchemy Tweaks.esp","47281224","83281224","frenzy","Frenzy","REQ_Alch_Frenzy","Skyrim.esm","Requiem - Alchemy Redone.esp","00073F29","00073F29","negative","3","2.000000","15","0.400000","25"
"nix_hound_heart","Nix Hound Heart","Trad_035_Ingredient_NixHoundHeart","Trad_AE_CC_Collection_Requiem_Patch.esp","LoreRim - Alchemy Tweaks.esp","47281224","83281224","damage_stamina","Damage Stamina","REQ_Alch_DamageStamina","Skyrim.esm","LoreRim - Alchemy Tweaks.esp","0003A2C6","0003A2C6","negative","4","16.000000","0","0.400000","25"
"goblin_wax","Goblin Wax","Trad_040_GoblinWax","Trad_AE_CC_Collection_Requiem_Patch.esp","LoreRim - Alchemy Tweaks.esp","47281221","83281221","lingering_damage_magicka","Lingering Damage Magicka","REQ_Alch_LingeringDamageMagicka","Skyrim.esm","LoreRim - Alchemy Tweaks.esp","0010DE5F","0010DE5F","negative","1","2.000000","15","0.200000","10"
"goblin_wax","Goblin Wax","Trad_040_GoblinWax","Trad_AE_CC_Collection_Requiem_Patch.esp","LoreRim - Alchemy Tweaks.esp","47281221","83281221","cure_poison","Cure Poison","REQ_Alch_CurePoison","Skyrim.esm","Requiem - Alchemy Redone.esp","00109ADD","00109ADD","positive","2","2.000000","0","0.200000","10"
"goblin_wax","Goblin Wax","Trad_040_GoblinWax","Trad_AE_CC_Collection_Requiem_Patch.esp","LoreRim - Alchemy Tweaks.esp","47281221","83281221","damage_maximum_health","Damage Maximum Health","REQ_Alch_DamageMaximumHealth","Skyrim.esm","Requiem - Alchemy Redone.esp","00073F26","00073F26","negative","3","8.000000","60","0.200000","10"
"goblin_wax","Goblin Wax","Trad_040_GoblinWax","Trad_AE_CC_Collection_Requiem_Patch.esp","LoreRim - Alchemy Tweaks.esp","47281221","83281221","fortify_stamina_regeneration","Fortify Stamina Regeneration","REQ_Alch_FortifyStaminaRegeneration","Skyrim.esm","Requiem - Alchemy Redone.esp","0003EB08","0003EB08","positive","4","16.000000","300","0.200000","10"
"ash_heart","Ash Heart","Trad_001_AshHeart","Trad_AE_CC_Collection_Requiem_Patch.esp","LoreRim - Alchemy Tweaks.esp","47173395","83173395","lesser_corpus","Lesser Corpus","Trad_001_Alch_Corpus","Trad_AE_CC_Collection_Requiem_Patch.esp","Trad_AE_CC_Collection_Requiem_Patch.esp","47173397","83173397","positive","1","1.000000","1","0.400000","15"
"ash_heart","Ash Heart","Trad_001_AshHeart","Trad_AE_CC_Collection_Requiem_Patch.esp","LoreRim - Alchemy Tweaks.esp","47173395","83173395","fortify_carry_weight","Fortify Carry Weight","REQ_Alch_FortifyCarryWeight","Skyrim.esm","Requiem - Alchemy Redone.esp","0003EB01","0003EB01","positive","2","4.000000","600","0.400000","15"
"ash_heart","Ash Heart","Trad_001_AshHeart","Trad_AE_CC_Collection_Requiem_Patch.esp","LoreRim - Alchemy Tweaks.esp","47173395","83173395","restore_health","Restore Health","REQ_Alch_RestoreHealth","Skyrim.esm","Requiem - Alchemy Redone.esp","0003EB15","0003EB15","positive","3","1.000000","20","0.400000","15"
"ash_heart","Ash Heart","Trad_001_AshHeart","Trad_AE_CC_Collection_Requiem_Patch.esp","LoreRim - Alchemy Tweaks.esp","47173395","83173395","light","Light","ccBGSSSE037_LightFFSelf","ccBGSSSE037-Curios.esl","ccBGSSSE037-Curios.esl","05000846","FE016846","positive","4","0.000000","60","0.400000","15"
"ash_salts","Ash Salts","Trad_001_AshSalts","Trad_AE_CC_Collection_Requiem_Patch.esp","LoreRim - Alchemy Tweaks.esp","47173394","83173394","slow","Slow","REQ_Alch_Slow","Skyrim.esm","Requiem - Alchemy Redone.esp","00073F25","00073F25","negative","1","50.000000","4","0.100000","25"
"ash_salts","Ash Salts","Trad_001_AshSalts","Trad_AE_CC_Collection_Requiem_Patch.esp","LoreRim - Alchemy Tweaks.esp","47173394","83173394","resist_magic","Resist Magic","REQ_Alch_ResistMagic","Skyrim.esm","Requiem - Alchemy Redone.esp","00039E51","00039E51","positive","2","2.000000","120","0.100000","25"
"ash_salts","Ash Salts","Trad_001_AshSalts","Trad_AE_CC_Collection_Requiem_Patch.esp","LoreRim - Alchemy Tweaks.esp","47173394","83173394","cure_disease","Cure Disease","REQ_Alch_CureDisease","Skyrim.esm","Requiem - Alchemy Redone.esp","000AE722","000AE722","positive","3","5.000000","0","0.100000","25"
"ash_salts","Ash Salts","Trad_001_AshSalts","Trad_AE_CC_Collection_Requiem_Patch.esp","LoreRim - Alchemy Tweaks.esp","47173394","83173394","spell_absorption","Spell Absorption","ccBGSSSE037_RaceBretonAbsorbSpellChance","ccBGSSSE037-Curios.esl","ccBGSSSE037-Curios.esl","05000812","FE016812","positive","4","1.000000","120","0.100000","25"
"venomous_spittle","Venomous Spittle","REQ_Ingredient_FrostBiteSpiderSalvia","Requiem.esp","LoreRim - Alchemy Tweaks.esp","0A44C4A8","7F44C4A8","lingering_damage_health","Lingering Damage Health","REQ_Alch_LingeringDamageHealth","Skyrim.esm","Requiem - Alchemy Redone.esp","0010AA4A","0010AA4A","negative","1","1.500000","15","0.300000","50"
"venomous_spittle","Venomous Spittle","REQ_Ingredient_FrostBiteSpiderSalvia","Requiem.esp","LoreRim - Alchemy Tweaks.esp","0A44C4A8","7F44C4A8","damage_health","Damage Health","REQ_Alch_DamageHealth","Skyrim.esm","Requiem - Alchemy Redone.esp","0003EB42","0003EB42","negative","2","12.000000","0","0.300000","50"
"venomous_spittle","Venomous Spittle","REQ_Ingredient_FrostBiteSpiderSalvia","Requiem.esp","LoreRim - Alchemy Tweaks.esp","0A44C4A8","7F44C4A8","lingering_damage_stamina","Lingering Damage Stamina","REQ_Alch_LingeringDamageStamina","Skyrim.esm","LoreRim - Alchemy Tweaks.esp","0010DE5E","0010DE5E","negative","3","3.000000","15","0.300000","50"
"venomous_spittle","Venomous Spittle","REQ_Ingredient_FrostBiteSpiderSalvia","Requiem.esp","LoreRim - Alchemy Tweaks.esp","0A44C4A8","7F44C4A8","paralysis","Paralysis","REQ_Alch_Paralysis","Skyrim.esm","Big Tweaks.esp","00073F30","00073F30","negative","4","0.000000","2","0.300000","50"
"blue_glitterdust","Blue Glitterdust","REQ_Ingredient_BlueDust","Requiem.esp","LoreRim - Alchemy Tweaks.esp","0A3AB3C5","7F3AB3C5","damage_stamina","Damage Stamina","REQ_Alch_DamageStamina","Skyrim.esm","LoreRim - Alchemy Tweaks.esp","0003A2C6","0003A2C6","negative","1","16.000000","0","0.300000","100"
"blue_glitterdust","Blue Glitterdust","REQ_Ingredient_BlueDust","Requiem.esp","LoreRim - Alchemy Tweaks.esp","0A3AB3C5","7F3AB3C5","cure_poison","Cure Poison","REQ_Alch_CurePoison","Skyrim.esm","Requiem - Alchemy Redone.esp","00109ADD","00109ADD","positive","2","2.000000","0","0.300000","100"
"blue_glitterdust","Blue Glitterdust","REQ_Ingredient_BlueDust","Requiem.esp","LoreRim - Alchemy Tweaks.esp","0A3AB3C5","7F3AB3C5","dispel","Dispel","REQ_Alch_Dispel","Requiem.esp","Requiem - Alchemy Redone.esp","0AAD3A55","7FAD3A55","positive","3","5.000000","0","0.300000","100"
"blue_glitterdust","Blue Glitterdust","REQ_Ingredient_BlueDust","Requiem.esp","LoreRim - Alchemy Tweaks.esp","0A3AB3C5","7F3AB3C5","resist_poison","Resist Poison","REQ_Alch_ResistPoison","Skyrim.esm","Requiem - Alchemy Redone.esp","00090041","00090041","positive","4","9.000000","120","0.300000","100"
"red_glitterdust","Red Glitterdust","REQ_Ingredient_RedGemDust","Requiem.esp","LoreRim - Alchemy Tweaks.esp","0A3AB3BC","7F3AB3BC","damage_health","Damage Health","REQ_Alch_DamageHealth","Skyrim.esm","Requiem - Alchemy Redone.esp","0003EB42","0003EB42","negative","1","8.000000","0","0.300000","50"
"red_glitterdust","Red Glitterdust","REQ_Ingredient_RedGemDust","Requiem.esp","LoreRim - Alchemy Tweaks.esp","0A3AB3BC","7F3AB3BC","fortify_carry_weight","Fortify Carry Weight","REQ_Alch_FortifyCarryWeight","Skyrim.esm","Requiem - Alchemy Redone.esp","0003EB01","0003EB01","positive","2","6.000000","600","0.300000","50"
"red_glitterdust","Red Glitterdust","REQ_Ingredient_RedGemDust","Requiem.esp","LoreRim - Alchemy Tweaks.esp","0A3AB3BC","7F3AB3BC","restore_magicka","Restore Magicka","REQ_Alch_RestoreMagicka","Skyrim.esm","Requiem - Alchemy Redone.esp","0003EB17","0003EB17","positive","3","1.500000","20","0.300000","50"
"red_glitterdust","Red Glitterdust","REQ_Ingredient_RedGemDust","Requiem.esp","LoreRim - Alchemy Tweaks.esp","0A3AB3BC","7F3AB3BC","dispel","Dispel","REQ_Alch_Dispel","Requiem.esp","Requiem - Alchemy Redone.esp","0AAD3A55","7FAD3A55","positive","4","7.500000","0","0.300000","50"
"jons_giant_abecean_longfin","Jon's Giant Abecean Longfin","REQ_Ingredient_Cleese_CritterPondFish","Requiem.esp","LoreRim - Alchemy Tweaks.esp","0A0972E6","7F0972E6","weakness_to_frost","Weakness to Frost","REQ_Alch_WeaknessFrost","Skyrim.esm","Requiem - Alchemy Redone.esp","00073F2E","00073F2E","negative","1","4.000000","30","0.400000","500"
"jons_giant_abecean_longfin","Jon's Giant Abecean Longfin","REQ_Ingredient_Cleese_CritterPondFish","Requiem.esp","LoreRim - Alchemy Tweaks.esp","0A0972E6","7F0972E6","fortify_sneak","Fortify Sneak","REQ_Alch_FortifySneak","Skyrim.esm","Requiem - Alchemy Redone.esp","0003EB22","0003EB22","positive","2","4.000000","120","0.400000","500"
"jons_giant_abecean_longfin","Jon's Giant Abecean Longfin","REQ_Ingredient_Cleese_CritterPondFish","Requiem.esp","LoreRim - Alchemy Tweaks.esp","0A0972E6","7F0972E6","weakness_to_poison","Weakness to Poison","REQ_Alch_WeaknessPoison","Skyrim.esm","Requiem - Alchemy Redone.esp","00090042","00090042","negative","3","6.000000","30","0.400000","500"
"jons_giant_abecean_longfin","Jon's Giant Abecean Longfin","REQ_Ingredient_Cleese_CritterPondFish","Requiem.esp","LoreRim - Alchemy Tweaks.esp","0A0972E6","7F0972E6","fortify_restoration","Fortify Restoration","REQ_Alch_FortifyRestoration","Skyrim.esm","Requiem - Alchemy Redone.esp","0003EB28","0003EB28","positive","4","4.000000","120","0.400000","500"
"strange_remains","Strange Remains","REQ_Ingredient_StrangeRemains","Requiem.esp","LoreRim - Alchemy Tweaks.esp","0A07524B","7F07524B","invisibility","Invisibility","REQ_Alch_Invisibillity","Skyrim.esm","Requiem - Alchemy Redone.esp","0003EB3D","0003EB3D","positive","1","0.000000","16","0.400000","850"
"strange_remains","Strange Remains","REQ_Ingredient_StrangeRemains","Requiem.esp","LoreRim - Alchemy Tweaks.esp","0A07524B","7F07524B","soul_trap","Soul Trap","REQ_Alch_SoulTrap","Requiem.esp","Requiem - Alchemy Redone.esp","0A20B30F","7F20B30F","positive","2","0.000000","16","0.400000","850"
"strange_remains","Strange Remains","REQ_Ingredient_StrangeRemains","Requiem.esp","LoreRim - Alchemy Tweaks.esp","0A07524B","7F07524B","fortify_destruction","Fortify Destruction","REQ_Alch_FortifyDestruction","Skyrim.esm","Requiem - Alchemy Redone.esp","0003EB26","0003EB26","positive","3","8.000000","120","0.400000","850"
"strange_remains","Strange Remains","REQ_Ingredient_StrangeRemains","Requiem.esp","LoreRim - Alchemy Tweaks.esp","0A07524B","7F07524B","resist_shock","Resist Shock","REQ_Alch_ResistShock","Skyrim.esm","Requiem - Alchemy Redone.esp","0003EAEC","0003EAEC","positive","4","6.000000","120","0.400000","850"
"sabre_cat_eye","Sabre Cat Eye","REQ_Ingredient_SabreCatEye","Requiem.esp","LoreRim - Alchemy Tweaks.esp","0A065314","7F065314","restore_stamina","Restore Stamina","REQ_Alch_RestoreStamina","Skyrim.esm","Requiem - Alchemy Redone.esp","0003EB16","0003EB16","positive","1","1.000000","20","0.100000","2"
"sabre_cat_eye","Sabre Cat Eye","REQ_Ingredient_SabreCatEye","Requiem.esp","LoreRim - Alchemy Tweaks.esp","0A065314","7F065314","damage_maximum_health","Damage Maximum Health","REQ_Alch_DamageMaximumHealth","Skyrim.esm","Requiem - Alchemy Redone.esp","00073F26","00073F26","negative","2","8.000000","60","0.100000","2"
"sabre_cat_eye","Sabre Cat Eye","REQ_Ingredient_SabreCatEye","Requiem.esp","LoreRim - Alchemy Tweaks.esp","0A065314","7F065314","damage_magicka","Damage Magicka","REQ_Alch_DamageMagicka","Skyrim.esm","LoreRim - Alchemy Tweaks.esp","0003A2B6","0003A2B6","negative","3","16.000000","0","0.100000","2"
"sabre_cat_eye","Sabre Cat Eye","REQ_Ingredient_SabreCatEye","Requiem.esp","LoreRim - Alchemy Tweaks.esp","0A065314","7F065314","restore_health","Restore Health","REQ_Alch_RestoreHealth","Skyrim.esm","Requiem - Alchemy Redone.esp","0003EB15","0003EB15","positive","4","1.000000","20","0.100000","2"
"sabre_cat_heart","Sabre Cat Heart","REQ_Ingredient_SabrecatHeart","Requiem.esp","LoreRim - Alchemy Tweaks.esp","0A043665","7F043665","damage_health","Damage Health","REQ_Alch_DamageHealth","Skyrim.esm","Requiem - Alchemy Redone.esp","0003EB42","0003EB42","negative","1","8.000000","0","0.400000","35"
"sabre_cat_heart","Sabre Cat Heart","REQ_Ingredient_SabrecatHeart","Requiem.esp","LoreRim - Alchemy Tweaks.esp","0A043665","7F043665","damage_magicka","Damage Magicka","REQ_Alch_DamageMagicka","Skyrim.esm","LoreRim - Alchemy Tweaks.esp","0003A2B6","0003A2B6","negative","2","16.000000","0","0.400000","35"
"sabre_cat_heart","Sabre Cat Heart","REQ_Ingredient_SabrecatHeart","Requiem.esp","LoreRim - Alchemy Tweaks.esp","0A043665","7F043665","damage_stamina","Damage Stamina","REQ_Alch_DamageStamina","Skyrim.esm","LoreRim - Alchemy Tweaks.esp","0003A2C6","0003A2C6","negative","3","16.000000","0","0.400000","35"
"sabre_cat_heart","Sabre Cat Heart","REQ_Ingredient_SabrecatHeart","Requiem.esp","LoreRim - Alchemy Tweaks.esp","0A043665","7F043665","frenzy","Frenzy","REQ_Alch_Frenzy","Skyrim.esm","Requiem - Alchemy Redone.esp","00073F29","00073F29","negative","4","2.000000","15","0.400000","35"
"claws","Claws","REQ_Ingredient_Claws","Requiem.esp","LoreRim - Alchemy Tweaks.esp","0A043663","7F043663","restore_stamina","Restore Stamina","REQ_Alch_RestoreStamina","Skyrim.esm","Requiem - Alchemy Redone.esp","0003EB16","0003EB16","positive","1","1.000000","20","0.100000","2"
"claws","Claws","REQ_Ingredient_Claws","Requiem.esp","LoreRim - Alchemy Tweaks.esp","0A043663","7F043663","fortify_speed","Fortify Speed","REQ_Alch_FortifySpeed","Skyrim.esm","Requiem - Alchemy Redone.esp","0003EB1F","0003EB1F","positive","2","1.000000","120","0.100000","2"
"claws","Claws","REQ_Ingredient_Claws","Requiem.esp","LoreRim - Alchemy Tweaks.esp","0A043663","7F043663","fortify_stamina_regeneration","Fortify Stamina Regeneration","REQ_Alch_FortifyStaminaRegeneration","Skyrim.esm","Requiem - Alchemy Redone.esp","0003EB08","0003EB08","positive","3","16.000000","300","0.100000","2"
"claws","Claws","REQ_Ingredient_Claws","Requiem.esp","LoreRim - Alchemy Tweaks.esp","0A043663","7F043663","damage_magicka_regeneration","Damage Magicka Regeneration","REQ_Alch_DamageMagickaRegeneration","Skyrim.esm","Requiem - Alchemy Redone.esp","00073F2B","00073F2B","negative","4","32.000000","16","0.100000","2"
"mammoth_heart_muscle","Mammoth Heart Muscle","REQ_Ingredient_MammothHeart","Requiem.esp","LoreRim - Alchemy Tweaks.esp","0A043661","7F043661","fortify_carry_weight","Fortify Carry Weight","REQ_Alch_FortifyCarryWeight","Skyrim.esm","Requiem - Alchemy Redone.esp","0003EB01","0003EB01","positive","1","8.000000","600","1.000000","250"
"mammoth_heart_muscle","Mammoth Heart Muscle","REQ_Ingredient_MammothHeart","Requiem.esp","LoreRim - Alchemy Tweaks.esp","0A043661","7F043661","fortify_armor_rating","Fortify Armor Rating","REQ_Alch_FortifyArmorRating","Skyrim.esm","Requiem - Alchemy Redone.esp","0003EB1E","0003EB1E","positive","2","18.000000","120","1.000000","250"
"mammoth_heart_muscle","Mammoth Heart Muscle","REQ_Ingredient_MammothHeart","Requiem.esp","LoreRim - Alchemy Tweaks.esp","0A043661","7F043661","fortify_stamina","Fortify Stamina","REQ_Alch_FortifyStamina","Skyrim.esm","Requiem - Alchemy Redone.esp","0003EAF9","0003EAF9","positive","3","12.000000","300","1.000000","250"
"mammoth_heart_muscle","Mammoth Heart Muscle","REQ_Ingredient_MammothHeart","Requiem.esp","LoreRim - Alchemy Tweaks.esp","0A043661","7F043661","fortify_health","Fortify Health","REQ_Alch_FortifyHealth","Skyrim.esm","Requiem - Alchemy Redone.esp","0003EAF3","0003EAF3","positive","4","12.000000","300","1.000000","250"
"bear_heart","Bear Heart","REQ_Ingredient_BearHeart","Requiem.esp","LoreRim - Alchemy Tweaks.esp","0A04365F","7F04365F","fortify_health","Fortify Health","REQ_Alch_FortifyHealth","Skyrim.esm","Requiem - Alchemy Redone.esp","0003EAF3","0003EAF3","positive","1","8.000000","300","0.400000","40"
"bear_heart","Bear Heart","REQ_Ingredient_BearHeart","Requiem.esp","LoreRim - Alchemy Tweaks.esp","0A04365F","7F04365F","frenzy","Frenzy","REQ_Alch_Frenzy","Skyrim.esm","Requiem - Alchemy Redone.esp","00073F29","00073F29","negative","2","2.000000","15","0.400000","40"
"bear_heart","Bear Heart","REQ_Ingredient_BearHeart","Requiem.esp","LoreRim - Alchemy Tweaks.esp","0A04365F","7F04365F","damage_stamina","Damage Stamina","REQ_Alch_DamageStamina","Skyrim.esm","LoreRim - Alchemy Tweaks.esp","0003A2C6","0003A2C6","negative","3","16.000000","0","0.400000","40"
"bear_heart","Bear Heart","REQ_Ingredient_BearHeart","Requiem.esp","LoreRim - Alchemy Tweaks.esp","0A04365F","7F04365F","fortify_destruction","Fortify Destruction","REQ_Alch_FortifyDestruction","Skyrim.esm","Requiem - Alchemy Redone.esp","0003EB26","0003EB26","positive","4","4.000000","120","0.400000","40"
"wolf_heart","Wolf Heart","REQ_Ingredient_WolfHeart","Requiem.esp","LoreRim - Alchemy Tweaks.esp","0A04365E","7F04365E","damage_health","Damage Health","REQ_Alch_DamageHealth","Skyrim.esm","Requiem - Alchemy Redone.esp","0003EB42","0003EB42","negative","1","8.000000","0","0.300000","25"
"wolf_heart","Wolf Heart","REQ_Ingredient_WolfHeart","Requiem.esp","LoreRim - Alchemy Tweaks.esp","0A04365E","7F04365E","damage_magicka","Damage Magicka","REQ_Alch_DamageMagicka","Skyrim.esm","LoreRim - Alchemy Tweaks.esp","0003A2B6","0003A2B6","negative","2","16.000000","0","0.300000","25"
"wolf_heart","Wolf Heart","REQ_Ingredient_WolfHeart","Requiem.esp","LoreRim - Alchemy Tweaks.esp","0A04365E","7F04365E","damage_stamina","Damage Stamina","REQ_Alch_DamageStamina","Skyrim.esm","LoreRim - Alchemy Tweaks.esp","0003A2C6","0003A2C6","negative","3","16.000000","0","0.300000","25"
"wolf_heart","Wolf Heart","REQ_Ingredient_WolfHeart","Requiem.esp","LoreRim - Alchemy Tweaks.esp","0A04365E","7F04365E","frenzy","Frenzy","REQ_Alch_Frenzy","Skyrim.esm","Requiem - Alchemy Redone.esp","00073F29","00073F29","negative","4","2.000000","15","0.300000","25"
"horker_fat","Horker Fat","REQ_Ingredient_HorkerFat","Requiem.esp","LoreRim - Alchemy Tweaks.esp","0A034E09","7F034E09","resist_poison","Resist Poison","REQ_Alch_ResistPoison","Skyrim.esm","Requiem - Alchemy Redone.esp","00090041","00090041","positive","1","6.000000","120","0.400000","25"
"horker_fat","Horker Fat","REQ_Ingredient_HorkerFat","Requiem.esp","LoreRim - Alchemy Tweaks.esp","0A034E09","7F034E09","fortify_two_handed","Fortify Two-Handed","REQ_Alch_FortifyDamage_TwoHanded","Skyrim.esm","Requiem - Alchemy Redone.esp","0003EB1A","0003EB1A","positive","2","4.000000","120","0.400000","25"
"horker_fat","Horker Fat","REQ_Ingredient_HorkerFat","Requiem.esp","LoreRim - Alchemy Tweaks.esp","0A034E09","7F034E09","frenzy","Frenzy","REQ_Alch_Frenzy","Skyrim.esm","Requiem - Alchemy Redone.esp","00073F29","00073F29","negative","3","2.000000","15","0.400000","25"
"horker_fat","Horker Fat","REQ_Ingredient_HorkerFat","Requiem.esp","LoreRim - Alchemy Tweaks.esp","0A034E09","7F034E09","damage_health","Damage Health","REQ_Alch_DamageHealth","Skyrim.esm","Requiem - Alchemy Redone.esp","0003EB42","0003EB42","negative","4","8.000000","0","0.400000","25"
"jarrin_root","Jarrin Root","DBJarrinRootWR","SurWR.esp","LoreRim - Alchemy Tweaks.esp","0504D68C","7B04D68C","damage_health","Damage Health","REQ_Alch_DamageHealth","Skyrim.esm","Requiem - Alchemy Redone.esp","0003EB42","0003EB42","negative","1","16.000000","0","0.250000","100"
"jarrin_root","Jarrin Root","DBJarrinRootWR","SurWR.esp","LoreRim - Alchemy Tweaks.esp","0504D68C","7B04D68C","damage_magicka","Damage Magicka","REQ_Alch_DamageMagicka","Skyrim.esm","LoreRim - Alchemy Tweaks.esp","0003A2B6","0003A2B6","negative","2","16.000000","0","0.250000","100"
"jarrin_root","Jarrin Root","DBJarrinRootWR","SurWR.esp","LoreRim - Alchemy Tweaks.esp","0504D68C","7B04D68C","damage_stamina","Damage Stamina","REQ_Alch_DamageStamina","Skyrim.esm","LoreRim - Alchemy Tweaks.esp","0003A2C6","0003A2C6","negative","3","16.000000","0","0.250000","100"
"jarrin_root","Jarrin Root","DBJarrinRootWR","SurWR.esp","LoreRim - Alchemy Tweaks.esp","0504D68C","7B04D68C","damage_magicka_regeneration","Damage Magicka Regeneration","REQ_Alch_DamageMagickaRegeneration","Skyrim.esm","Requiem - Alchemy Redone.esp","00073F2B","00073F2B","negative","4","32.000000","60","0.250000","100"
"altmer_ear","Altmer Ear","0WHThalmorEar","WindhelmSSE.esp","LoreRim - Alchemy Tweaks.esp","0528C43D","7A28C43D","fortify_magicka","Fortify Magicka","REQ_Alch_FortifyMagicka","Skyrim.esm","Requiem - Alchemy Redone.esp","0003EAF8","0003EAF8","positive","1","8.000000","300","0.200000","10"
"altmer_ear","Altmer Ear","0WHThalmorEar","WindhelmSSE.esp","LoreRim - Alchemy Tweaks.esp","0528C43D","7A28C43D","fortify_magicka_regeneration","Fortify Magicka Regeneration","REQ_Alch_FortifyMagickaRegeneration","Skyrim.esm","Requiem - Alchemy Redone.esp","0003EB07","0003EB07","positive","2","16.000000","300","0.200000","10"
"altmer_ear","Altmer Ear","0WHThalmorEar","WindhelmSSE.esp","LoreRim - Alchemy Tweaks.esp","0528C43D","7A28C43D","frenzy","Frenzy","REQ_Alch_Frenzy","Skyrim.esm","Requiem - Alchemy Redone.esp","00073F29","00073F29","negative","3","2.000000","15","0.200000","10"
"altmer_ear","Altmer Ear","0WHThalmorEar","WindhelmSSE.esp","LoreRim - Alchemy Tweaks.esp","0528C43D","7A28C43D","weakness_to_magic","Weakness to Magic","REQ_Alch_WeaknessMagic","Skyrim.esm","Requiem - Alchemy Redone.esp","00073F51","00073F51","negative","4","2.000000","30","0.200000","10"
"fish_oil","Fish Oil","RTDocks_FishOil","Riften Docks Overhaul.esp","LoreRim - Alchemy Tweaks.esp","060C739E","790C739E","weakness_to_magic","Weakness to Magic","REQ_Alch_WeaknessMagic","Skyrim.esm","Requiem - Alchemy Redone.esp","00073F51","00073F51","negative","1","2.000000","30","0.250000","15"
"fish_oil","Fish Oil","RTDocks_FishOil","Riften Docks Overhaul.esp","LoreRim - Alchemy Tweaks.esp","060C739E","790C739E","fortify_magicka","Fortify Magicka","REQ_Alch_FortifyMagicka","Skyrim.esm","Requiem - Alchemy Redone.esp","0003EAF8","0003EAF8","positive","2","8.000000","300","0.250000","15"
"fish_oil","Fish Oil","RTDocks_FishOil","Riften Docks Overhaul.esp","LoreRim - Alchemy Tweaks.esp","060C739E","790C739E","fortify_magicka_regeneration","Fortify Magicka Regeneration","REQ_Alch_FortifyMagickaRegeneration","Skyrim.esm","Requiem - Alchemy Redone.esp","0003EB07","0003EB07","positive","3","16.000000","300","0.250000","15"
"fish_oil","Fish Oil","RTDocks_FishOil","Riften Docks Overhaul.esp","LoreRim - Alchemy Tweaks.esp","060C739E","790C739E","damage_health","Damage Health","REQ_Alch_DamageHealth","Skyrim.esm","Requiem - Alchemy Redone.esp","0003EB42","0003EB42","negative","4","8.000000","0","0.250000","15"
"snow_thrush_egg","Snow Thrush Egg","LangleyBirdEgg1","Inigo.esp","LoreRim - Alchemy Tweaks.esp","0206341B","4406341B","resist_frost","Resist Frost","REQ_Alch_ResistFrost","Skyrim.esm","Requiem - Alchemy Redone.esp","0003EAEB","0003EAEB","positive","1","4.000000","120","0.400000","5"
"snow_thrush_egg","Snow Thrush Egg","LangleyBirdEgg1","Inigo.esp","LoreRim - Alchemy Tweaks.esp","0206341B","4406341B","fortify_lockpicking","Fortify Lockpicking","REQ_Alch_FortifyLockpicking","Requiem.esp","Requiem - Alchemy Redone.esp","0A0BCC54","7F0BCC54","positive","2","0.800000","120","0.400000","5"
"snow_thrush_egg","Snow Thrush Egg","LangleyBirdEgg1","Inigo.esp","LoreRim - Alchemy Tweaks.esp","0206341B","4406341B","resist_shock","Resist Shock","REQ_Alch_ResistShock","Skyrim.esm","Requiem - Alchemy Redone.esp","0003EAEC","0003EAEC","positive","3","4.000000","120","0.400000","5"
"snow_thrush_egg","Snow Thrush Egg","LangleyBirdEgg1","Inigo.esp","LoreRim - Alchemy Tweaks.esp","0206341B","4406341B","cure_disease","Cure Disease","REQ_Alch_CureDisease","Skyrim.esm","Requiem - Alchemy Redone.esp","000AE722","000AE722","positive","4","5.000000","0","0.400000","5"
"scamp_ear_dark","Scamp Ear (Dark)","zzzCHScampEarDark","Vigilant.esm","LoreRim - Alchemy Tweaks.esp","02504494","2F504494","damage_magicka_regeneration","Damage Magicka Regeneration","REQ_Alch_DamageMagickaRegeneration","Skyrim.esm","Requiem - Alchemy Redone.esp","00073F2B","00073F2B","negative","1","16.000000","60","0.200000","3"
"scamp_ear_dark","Scamp Ear (Dark)","zzzCHScampEarDark","Vigilant.esm","LoreRim - Alchemy Tweaks.esp","02504494","2F504494","damage_maximum_magicka","Damage Maximum Magicka","REQ_Alch_DamageMaximumMagicka","Skyrim.esm","Requiem - Alchemy Redone.esp","00073F27","00073F27","negative","2","16.000000","60","0.200000","3"
"scamp_ear_dark","Scamp Ear (Dark)","zzzCHScampEarDark","Vigilant.esm","LoreRim - Alchemy Tweaks.esp","02504494","2F504494","damage_magicka","Damage Magicka","REQ_Alch_DamageMagicka","Skyrim.esm","LoreRim - Alchemy Tweaks.esp","0003A2B6","0003A2B6","negative","3","16.000000","0","0.200000","3"
"scamp_ear_dark","Scamp Ear (Dark)","zzzCHScampEarDark","Vigilant.esm","LoreRim - Alchemy Tweaks.esp","02504494","2F504494","fortify_armor_rating","Fortify Armor Rating","REQ_Alch_FortifyArmorRating","Skyrim.esm","Requiem - Alchemy Redone.esp","0003EB1E","0003EB1E","positive","4","12.000000","120","0.200000","3"
"ogrim_fat","Ogrim Fat","zzzCHOgrimFat","Vigilant.esm","LoreRim - Alchemy Tweaks.esp","02500DEA","2F500DEA","restore_health","Restore Health","REQ_Alch_RestoreHealth","Skyrim.esm","Requiem - Alchemy Redone.esp","0003EB15","0003EB15","positive","1","4.000000","20","0.100000","18"
"ogrim_fat","Ogrim Fat","zzzCHOgrimFat","Vigilant.esm","LoreRim - Alchemy Tweaks.esp","02500DEA","2F500DEA","fortify_restoration","Fortify Restoration","REQ_Alch_FortifyRestoration","Skyrim.esm","Requiem - Alchemy Redone.esp","0003EB28","0003EB28","positive","2","4.000000","120","0.100000","18"
"ogrim_fat","Ogrim Fat","zzzCHOgrimFat","Vigilant.esm","LoreRim - Alchemy Tweaks.esp","02500DEA","2F500DEA","resist_poison","Resist Poison","REQ_Alch_ResistPoison","Skyrim.esm","Requiem - Alchemy Redone.esp","00090041","00090041","positive","3","6.000000","120","0.100000","18"
"ogrim_fat","Ogrim Fat","zzzCHOgrimFat","Vigilant.esm","LoreRim - Alchemy Tweaks.esp","02500DEA","2F500DEA","damage_magicka","Damage Magicka","REQ_Alch_DamageMagicka","Skyrim.esm","LoreRim - Alchemy Tweaks.esp","0003A2B6","0003A2B6","negative","4","16.000000","0","0.100000","18"
"white_flower","White Flower","zzzCHMountainFlower01White","Vigilant.esm","LoreRim - Alchemy Tweaks.esp","02220038","2F220038","restore_health","Restore Health","REQ_Alch_RestoreHealth","Skyrim.esm","Requiem - Alchemy Redone.esp","0003EB15","0003EB15","positive","1","1.000000","20","0.100000","2"
"white_flower","White Flower","zzzCHMountainFlower01White","Vigilant.esm","LoreRim - Alchemy Tweaks.esp","02220038","2F220038","fortify_conjuration","Fortify Conjuration","REQ_Alch_FortifyConjuration","Skyrim.esm","Requiem - Alchemy Redone.esp","0003EB25","0003EB25","positive","2","4.000000","120","0.100000","2"
"white_flower","White Flower","zzzCHMountainFlower01White","Vigilant.esm","LoreRim - Alchemy Tweaks.esp","02220038","2F220038","fortify_health","Fortify Health","REQ_Alch_FortifyHealth","Skyrim.esm","Requiem - Alchemy Redone.esp","0003EAF3","0003EAF3","positive","3","4.000000","300","0.100000","2"
"white_flower","White Flower","zzzCHMountainFlower01White","Vigilant.esm","LoreRim - Alchemy Tweaks.esp","02220038","2F220038","damage_magicka_regeneration","Damage Magicka Regeneration","REQ_Alch_DamageMagickaRegeneration","Skyrim.esm","Requiem - Alchemy Redone.esp","00073F2B","00073F2B","negative","4","16.000000","60","0.100000","2"
"heart_of_order","Heart of Order","zzzCHOrderHeart","Vigilant.esm","LoreRim - Alchemy Tweaks.esp","0212B2FB","2F12B2FB","restore_health","Restore Health","REQ_Alch_RestoreHealth","Skyrim.esm","Requiem - Alchemy Redone.esp","0003EB15","0003EB15","positive","1","1.000000","20","0.400000","250"
"heart_of_order","Heart of Order","zzzCHOrderHeart","Vigilant.esm","LoreRim - Alchemy Tweaks.esp","0212B2FB","2F12B2FB","damage_stamina_regeneration","Damage Stamina Regeneration","REQ_Alch_DamageStaminaRegeneration","Skyrim.esm","Requiem - Alchemy Redone.esp","00073F2C","00073F2C","negative","2","16.000000","60","0.400000","250"
"heart_of_order","Heart of Order","zzzCHOrderHeart","Vigilant.esm","LoreRim - Alchemy Tweaks.esp","0212B2FB","2F12B2FB","damage_magicka","Damage Magicka","REQ_Alch_DamageMagicka","Skyrim.esm","LoreRim - Alchemy Tweaks.esp","0003A2B6","0003A2B6","negative","3","16.000000","0","0.400000","250"
"heart_of_order","Heart of Order","zzzCHOrderHeart","Vigilant.esm","LoreRim - Alchemy Tweaks.esp","0212B2FB","2F12B2FB","fear","Fear","REQ_Alch_Fear","Skyrim.esm","Requiem - Alchemy Redone.esp","00073F20","00073F20","negative","4","2.000000","15","0.400000","250"
"iron_spider_egg","Iron Spider Egg","zzzCHIronSpiderEgg","Vigilant.esm","LoreRim - Alchemy Tweaks.esp","021001A2","2F1001A2","damage_stamina","Damage Stamina","REQ_Alch_DamageStamina","Skyrim.esm","LoreRim - Alchemy Tweaks.esp","0003A2C6","0003A2C6","negative","1","16.000000","0","0.200000","5"
"iron_spider_egg","Iron Spider Egg","zzzCHIronSpiderEgg","Vigilant.esm","LoreRim - Alchemy Tweaks.esp","021001A2","2F1001A2","damage_magicka_regeneration","Damage Magicka Regeneration","REQ_Alch_DamageMagickaRegeneration","Skyrim.esm","Requiem - Alchemy Redone.esp","00073F2B","00073F2B","negative","2","16.000000","60","0.200000","5"
"iron_spider_egg","Iron Spider Egg","zzzCHIronSpiderEgg","Vigilant.esm","LoreRim - Alchemy Tweaks.esp","021001A2","2F1001A2","fortify_lockpicking","Fortify Lockpicking","REQ_Alch_FortifyLockpicking","Requiem.esp","Requiem - Alchemy Redone.esp","0A0BCC54","7F0BCC54","positive","3","0.400000","120","0.200000","5"
"iron_spider_egg","Iron Spider Egg","zzzCHIronSpiderEgg","Vigilant.esm","LoreRim - Alchemy Tweaks.esp","021001A2","2F1001A2","fortify_marksman","Fortify Marksman","REQ_Alch_FortifyDamage_Marksman","Skyrim.esm","Requiem - Alchemy Redone.esp","0003EB1B","0003EB1B","positive","4","4.000000","120","0.200000","5"
"cave_worm_egg","Cave Worm Egg","zzzCHCaveWormEgg01","Vigilant.esm","LoreRim - Alchemy Tweaks.esp","020BF81C","2F0BF81C","resist_poison","Resist Poison","REQ_Alch_ResistPoison","Skyrim.esm","Requiem - Alchemy Redone.esp","00090041","00090041","positive","1","6.000000","120","0.200000","3"
"cave_worm_egg","Cave Worm Egg","zzzCHCaveWormEgg01","Vigilant.esm","LoreRim - Alchemy Tweaks.esp","020BF81C","2F0BF81C","fortify_pickpocket","Fortify Pickpocket","REQ_Alch_FortifyPickpocket","Skyrim.esm","Requiem - Alchemy Redone.esp","0003EB20","0003EB20","positive","2","4.000000","120","0.200000","3"
"cave_worm_egg","Cave Worm Egg","zzzCHCaveWormEgg01","Vigilant.esm","LoreRim - Alchemy Tweaks.esp","020BF81C","2F0BF81C","lingering_damage_health","Lingering Damage Health","REQ_Alch_LingeringDamageHealth","Skyrim.esm","Requiem - Alchemy Redone.esp","0010AA4A","0010AA4A","negative","3","1.000000","15","0.200000","3"
"cave_worm_egg","Cave Worm Egg","zzzCHCaveWormEgg01","Vigilant.esm","LoreRim - Alchemy Tweaks.esp","020BF81C","2F0BF81C","fortify_stamina","Fortify Stamina","REQ_Alch_FortifyStamina","Skyrim.esm","Requiem - Alchemy Redone.esp","0003EAF9","0003EAF9","positive","4","8.000000","300","0.200000","3"
"scamp_ear","Scamp Ear","zzzCHScampEar","Vigilant.esm","LoreRim - Alchemy Tweaks.esp","020B71E3","2F0B71E3","damage_stamina_regeneration","Damage Stamina Regeneration","REQ_Alch_DamageStaminaRegeneration","Skyrim.esm","Requiem - Alchemy Redone.esp","00073F2C","00073F2C","negative","1","16.000000","60","0.200000","3"
"scamp_ear","Scamp Ear","zzzCHScampEar","Vigilant.esm","LoreRim - Alchemy Tweaks.esp","020B71E3","2F0B71E3","damage_maximum_health","Damage Maximum Health","REQ_Alch_DamageMaximumHealth","Skyrim.esm","Requiem - Alchemy Redone.esp","00073F26","00073F26","negative","2","8.000000","60","0.200000","3"
"scamp_ear","Scamp Ear","zzzCHScampEar","Vigilant.esm","LoreRim - Alchemy Tweaks.esp","020B71E3","2F0B71E3","damage_health","Damage Health","REQ_Alch_DamageHealth","Skyrim.esm","Requiem - Alchemy Redone.esp","0003EB42","0003EB42","negative","3","8.000000","0","0.200000","3"
"scamp_ear","Scamp Ear","zzzCHScampEar","Vigilant.esm","LoreRim - Alchemy Tweaks.esp","020B71E3","2F0B71E3","fortify_speed","Fortify Speed","REQ_Alch_FortifySpeed","Skyrim.esm","Requiem - Alchemy Redone.esp","0003EB1F","0003EB1F","positive","4","12.000000","120","0.200000","3"
"sand_runner_egg","Sand Runner Egg","zzzCHSandRunnerEggs","Vigilant.esm","LoreRim - Alchemy Tweaks.esp","020B4E96","2F0B4E96","invisibility","Invisibility","REQ_Alch_Invisibillity","Skyrim.esm","Requiem - Alchemy Redone.esp","0003EB3D","0003EB3D","positive","1","0.000000","4","0.200000","10"
"sand_runner_egg","Sand Runner Egg","zzzCHSandRunnerEggs","Vigilant.esm","LoreRim - Alchemy Tweaks.esp","020B4E96","2F0B4E96","fortify_stamina","Fortify Stamina","REQ_Alch_FortifyStamina","Skyrim.esm","Requiem - Alchemy Redone.esp","0003EAF9","0003EAF9","positive","2","4.000000","120","0.200000","10"
"sand_runner_egg","Sand Runner Egg","zzzCHSandRunnerEggs","Vigilant.esm","LoreRim - Alchemy Tweaks.esp","020B4E96","2F0B4E96","damage_magicka","Damage Magicka","REQ_Alch_DamageMagicka","Skyrim.esm","LoreRim - Alchemy Tweaks.esp","0003A2B6","0003A2B6","negative","3","16.000000","0","0.200000","10"
"sand_runner_egg","Sand Runner Egg","zzzCHSandRunnerEggs","Vigilant.esm","LoreRim - Alchemy Tweaks.esp","020B4E96","2F0B4E96","cure_poison","Cure Poison","REQ_Alch_CurePoison","Skyrim.esm","Requiem - Alchemy Redone.esp","00109ADD","00109ADD","positive","4","1.000000","0","0.200000","10"
"plague_raven_claw","Plague Raven Claw","zzzCHPlagueRavenClaw","Vigilant.esm","LoreRim - Alchemy Tweaks.esp","0203B0F7","2F03B0F7","resist_magic","Resist Magic","REQ_Alch_ResistMagic","Skyrim.esm","Requiem - Alchemy Redone.esp","00039E51","00039E51","positive","1","2.000000","120","0.250000","20"
"plague_raven_claw","Plague Raven Claw","zzzCHPlagueRavenClaw","Vigilant.esm","LoreRim - Alchemy Tweaks.esp","0203B0F7","2F03B0F7","lingering_damage_magicka","Lingering Damage Magicka","REQ_Alch_LingeringDamageMagicka","Skyrim.esm","LoreRim - Alchemy Tweaks.esp","0010DE5F","0010DE5F","negative","2","1.000000","30","0.250000","20"
"plague_raven_claw","Plague Raven Claw","zzzCHPlagueRavenClaw","Vigilant.esm","LoreRim - Alchemy Tweaks.esp","0203B0F7","2F03B0F7","fortify_jump","Fortify Jump","REQ_Alch_FortifyEnchanting","Skyrim.esm","LoreRim - Alchemy Tweaks.esp","0003EB29","0003EB29","positive","3","20.000000","120","0.250000","20"
"plague_raven_claw","Plague Raven Claw","zzzCHPlagueRavenClaw","Vigilant.esm","LoreRim - Alchemy Tweaks.esp","0203B0F7","2F03B0F7","fortify_barter","Fortify Barter","REQ_Alch_FortifyBarter","Skyrim.esm","Requiem - Alchemy Redone.esp","0003EB23","0003EB23","positive","4","2.000000","120","0.250000","20"
"plague_raven_feathers","Plague Raven Feathers","zzzCHPlagueRavenFeathers","Vigilant.esm","LoreRim - Alchemy Tweaks.esp","0203B0F6","2F03B0F6","damage_magicka","Damage Magicka","REQ_Alch_DamageMagicka","Skyrim.esm","LoreRim - Alchemy Tweaks.esp","0003A2B6","0003A2B6","negative","1","16.000000","0","0.100000","20"
"plague_raven_feathers","Plague Raven Feathers","zzzCHPlagueRavenFeathers","Vigilant.esm","LoreRim - Alchemy Tweaks.esp","0203B0F6","2F03B0F6","fortify_conjuration","Fortify Conjuration","REQ_Alch_FortifyConjuration","Skyrim.esm","Requiem - Alchemy Redone.esp","0003EB25","0003EB25","positive","2","4.000000","120","0.100000","20"
"plague_raven_feathers","Plague Raven Feathers","zzzCHPlagueRavenFeathers","Vigilant.esm","LoreRim - Alchemy Tweaks.esp","0203B0F6","2F03B0F6","frenzy","Frenzy","REQ_Alch_Frenzy","Skyrim.esm","Requiem - Alchemy Redone.esp","00073F29","00073F29","negative","3","2.000000","15","0.100000","20"
"plague_raven_feathers","Plague Raven Feathers","zzzCHPlagueRavenFeathers","Vigilant.esm","LoreRim - Alchemy Tweaks.esp","0203B0F6","2F03B0F6","weakness_to_shock","Weakness to Shock","REQ_Alch_WeaknessShock","Skyrim.esm","Requiem - Alchemy Redone.esp","00073F2F","00073F2F","negative","4","4.000000","30","0.100000","20"
"duneripper_eggs","Duneripper Eggs","manny_GF_DuneripperEggs","Gray Fox Cowl.esm","LoreRim - Alchemy Tweaks.esp","0401D947","2E01D947","weakness_to_poison","Weakness to Poison","REQ_Alch_WeaknessPoison","Skyrim.esm","Requiem - Alchemy Redone.esp","00090042","00090042","negative","1","6.000000","30","0.200000","59"
"duneripper_eggs","Duneripper Eggs","manny_GF_DuneripperEggs","Gray Fox Cowl.esm","LoreRim - Alchemy Tweaks.esp","0401D947","2E01D947","fortify_stamina","Fortify Stamina","REQ_Alch_FortifyStamina","Skyrim.esm","Requiem - Alchemy Redone.esp","0003EAF9","0003EAF9","positive","2","8.000000","300","0.200000","59"
"duneripper_eggs","Duneripper Eggs","manny_GF_DuneripperEggs","Gray Fox Cowl.esm","LoreRim - Alchemy Tweaks.esp","0401D947","2E01D947","damage_magicka","Damage Magicka","REQ_Alch_DamageMagicka","Skyrim.esm","LoreRim - Alchemy Tweaks.esp","0003A2B6","0003A2B6","negative","3","16.000000","0","0.200000","59"
"duneripper_eggs","Duneripper Eggs","manny_GF_DuneripperEggs","Gray Fox Cowl.esm","LoreRim - Alchemy Tweaks.esp","0401D947","2E01D947","invisibility","Invisibility","REQ_Alch_Invisibillity","Skyrim.esm","Requiem - Alchemy Redone.esp","0003EB3D","0003EB3D","positive","4","0.000000","4","0.200000","59"
"eye_of_ancestral_cheetah","Eye of Ancestral Cheetah","manny_GF_AncestralCheetahEyeball","Gray Fox Cowl.esm","LoreRim - Alchemy Tweaks.esp","04006A57","2E006A57","restore_stamina","Restore Stamina","REQ_Alch_RestoreStamina","Skyrim.esm","Requiem - Alchemy Redone.esp","0003EB16","0003EB16","positive","1","1.000000","20","0.100000","12"
"eye_of_ancestral_cheetah","Eye of Ancestral Cheetah","manny_GF_AncestralCheetahEyeball","Gray Fox Cowl.esm","LoreRim - Alchemy Tweaks.esp","04006A57","2E006A57","damage_maximum_health","Damage Maximum Health","REQ_Alch_DamageMaximumHealth","Skyrim.esm","Requiem - Alchemy Redone.esp","00073F26","00073F26","negative","2","8.000000","60","0.100000","12"
"eye_of_ancestral_cheetah","Eye of Ancestral Cheetah","manny_GF_AncestralCheetahEyeball","Gray Fox Cowl.esm","LoreRim - Alchemy Tweaks.esp","04006A57","2E006A57","damage_magicka","Damage Magicka","REQ_Alch_DamageMagicka","Skyrim.esm","LoreRim - Alchemy Tweaks.esp","0003A2B6","0003A2B6","negative","3","16.000000","0","0.100000","12"
"eye_of_ancestral_cheetah","Eye of Ancestral Cheetah","manny_GF_AncestralCheetahEyeball","Gray Fox Cowl.esm","LoreRim - Alchemy Tweaks.esp","04006A57","2E006A57","restore_health","Restore Health","REQ_Alch_RestoreHealth","Skyrim.esm","Requiem - Alchemy Redone.esp","0003EB15","0003EB15","positive","4","1.000000","20","0.100000","12"
"ancestral_cheetah_tooth","Ancestral Cheetah Tooth","manny_GF_AncestralCheetahTooth","Gray Fox Cowl.esm","LoreRim - Alchemy Tweaks.esp","04006A53","2E006A53","restore_stamina","Restore Stamina","REQ_Alch_RestoreStamina","Skyrim.esm","Requiem - Alchemy Redone.esp","0003EB16","0003EB16","positive","1","1.000000","20","0.100000","28"
"ancestral_cheetah_tooth","Ancestral Cheetah Tooth","manny_GF_AncestralCheetahTooth","Gray Fox Cowl.esm","LoreRim - Alchemy Tweaks.esp","04006A53","2E006A53","fortify_armor_rating","Fortify Armor Rating","REQ_Alch_FortifyArmorRating","Skyrim.esm","Requiem - Alchemy Redone.esp","0003EB1E","0003EB1E","positive","2","24.000000","120","0.100000","28"
"ancestral_cheetah_tooth","Ancestral Cheetah Tooth","manny_GF_AncestralCheetahTooth","Gray Fox Cowl.esm","LoreRim - Alchemy Tweaks.esp","04006A53","2E006A53","reflect_damage","Reflect Damage","REQ_Alch_FortifyReflect","Skyrim.esm","LoreRim - Alchemy Tweaks.esp","0003EB1D","0003EB1D","positive","3","8.000000","120","0.100000","28"
"ancestral_cheetah_tooth","Ancestral Cheetah Tooth","manny_GF_AncestralCheetahTooth","Gray Fox Cowl.esm","LoreRim - Alchemy Tweaks.esp","04006A53","2E006A53","weakness_to_poison","Weakness to Poison","REQ_Alch_WeaknessPoison","Skyrim.esm","Requiem - Alchemy Redone.esp","00090042","00090042","negative","4","6.000000","30","0.100000","28"
"goron_piece","Goron Piece","mihailrockcoredef","Gray Fox Cowl.esm","LoreRim - Alchemy Tweaks.esp","0400081C","2E00081C","restore_magicka","Restore Magicka","REQ_Alch_RestoreMagicka","Skyrim.esm","Requiem - Alchemy Redone.esp","0003EB17","0003EB17","positive","1","1.000000","20","0.400000","106"
"goron_piece","Goron Piece","mihailrockcoredef","Gray Fox Cowl.esm","LoreRim - Alchemy Tweaks.esp","0400081C","2E00081C","damage_stamina_regeneration","Damage Stamina Regeneration","REQ_Alch_DamageStaminaRegeneration","Skyrim.esm","Requiem - Alchemy Redone.esp","00073F2C","00073F2C","negative","2","32.000000","60","0.400000","106"
"goron_piece","Goron Piece","mihailrockcoredef","Gray Fox Cowl.esm","LoreRim - Alchemy Tweaks.esp","0400081C","2E00081C","reflect_damage","Reflect Damage","REQ_Alch_FortifyReflect","Skyrim.esm","LoreRim - Alchemy Tweaks.esp","0003EB1D","0003EB1D","positive","3","10.000000","120","0.400000","106"
"goron_piece","Goron Piece","mihailrockcoredef","Gray Fox Cowl.esm","LoreRim - Alchemy Tweaks.esp","0400081C","2E00081C","fortify_block","Fortify Block","REQ_Alch_FortifyBlock","Skyrim.esm","Requiem - Alchemy Redone.esp","0003EB1C","0003EB1C","positive","4","4.000000","120","0.400000","106"
"bog_asco_beacon","Bog Asco Beacon","aaaHOTRBogBeacon","HeartOfTheReach.esp","LoreRim - Alchemy Tweaks.esp","0401F468","2C01F468","restore_magicka","Restore Magicka","REQ_Alch_RestoreMagicka","Skyrim.esm","Requiem - Alchemy Redone.esp","0003EB17","0003EB17","positive","1","1.000000","20","0.100000","3"
"bog_asco_beacon","Bog Asco Beacon","aaaHOTRBogBeacon","HeartOfTheReach.esp","LoreRim - Alchemy Tweaks.esp","0401F468","2C01F468","resist_magic","Resist Magic","REQ_Alch_ResistMagic","Skyrim.esm","Requiem - Alchemy Redone.esp","00039E51","00039E51","positive","2","2.000000","120","0.100000","3"
"bog_asco_beacon","Bog Asco Beacon","aaaHOTRBogBeacon","HeartOfTheReach.esp","LoreRim - Alchemy Tweaks.esp","0401F468","2C01F468","fortify_barter","Fortify Barter","REQ_Alch_FortifyBarter","Skyrim.esm","Requiem - Alchemy Redone.esp","0003EB23","0003EB23","positive","3","2.000000","120","0.100000","3"
"bog_asco_beacon","Bog Asco Beacon","aaaHOTRBogBeacon","HeartOfTheReach.esp","LoreRim - Alchemy Tweaks.esp","0401F468","2C01F468","damage_stamina_regeneration","Damage Stamina Regeneration","REQ_Alch_DamageStaminaRegeneration","Skyrim.esm","Requiem - Alchemy Redone.esp","00073F2C","00073F2C","negative","4","32.000000","60","0.100000","3"
"poison_swamp_root","Poison Swamp Root","aaaHOTRPoisonSwampRoot","HeartOfTheReach.esp","LoreRim - Alchemy Tweaks.esp","0401A25E","2C01A25E","damage_health","Damage Health","REQ_Alch_DamageHealth","Skyrim.esm","Requiem - Alchemy Redone.esp","0003EB42","0003EB42","negative","1","200.000000","1","0.400000","100"
"poison_swamp_root","Poison Swamp Root","aaaHOTRPoisonSwampRoot","HeartOfTheReach.esp","LoreRim - Alchemy Tweaks.esp","0401A25E","2C01A25E","damage_magicka","Damage Magicka","REQ_Alch_DamageMagicka","Skyrim.esm","LoreRim - Alchemy Tweaks.esp","0003A2B6","0003A2B6","negative","2","16.000000","0","0.400000","100"
"poison_swamp_root","Poison Swamp Root","aaaHOTRPoisonSwampRoot","HeartOfTheReach.esp","LoreRim - Alchemy Tweaks.esp","0401A25E","2C01A25E","damage_stamina","Damage Stamina","REQ_Alch_DamageStamina","Skyrim.esm","LoreRim - Alchemy Tweaks.esp","0003A2C6","0003A2C6","negative","3","16.000000","0","0.400000","100"
"poison_swamp_root","Poison Swamp Root","aaaHOTRPoisonSwampRoot","HeartOfTheReach.esp","LoreRim - Alchemy Tweaks.esp","0401A25E","2C01A25E","damage_magicka_regeneration","Damage Magicka Regeneration","REQ_Alch_DamageMagickaRegeneration","Skyrim.esm","Requiem - Alchemy Redone.esp","00073F2B","00073F2B","negative","4","32.000000","60","0.400000","100"
"imbued_algae","Imbued Algae","aaaHOTRAlgaeImbued","HeartOfTheReach.esp","LoreRim - Alchemy Tweaks.esp","0401A259","2C01A259","weakness_to_magic","Weakness to Magic","REQ_Alch_WeaknessMagic","Skyrim.esm","Requiem - Alchemy Redone.esp","00073F51","00073F51","negative","1","2.000000","30","0.200000","80"
"imbued_algae","Imbued Algae","aaaHOTRAlgaeImbued","HeartOfTheReach.esp","LoreRim - Alchemy Tweaks.esp","0401A259","2C01A259","fortify_restoration","Fortify Restoration","REQ_Alch_FortifyRestoration","Skyrim.esm","Requiem - Alchemy Redone.esp","0003EB28","0003EB28","positive","2","1.000000","60","0.200000","80"
"imbued_algae","Imbued Algae","aaaHOTRAlgaeImbued","HeartOfTheReach.esp","LoreRim - Alchemy Tweaks.esp","0401A259","2C01A259","slow","Slow","REQ_Alch_Slow","Skyrim.esm","Requiem - Alchemy Redone.esp","00073F25","00073F25","negative","3","50.000000","4","0.200000","80"
"imbued_algae","Imbued Algae","aaaHOTRAlgaeImbued","HeartOfTheReach.esp","LoreRim - Alchemy Tweaks.esp","0401A259","2C01A259","fortify_magicka_regeneration","Fortify Magicka Regeneration","REQ_Alch_FortifyMagickaRegeneration","Skyrim.esm","Requiem - Alchemy Redone.esp","0003EB07","0003EB07","positive","4","16.000000","300","0.200000","80"
"swamp_spider_egg","Swamp Spider Egg","aaaHOTRSpiderEgg","HeartOfTheReach.esp","LoreRim - Alchemy Tweaks.esp","0401A257","2C01A257","damage_stamina","Damage Stamina","REQ_Alch_DamageStamina","Skyrim.esm","LoreRim - Alchemy Tweaks.esp","0003A2C6","0003A2C6","negative","1","16.000000","0","0.200000","15"
"swamp_spider_egg","Swamp Spider Egg","aaaHOTRSpiderEgg","HeartOfTheReach.esp","LoreRim - Alchemy Tweaks.esp","0401A257","2C01A257","damage_magicka_regeneration","Damage Magicka Regeneration","REQ_Alch_DamageMagickaRegeneration","Skyrim.esm","Requiem - Alchemy Redone.esp","00073F2B","00073F2B","negative","2","32.000000","60","0.200000","15"
"swamp_spider_egg","Swamp Spider Egg","aaaHOTRSpiderEgg","HeartOfTheReach.esp","LoreRim - Alchemy Tweaks.esp","0401A257","2C01A257","fortify_lockpicking","Fortify Lockpicking","REQ_Alch_FortifyLockpicking","Requiem.esp","Requiem - Alchemy Redone.esp","0A0BCC54","7F0BCC54","positive","3","0.600000","120","0.200000","15"
"swamp_spider_egg","Swamp Spider Egg","aaaHOTRSpiderEgg","HeartOfTheReach.esp","LoreRim - Alchemy Tweaks.esp","0401A257","2C01A257","fortify_marksman","Fortify Marksman","REQ_Alch_FortifyDamage_Marksman","Skyrim.esm","Requiem - Alchemy Redone.esp","0003EB1B","0003EB1B","positive","4","4.000000","120","0.200000","15"
"swamp_taproot","Swamp Taproot","aaaHOTRTaproot","HeartOfTheReach.esp","LoreRim - Alchemy Tweaks.esp","0401A255","2C01A255","weakness_to_magic","Weakness to Magic","REQ_Alch_WeaknessMagic","Skyrim.esm","Requiem - Alchemy Redone.esp","00073F51","00073F51","negative","1","3.000000","30","0.400000","40"
"swamp_taproot","Swamp Taproot","aaaHOTRTaproot","HeartOfTheReach.esp","LoreRim - Alchemy Tweaks.esp","0401A255","2C01A255","fortify_illusion","Fortify Illusion","REQ_Alch_FortifyIllusion","Skyrim.esm","Requiem - Alchemy Redone.esp","0003EB27","0003EB27","positive","2","4.000000","120","0.400000","40"
"swamp_taproot","Swamp Taproot","aaaHOTRTaproot","HeartOfTheReach.esp","LoreRim - Alchemy Tweaks.esp","0401A255","2C01A255","fortify_magicka_regeneration","Fortify Magicka Regeneration","REQ_Alch_FortifyMagickaRegeneration","Skyrim.esm","Requiem - Alchemy Redone.esp","0003EB07","0003EB07","positive","3","16.000000","300","0.400000","40"
"swamp_taproot","Swamp Taproot","aaaHOTRTaproot","HeartOfTheReach.esp","LoreRim - Alchemy Tweaks.esp","0401A255","2C01A255","restore_magicka","Restore Magicka","REQ_Alch_RestoreMagicka","Skyrim.esm","Requiem - Alchemy Redone.esp","0003EB17","0003EB17","positive","4","1.500000","20","0.400000","40"
"bloodroot","Bloodroot","NecroBloodroot","Undeath.esp","LoreRim - Alchemy Tweaks.esp","042AE804","292AE804","damage_health","Damage Health","REQ_Alch_DamageHealth","Skyrim.esm","Requiem - Alchemy Redone.esp","0003EB42","0003EB42","negative","1","8.000000","0","0.200000","10"
"bloodroot","Bloodroot","NecroBloodroot","Undeath.esp","LoreRim - Alchemy Tweaks.esp","042AE804","292AE804","damage_stamina","Damage Stamina","REQ_Alch_DamageStamina","Skyrim.esm","LoreRim - Alchemy Tweaks.esp","0003A2C6","0003A2C6","negative","2","16.000000","0","0.200000","10"
"bloodroot","Bloodroot","NecroBloodroot","Undeath.esp","LoreRim - Alchemy Tweaks.esp","042AE804","292AE804","invisibility","Invisibility","REQ_Alch_Invisibillity","Skyrim.esm","Requiem - Alchemy Redone.esp","0003EB3D","0003EB3D","positive","3","0.000000","4","0.200000","10"
"bloodroot","Bloodroot","NecroBloodroot","Undeath.esp","LoreRim - Alchemy Tweaks.esp","042AE804","292AE804","resist_magic","Resist Magic","REQ_Alch_ResistMagic","Skyrim.esm","Requiem - Alchemy Redone.esp","00039E51","00039E51","positive","4","2.000000","120","0.200000","10"
"priest_of_arkays_heart","Priest of Arkay's Heart","NecroArkayPriestHeart","Undeath.esp","LoreRim - Alchemy Tweaks.esp","041D0061","291D0061","damage_stamina","Damage Stamina","REQ_Alch_DamageStamina","Skyrim.esm","LoreRim - Alchemy Tweaks.esp","0003A2C6","0003A2C6","negative","1","16.000000","0","0.400000","5"
"priest_of_arkays_heart","Priest of Arkay's Heart","NecroArkayPriestHeart","Undeath.esp","LoreRim - Alchemy Tweaks.esp","041D0061","291D0061","resist_fire","Resist Fire","REQ_Alch_ResistFire","Skyrim.esm","Requiem - Alchemy Redone.esp","0003EAEA","0003EAEA","positive","2","4.000000","120","0.400000","5"
"priest_of_arkays_heart","Priest of Arkay's Heart","NecroArkayPriestHeart","Undeath.esp","LoreRim - Alchemy Tweaks.esp","041D0061","291D0061","fortify_conjuration","Fortify Conjuration","REQ_Alch_FortifyConjuration","Skyrim.esm","Requiem - Alchemy Redone.esp","0003EB25","0003EB25","positive","3","4.000000","120","0.400000","5"
"priest_of_arkays_heart","Priest of Arkay's Heart","NecroArkayPriestHeart","Undeath.esp","LoreRim - Alchemy Tweaks.esp","041D0061","291D0061","damage_maximum_stamina","Damage Maximum Stamina","REQ_Alch_DamageMaximumStamina","Skyrim.esm","Requiem - Alchemy Redone.esp","00073F23","00073F23","negative","4","16.000000","60","0.400000","5"
"ornada_egg","Ornada Egg","00OrnadaEgg","Journey to Baan Malur.esp","LoreRim - Alchemy Tweaks.esp","076F728C","276F728C","resist_magic","Resist Magic","REQ_Alch_ResistMagic","Skyrim.esm","Requiem - Alchemy Redone.esp","00039E51","00039E51","positive","1","2.000000","120","0.400000","2"
"ornada_egg","Ornada Egg","00OrnadaEgg","Journey to Baan Malur.esp","LoreRim - Alchemy Tweaks.esp","076F728C","276F728C","damage_magicka_regeneration","Damage Magicka Regeneration","REQ_Alch_DamageMagickaRegeneration","Skyrim.esm","Requiem - Alchemy Redone.esp","00073F2B","00073F2B","negative","2","32.000000","60","0.400000","2"
"ornada_egg","Ornada Egg","00OrnadaEgg","Journey to Baan Malur.esp","LoreRim - Alchemy Tweaks.esp","076F728C","276F728C","waterbreathing","Waterbreathing","REQ_Alch_Waterbreathing","Skyrim.esm","Requiem - Alchemy Redone.esp","0003AC2D","0003AC2D","positive","3","0.000000","24","0.400000","2"
"ornada_egg","Ornada Egg","00OrnadaEgg","Journey to Baan Malur.esp","LoreRim - Alchemy Tweaks.esp","076F728C","276F728C","lingering_damage_stamina","Lingering Damage Stamina","REQ_Alch_LingeringDamageStamina","Skyrim.esm","LoreRim - Alchemy Tweaks.esp","0010DE5E","0010DE5E","negative","4","2.000000","15","0.400000","2"
"alit_teeth","Alit Teeth","AlitTeeth","Journey to Baan Malur.esp","LoreRim - Alchemy Tweaks.esp","07202FCC","27202FCC","resist_frost","Resist Frost","REQ_Alch_ResistFrost","Skyrim.esm","Requiem - Alchemy Redone.esp","0003EAEB","0003EAEB","positive","1","6.000000","120","0.400000","70"
"alit_teeth","Alit Teeth","AlitTeeth","Journey to Baan Malur.esp","LoreRim - Alchemy Tweaks.esp","07202FCC","27202FCC","fortify_carry_weight","Fortify Carry Weight","REQ_Alch_FortifyCarryWeight","Skyrim.esm","Requiem - Alchemy Redone.esp","0003EB01","0003EB01","positive","2","6.000000","600","0.400000","70"
"alit_teeth","Alit Teeth","AlitTeeth","Journey to Baan Malur.esp","LoreRim - Alchemy Tweaks.esp","07202FCC","27202FCC","resist_poison","Resist Poison","REQ_Alch_ResistPoison","Skyrim.esm","Requiem - Alchemy Redone.esp","00090041","00090041","positive","3","6.000000","120","0.400000","70"
"alit_teeth","Alit Teeth","AlitTeeth","Journey to Baan Malur.esp","LoreRim - Alchemy Tweaks.esp","07202FCC","27202FCC","damage_magicka_regeneration","Damage Magicka Regeneration","REQ_Alch_DamageMagickaRegeneration","Skyrim.esm","Requiem - Alchemy Redone.esp","00073F2B","00073F2B","negative","4","32.000000","60","0.400000","70"
"wickwheat","Wickwheat","Wickwheat","Journey to Baan Malur.esp","LoreRim - Alchemy Tweaks.esp","071EEA4A","271EEA4A","restore_health","Restore Health","REQ_Alch_RestoreHealth","Skyrim.esm","Requiem - Alchemy Redone.esp","0003EB15","0003EB15","positive","1","1.000000","20","0.200000","1"
"wickwheat","Wickwheat","Wickwheat","Journey to Baan Malur.esp","LoreRim - Alchemy Tweaks.esp","071EEA4A","271EEA4A","fortify_health","Fortify Health","REQ_Alch_FortifyHealth","Skyrim.esm","Requiem - Alchemy Redone.esp","0003EAF3","0003EAF3","positive","2","8.000000","300","0.200000","1"
"wickwheat","Wickwheat","Wickwheat","Journey to Baan Malur.esp","LoreRim - Alchemy Tweaks.esp","071EEA4A","271EEA4A","damage_stamina_regeneration","Damage Stamina Regeneration","REQ_Alch_DamageStaminaRegeneration","Skyrim.esm","Requiem - Alchemy Redone.esp","00073F2C","00073F2C","negative","3","16.000000","60","0.200000","1"
"wickwheat","Wickwheat","Wickwheat","Journey to Baan Malur.esp","LoreRim - Alchemy Tweaks.esp","071EEA4A","271EEA4A","lingering_damage_magicka","Lingering Damage Magicka","REQ_Alch_LingeringDamageMagicka","Skyrim.esm","LoreRim - Alchemy Tweaks.esp","0010DE5F","0010DE5F","negative","4","1.000000","30","0.200000","1"
"willow_anther","Willow Anther","WillowFlowerIngredient","Journey to Baan Malur.esp","LoreRim - Alchemy Tweaks.esp","07193233","27193233","fortify_barter","Fortify Barter","REQ_Alch_FortifyBarter","Skyrim.esm","Requiem - Alchemy Redone.esp","0003EB23","0003EB23","positive","1","2.000000","60","0.100000","2"
"willow_anther","Willow Anther","WillowFlowerIngredient","Journey to Baan Malur.esp","LoreRim - Alchemy Tweaks.esp","07193233","27193233","weakness_to_frost","Weakness to Frost","REQ_Alch_WeaknessFrost","Skyrim.esm","Requiem - Alchemy Redone.esp","00073F2E","00073F2E","negative","2","4.000000","30","0.100000","2"
"willow_anther","Willow Anther","WillowFlowerIngredient","Journey to Baan Malur.esp","LoreRim - Alchemy Tweaks.esp","07193233","27193233","cure_disease","Cure Disease","REQ_Alch_CureDisease","Skyrim.esm","Requiem - Alchemy Redone.esp","000AE722","000AE722","positive","3","5.000000","0","0.100000","2"
"willow_anther","Willow Anther","WillowFlowerIngredient","Journey to Baan Malur.esp","LoreRim - Alchemy Tweaks.esp","07193233","27193233","paralysis","Paralysis","REQ_Alch_Paralysis","Skyrim.esm","Big Tweaks.esp","00073F30","00073F30","negative","4","0.000000","4","0.100000","2"
"aquatic_lurker_fin","Aquatic Lurker Fin","SheoLurkerFin","Journey to Baan Malur.esp","LoreRim - Alchemy Tweaks.esp","07172335","27172335","waterbreathing","Waterbreathing","REQ_Alch_Waterbreathing","Skyrim.esm","Requiem - Alchemy Redone.esp","0003AC2D","0003AC2D","positive","1","0.000000","24","0.100000","25"
"aquatic_lurker_fin","Aquatic Lurker Fin","SheoLurkerFin","Journey to Baan Malur.esp","LoreRim - Alchemy Tweaks.esp","07172335","27172335","damage_health","Damage Health","REQ_Alch_DamageHealth","Skyrim.esm","Requiem - Alchemy Redone.esp","0003EB42","0003EB42","negative","2","8.000000","0","0.100000","25"
"aquatic_lurker_fin","Aquatic Lurker Fin","SheoLurkerFin","Journey to Baan Malur.esp","LoreRim - Alchemy Tweaks.esp","07172335","27172335","lingering_damage_magicka","Lingering Damage Magicka","REQ_Alch_LingeringDamageMagicka","Skyrim.esm","LoreRim - Alchemy Tweaks.esp","0010DE5F","0010DE5F","negative","3","2.000000","15","0.100000","25"
"aquatic_lurker_fin","Aquatic Lurker Fin","SheoLurkerFin","Journey to Baan Malur.esp","LoreRim - Alchemy Tweaks.esp","07172335","27172335","damage_magicka_regeneration","Damage Magicka Regeneration","REQ_Alch_DamageMagickaRegeneration","Skyrim.esm","Requiem - Alchemy Redone.esp","00073F2B","00073F2B","negative","4","32.000000","60","0.100000","25"
"potent_kwama_egg","Potent Kwama Egg","KwamaEggAmazing","Journey to Baan Malur.esp","LoreRim - Alchemy Tweaks.esp","070CC7BF","270CC7BF","cure_disease","Cure Disease","REQ_Alch_CureDisease","Skyrim.esm","Requiem - Alchemy Redone.esp","000AE722","000AE722","positive","1","10.000000","0","0.400000","560"
"potent_kwama_egg","Potent Kwama Egg","KwamaEggAmazing","Journey to Baan Malur.esp","LoreRim - Alchemy Tweaks.esp","070CC7BF","270CC7BF","waterwalking","Waterwalking","AlchWaterWalking","Dragonborn.esm","Dragonborn.esm","020390E1","040390E1","positive","2","0.000000","120","0.400000","560"
"potent_kwama_egg","Potent Kwama Egg","KwamaEggAmazing","Journey to Baan Malur.esp","LoreRim - Alchemy Tweaks.esp","070CC7BF","270CC7BF","invisibility","Invisibility","REQ_Alch_Invisibillity","Skyrim.esm","Requiem - Alchemy Redone.esp","0003EB3D","0003EB3D","positive","3","0.000000","8","0.400000","560"
"potent_kwama_egg","Potent Kwama Egg","KwamaEggAmazing","Journey to Baan Malur.esp","LoreRim - Alchemy Tweaks.esp","070CC7BF","270CC7BF","paralysis","Paralysis","REQ_Alch_Paralysis","Skyrim.esm","Big Tweaks.esp","00073F30","00073F30","negative","4","0.000000","4","0.400000","560"
"kwama_heart","Kwama Heart","KwamaHeart","Journey to Baan Malur.esp","LoreRim - Alchemy Tweaks.esp","070CC7BC","270CC7BC","damage_health","Damage Health","REQ_Alch_DamageHealth","Skyrim.esm","Requiem - Alchemy Redone.esp","0003EB42","0003EB42","negative","1","8.000000","0","0.250000","120"
"kwama_heart","Kwama Heart","KwamaHeart","Journey to Baan Malur.esp","LoreRim - Alchemy Tweaks.esp","070CC7BC","270CC7BC","slow","Slow","REQ_Alch_Slow","Skyrim.esm","Requiem - Alchemy Redone.esp","00073F25","00073F25","negative","2","50.000000","4","0.250000","120"
"kwama_heart","Kwama Heart","KwamaHeart","Journey to Baan Malur.esp","LoreRim - Alchemy Tweaks.esp","070CC7BC","270CC7BC","paralysis","Paralysis","REQ_Alch_Paralysis","Skyrim.esm","Big Tweaks.esp","00073F30","00073F30","negative","3","0.000000","2","0.250000","120"
"kwama_heart","Kwama Heart","KwamaHeart","Journey to Baan Malur.esp","LoreRim - Alchemy Tweaks.esp","070CC7BC","270CC7BC","invisibility","Invisibility","REQ_Alch_Invisibillity","Skyrim.esm","Requiem - Alchemy Redone.esp","0003EB3D","0003EB3D","positive","4","0.000000","4","0.250000","120"
"spiddal_stick","Spiddal Stick","SpiddalStick","Journey to Baan Malur.esp","LoreRim - Alchemy Tweaks.esp","070CC783","270CC783","damage_health","Damage Health","REQ_Alch_DamageHealth","Skyrim.esm","Requiem - Alchemy Redone.esp","0003EB42","0003EB42","negative","1","8.000000","0","0.100000","25"
"spiddal_stick","Spiddal Stick","SpiddalStick","Journey to Baan Malur.esp","LoreRim - Alchemy Tweaks.esp","070CC783","270CC783","damage_magicka","Damage Magicka","REQ_Alch_DamageMagicka","Skyrim.esm","LoreRim - Alchemy Tweaks.esp","0003A2B6","0003A2B6","negative","2","16.000000","0","0.100000","25"
"spiddal_stick","Spiddal Stick","SpiddalStick","Journey to Baan Malur.esp","LoreRim - Alchemy Tweaks.esp","070CC783","270CC783","weakness_to_fire","Weakness to Fire","REQ_Alch_WeaknessFire","Skyrim.esm","Requiem - Alchemy Redone.esp","00073F2D","00073F2D","negative","3","4.000000","30","0.100000","25"
"spiddal_stick","Spiddal Stick","SpiddalStick","Journey to Baan Malur.esp","LoreRim - Alchemy Tweaks.esp","070CC783","270CC783","restore_stamina","Restore Stamina","REQ_Alch_RestoreStamina","Skyrim.esm","Requiem - Alchemy Redone.esp","0003EB16","0003EB16","positive","4","2.000000","20","0.100000","25"
"kwama_cuttle","Kwama Cuttle","KwamaCuttle","Journey to Baan Malur.esp","LoreRim - Alchemy Tweaks.esp","070B81FA","270B81FA","restore_magicka","Restore Magicka","REQ_Alch_RestoreMagicka","Skyrim.esm","Requiem - Alchemy Redone.esp","0003EB17","0003EB17","positive","1","1.000000","20","0.100000","28"
"kwama_cuttle","Kwama Cuttle","KwamaCuttle","Journey to Baan Malur.esp","LoreRim - Alchemy Tweaks.esp","070B81FA","270B81FA","fortify_destruction","Fortify Destruction","REQ_Alch_FortifyDestruction","Skyrim.esm","Requiem - Alchemy Redone.esp","0003EB26","0003EB26","positive","2","4.000000","120","0.100000","28"
"kwama_cuttle","Kwama Cuttle","KwamaCuttle","Journey to Baan Malur.esp","LoreRim - Alchemy Tweaks.esp","070B81FA","270B81FA","fortify_magicka","Fortify Magicka","REQ_Alch_FortifyMagicka","Skyrim.esm","Requiem - Alchemy Redone.esp","0003EAF8","0003EAF8","positive","3","8.000000","300","0.100000","28"
"kwama_cuttle","Kwama Cuttle","KwamaCuttle","Journey to Baan Malur.esp","LoreRim - Alchemy Tweaks.esp","070B81FA","270B81FA","damage_health","Damage Health","REQ_Alch_DamageHealth","Skyrim.esm","Requiem - Alchemy Redone.esp","0003EB42","0003EB42","negative","4","8.000000","0","0.100000","28"
"ash_salts","Ash Salts","SOMRAshSalts","Journey to Baan Malur.esp","LoreRim - Alchemy Tweaks.esp","070A9185","270A9185","slow","Slow","REQ_Alch_Slow","Skyrim.esm","Requiem - Alchemy Redone.esp","00073F25","00073F25","negative","1","50.000000","4","0.100000","25"
"ash_salts","Ash Salts","SOMRAshSalts","Journey to Baan Malur.esp","LoreRim - Alchemy Tweaks.esp","070A9185","270A9185","resist_magic","Resist Magic","REQ_Alch_ResistMagic","Skyrim.esm","Requiem - Alchemy Redone.esp","00039E51","00039E51","positive","2","2.000000","120","0.100000","25"
"ash_salts","Ash Salts","SOMRAshSalts","Journey to Baan Malur.esp","LoreRim - Alchemy Tweaks.esp","070A9185","270A9185","cure_disease","Cure Disease","REQ_Alch_CureDisease","Skyrim.esm","Requiem - Alchemy Redone.esp","000AE722","000AE722","positive","3","5.000000","0","0.100000","25"
"ash_salts","Ash Salts","SOMRAshSalts","Journey to Baan Malur.esp","LoreRim - Alchemy Tweaks.esp","070A9185","270A9185","spell_absorption","Spell Absorption","ccBGSSSE037_RaceBretonAbsorbSpellChance","ccBGSSSE037-Curios.esl","ccBGSSSE037-Curios.esl","05000812","FE016812","positive","4","1.000000","120","0.100000","25"
"felsaad_tern_egg","Felsaad Tern Egg","FelsaadTernEgg","Journey to Baan Malur.esp","LoreRim - Alchemy Tweaks.esp","07096090","27096090","weakness_to_fire","Weakness to Fire","REQ_Alch_WeaknessFire","Skyrim.esm","Requiem - Alchemy Redone.esp","00073F2D","00073F2D","negative","1","4.000000","30","0.400000","5"
"felsaad_tern_egg","Felsaad Tern Egg","FelsaadTernEgg","Journey to Baan Malur.esp","LoreRim - Alchemy Tweaks.esp","07096090","27096090","damage_magicka_regeneration","Damage Magicka Regeneration","REQ_Alch_DamageMagickaRegeneration","Skyrim.esm","Requiem - Alchemy Redone.esp","00073F2B","00073F2B","negative","2","32.000000","60","0.400000","5"
"felsaad_tern_egg","Felsaad Tern Egg","FelsaadTernEgg","Journey to Baan Malur.esp","LoreRim - Alchemy Tweaks.esp","07096090","27096090","weakness_to_magic","Weakness to Magic","REQ_Alch_WeaknessMagic","Skyrim.esm","Requiem - Alchemy Redone.esp","00073F51","00073F51","negative","3","2.000000","30","0.400000","5"
"felsaad_tern_egg","Felsaad Tern Egg","FelsaadTernEgg","Journey to Baan Malur.esp","LoreRim - Alchemy Tweaks.esp","07096090","27096090","damage_health","Damage Health","REQ_Alch_DamageHealth","Skyrim.esm","Requiem - Alchemy Redone.esp","0003EB42","0003EB42","negative","4","8.000000","0","0.400000","5"
"corprus_weepings","Corprus Weepings","mihailcorprusweepings","Journey to Baan Malur.esp","LoreRim - Alchemy Tweaks.esp","0705BA64","2705BA64","damage_stamina","Damage Stamina","REQ_Alch_DamageStamina","Skyrim.esm","LoreRim - Alchemy Tweaks.esp","0003A2C6","0003A2C6","negative","1","16.000000","0","0.200000","150"
"corprus_weepings","Corprus Weepings","mihailcorprusweepings","Journey to Baan Malur.esp","LoreRim - Alchemy Tweaks.esp","0705BA64","2705BA64","fortify_lockpicking","Fortify Lockpicking","REQ_Alch_FortifyLockpicking","Requiem.esp","Requiem - Alchemy Redone.esp","0A0BCC54","7F0BCC54","positive","2","0.400000","120","0.200000","150"
"corprus_weepings","Corprus Weepings","mihailcorprusweepings","Journey to Baan Malur.esp","LoreRim - Alchemy Tweaks.esp","0705BA64","2705BA64","reflect_damage","Reflect Damage","REQ_Alch_FortifyReflect","Skyrim.esm","LoreRim - Alchemy Tweaks.esp","0003EB1D","0003EB1D","positive","3","1.000000","120","0.200000","150"
"corprus_weepings","Corprus Weepings","mihailcorprusweepings","Journey to Baan Malur.esp","LoreRim - Alchemy Tweaks.esp","0705BA64","2705BA64","damage_stamina_regeneration","Damage Stamina Regeneration","REQ_Alch_DamageStaminaRegeneration","Skyrim.esm","Requiem - Alchemy Redone.esp","00073F2C","00073F2C","negative","4","32.000000","60","0.200000","150"
"corprus_meat","Corprus Meat","mihailcorprusmeat","Journey to Baan Malur.esp","LoreRim - Alchemy Tweaks.esp","0705BA62","2705BA62","damage_health","Damage Health","REQ_Alch_DamageHealth","Skyrim.esm","Requiem - Alchemy Redone.esp","0003EB42","0003EB42","negative","1","8.000000","0","0.350000","100"
"corprus_meat","Corprus Meat","mihailcorprusmeat","Journey to Baan Malur.esp","LoreRim - Alchemy Tweaks.esp","0705BA62","2705BA62","damage_magicka","Damage Magicka","REQ_Alch_DamageMagicka","Skyrim.esm","LoreRim - Alchemy Tweaks.esp","0003A2B6","0003A2B6","negative","2","16.000000","0","0.350000","100"
"corprus_meat","Corprus Meat","mihailcorprusmeat","Journey to Baan Malur.esp","LoreRim - Alchemy Tweaks.esp","0705BA62","2705BA62","damage_stamina","Damage Stamina","REQ_Alch_DamageStamina","Skyrim.esm","LoreRim - Alchemy Tweaks.esp","0003A2C6","0003A2C6","negative","3","16.000000","0","0.350000","100"
"corprus_meat","Corprus Meat","mihailcorprusmeat","Journey to Baan Malur.esp","LoreRim - Alchemy Tweaks.esp","0705BA62","2705BA62","fortify_armor_rating","Fortify Armor Rating","REQ_Alch_FortifyArmorRating","Skyrim.esm","Requiem - Alchemy Redone.esp","0003EB1E","0003EB1E","positive","4","24.000000","120","0.350000","100"
"multifaceted_eye","Multifaceted Eye","mihailmultifacetedeye","Journey to Baan Malur.esp","LoreRim - Alchemy Tweaks.esp","0703D445","2703D445","fortify_illusion","Fortify Illusion","REQ_Alch_FortifyIllusion","Skyrim.esm","Requiem - Alchemy Redone.esp","0003EB27","0003EB27","positive","1","4.000000","120","0.100000","6"
"multifaceted_eye","Multifaceted Eye","mihailmultifacetedeye","Journey to Baan Malur.esp","LoreRim - Alchemy Tweaks.esp","0703D445","2703D445","fortify_sneak","Fortify Sneak","REQ_Alch_FortifySneak","Skyrim.esm","Requiem - Alchemy Redone.esp","0003EB22","0003EB22","positive","2","4.000000","120","0.100000","6"
"multifaceted_eye","Multifaceted Eye","mihailmultifacetedeye","Journey to Baan Malur.esp","LoreRim - Alchemy Tweaks.esp","0703D445","2703D445","resist_poison","Resist Poison","REQ_Alch_ResistPoison","Skyrim.esm","Requiem - Alchemy Redone.esp","00090041","00090041","positive","3","6.000000","120","0.100000","6"
"multifaceted_eye","Multifaceted Eye","mihailmultifacetedeye","Journey to Baan Malur.esp","LoreRim - Alchemy Tweaks.esp","0703D445","2703D445","resist_fire","Resist Fire","REQ_Alch_ResistFire","Skyrim.esm","Requiem - Alchemy Redone.esp","0003EAEA","0003EAEA","positive","4","4.000000","120","0.100000","6"
"cliff_racer_feathers","Cliff Racer Feathers","CliffracerFeathers","Journey to Baan Malur.esp","LoreRim - Alchemy Tweaks.esp","070157B3","270157B3","damage_magicka","Damage Magicka","REQ_Alch_DamageMagicka","Skyrim.esm","LoreRim - Alchemy Tweaks.esp","0003A2B6","0003A2B6","negative","1","16.000000","0","0.100000","20"
"cliff_racer_feathers","Cliff Racer Feathers","CliffracerFeathers","Journey to Baan Malur.esp","LoreRim - Alchemy Tweaks.esp","070157B3","270157B3","fortify_conjuration","Fortify Conjuration","REQ_Alch_FortifyConjuration","Skyrim.esm","Requiem - Alchemy Redone.esp","0003EB25","0003EB25","positive","2","4.000000","120","0.100000","20"
"cliff_racer_feathers","Cliff Racer Feathers","CliffracerFeathers","Journey to Baan Malur.esp","LoreRim - Alchemy Tweaks.esp","070157B3","270157B3","frenzy","Frenzy","REQ_Alch_Frenzy","Skyrim.esm","Requiem - Alchemy Redone.esp","00073F29","00073F29","negative","3","2.000000","15","0.100000","20"
"cliff_racer_feathers","Cliff Racer Feathers","CliffracerFeathers","Journey to Baan Malur.esp","LoreRim - Alchemy Tweaks.esp","070157B3","270157B3","weakness_to_shock","Weakness to Shock","REQ_Alch_WeaknessShock","Skyrim.esm","Requiem - Alchemy Redone.esp","00073F2F","00073F2F","negative","4","4.000000","30","0.100000","20"
"bantam_guar_egg","Bantam Guar Egg","BantamGuarEgg","Journey to Baan Malur.esp","LoreRim - Alchemy Tweaks.esp","0700ACB4","2700ACB4","restore_health","Restore Health","REQ_Alch_RestoreHealth","Skyrim.esm","Requiem - Alchemy Redone.esp","0003EB15","0003EB15","positive","1","1.000000","20","0.250000","2"
"bantam_guar_egg","Bantam Guar Egg","BantamGuarEgg","Journey to Baan Malur.esp","LoreRim - Alchemy Tweaks.esp","0700ACB4","2700ACB4","fortify_one_handed","Fortify One-Handed","REQ_Alch_FortifyDamage_OneHanded","Skyrim.esm","Requiem - Alchemy Redone.esp","0003EB19","0003EB19","positive","2","4.000000","120","0.250000","2"
"bantam_guar_egg","Bantam Guar Egg","BantamGuarEgg","Journey to Baan Malur.esp","LoreRim - Alchemy Tweaks.esp","0700ACB4","2700ACB4","damage_stamina","Damage Stamina","REQ_Alch_DamageStamina","Skyrim.esm","LoreRim - Alchemy Tweaks.esp","0003A2C6","0003A2C6","negative","3","16.000000","0","0.250000","2"
"bantam_guar_egg","Bantam Guar Egg","BantamGuarEgg","Journey to Baan Malur.esp","LoreRim - Alchemy Tweaks.esp","0700ACB4","2700ACB4","weakness_to_magic","Weakness to Magic","REQ_Alch_WeaknessMagic","Skyrim.esm","Requiem - Alchemy Redone.esp","00073F51","00073F51","negative","4","2.000000","30","0.250000","2"
"bloodflythorax","BloodflyThorax","RDFBloodflyThorax","Journey to Baan Malur.esp","LoreRim - Alchemy Tweaks.esp","07005286","27005286","restore_health","Restore Health","REQ_Alch_RestoreHealth","Skyrim.esm","Requiem - Alchemy Redone.esp","0003EB15","0003EB15","positive","1","1.000000","20","0.100000","15"
"bloodflythorax","BloodflyThorax","RDFBloodflyThorax","Journey to Baan Malur.esp","LoreRim - Alchemy Tweaks.esp","07005286","27005286","invisibility","Invisibility","REQ_Alch_Invisibillity","Skyrim.esm","Requiem - Alchemy Redone.esp","0003EB3D","0003EB3D","positive","2","0.000000","4","0.100000","15"
"bloodflythorax","BloodflyThorax","RDFBloodflyThorax","Journey to Baan Malur.esp","LoreRim - Alchemy Tweaks.esp","07005286","27005286","weakness_to_magic","Weakness to Magic","REQ_Alch_WeaknessMagic","Skyrim.esm","Requiem - Alchemy Redone.esp","00073F51","00073F51","negative","3","2.000000","30","0.100000","15"
"bloodflythorax","BloodflyThorax","RDFBloodflyThorax","Journey to Baan Malur.esp","LoreRim - Alchemy Tweaks.esp","07005286","27005286","damage_health","Damage Health","REQ_Alch_DamageHealth","Skyrim.esm","Requiem - Alchemy Redone.esp","0003EB42","0003EB42","negative","4","8.000000","0","0.100000","15"
"blood_bell","Blood Bell","RDFIngredientBloodBell","Journey to Baan Malur.esp","LoreRim - Alchemy Tweaks.esp","0700210A","2700210A","damage_health","Damage Health","REQ_Alch_DamageHealth","Skyrim.esm","Requiem - Alchemy Redone.esp","0003EB42","0003EB42","negative","1","8.000000","0","0.100000","5"
"blood_bell","Blood Bell","RDFIngredientBloodBell","Journey to Baan Malur.esp","LoreRim - Alchemy Tweaks.esp","0700210A","2700210A","restore_health","Restore Health","REQ_Alch_RestoreHealth","Skyrim.esm","Requiem - Alchemy Redone.esp","0003EB15","0003EB15","positive","2","1.000000","20","0.100000","5"
"blood_bell","Blood Bell","RDFIngredientBloodBell","Journey to Baan Malur.esp","LoreRim - Alchemy Tweaks.esp","0700210A","2700210A","weakness_to_magic","Weakness to Magic","REQ_Alch_WeaknessMagic","Skyrim.esm","Requiem - Alchemy Redone.esp","00073F51","00073F51","negative","3","2.000000","30","0.100000","5"
"blood_bell","Blood Bell","RDFIngredientBloodBell","Journey to Baan Malur.esp","LoreRim - Alchemy Tweaks.esp","0700210A","2700210A","invisibility","Invisibility","REQ_Alch_Invisibillity","Skyrim.esm","Requiem - Alchemy Redone.esp","0003EB3D","0003EB3D","positive","4","0.000000","4","0.100000","5"
"hunger_tongue","Hunger Tongue","mihailhungerloot","Journey to Baan Malur.esp","LoreRim - Alchemy Tweaks.esp","07000916","27000916","weakness_to_fire","Weakness to Fire","REQ_Alch_WeaknessFire","Skyrim.esm","Requiem - Alchemy Redone.esp","00073F2D","00073F2D","negative","1","8.000000","30","0.100000","70"
"hunger_tongue","Hunger Tongue","mihailhungerloot","Journey to Baan Malur.esp","LoreRim - Alchemy Tweaks.esp","07000916","27000916","cure_disease","Cure Disease","REQ_Alch_CureDisease","Skyrim.esm","Requiem - Alchemy Redone.esp","000AE722","000AE722","positive","2","5.000000","0","0.100000","70"
"hunger_tongue","Hunger Tongue","mihailhungerloot","Journey to Baan Malur.esp","LoreRim - Alchemy Tweaks.esp","07000916","27000916","cure_poison","Cure Poison","REQ_Alch_CurePoison","Skyrim.esm","Requiem - Alchemy Redone.esp","00109ADD","00109ADD","positive","3","2.000000","0","0.100000","70"
"hunger_tongue","Hunger Tongue","mihailhungerloot","Journey to Baan Malur.esp","LoreRim - Alchemy Tweaks.esp","07000916","27000916","fortify_magicka","Fortify Magicka","REQ_Alch_FortifyMagicka","Skyrim.esm","Requiem - Alchemy Redone.esp","0003EAF8","0003EAF8","positive","4","16.000000","300","0.100000","70"
"clannfear_claw","Clannfear Claw","mihailhighclannfear_loot","Journey to Baan Malur.esp","LoreRim - Alchemy Tweaks.esp","070008CE","270008CE","cure_disease","Cure Disease","REQ_Alch_CureDisease","Skyrim.esm","Requiem - Alchemy Redone.esp","000AE722","000AE722","positive","1","5.000000","0","0.400000","60"
"clannfear_claw","Clannfear Claw","mihailhighclannfear_loot","Journey to Baan Malur.esp","LoreRim - Alchemy Tweaks.esp","070008CE","270008CE","resist_magic","Resist Magic","REQ_Alch_ResistMagic","Skyrim.esm","Requiem - Alchemy Redone.esp","00039E51","00039E51","positive","2","2.000000","60","0.400000","60"
"clannfear_claw","Clannfear Claw","mihailhighclannfear_loot","Journey to Baan Malur.esp","LoreRim - Alchemy Tweaks.esp","070008CE","270008CE","paralysis","Paralysis","REQ_Alch_Paralysis","Skyrim.esm","Big Tweaks.esp","00073F30","00073F30","negative","3","0.000000","2","0.400000","60"
"clannfear_claw","Clannfear Claw","mihailhighclannfear_loot","Journey to Baan Malur.esp","LoreRim - Alchemy Tweaks.esp","070008CE","270008CE","damage_health","Damage Health","REQ_Alch_DamageHealth","Skyrim.esm","Requiem - Alchemy Redone.esp","0003EB42","0003EB42","negative","4","8.000000","0","0.400000","60"
"daedroth_titan_teeth","Daedroth Titan Teeth","mihaildaedroth_titan_loot","Journey to Baan Malur.esp","LoreRim - Alchemy Tweaks.esp","070008AB","270008AB","resist_frost","Resist Frost","REQ_Alch_ResistFrost","Skyrim.esm","Requiem - Alchemy Redone.esp","0003EAEB","0003EAEB","positive","1","4.000000","120","0.400000","70"
"daedroth_titan_teeth","Daedroth Titan Teeth","mihaildaedroth_titan_loot","Journey to Baan Malur.esp","LoreRim - Alchemy Tweaks.esp","070008AB","270008AB","light","Light","ccBGSSSE037_LightFFSelf","ccBGSSSE037-Curios.esl","ccBGSSSE037-Curios.esl","05000846","FE016846","positive","2","0.000000","300","0.400000","70"
"daedroth_titan_teeth","Daedroth Titan Teeth","mihaildaedroth_titan_loot","Journey to Baan Malur.esp","LoreRim - Alchemy Tweaks.esp","070008AB","270008AB","damage_magicka_regeneration","Damage Magicka Regeneration","REQ_Alch_DamageMagickaRegeneration","Skyrim.esm","Requiem - Alchemy Redone.esp","00073F2B","00073F2B","negative","3","32.000000","60","0.400000","70"
"daedroth_titan_teeth","Daedroth Titan Teeth","mihaildaedroth_titan_loot","Journey to Baan Malur.esp","LoreRim - Alchemy Tweaks.esp","070008AB","270008AB","fortify_carry_weight","Fortify Carry Weight","REQ_Alch_FortifyCarryWeight","Skyrim.esm","Requiem - Alchemy Redone.esp","0003EB01","0003EB01","positive","4","4.000000","600","0.400000","70"
"banekin_horn","Banekin Horn","mihailbanekin_loot","Journey to Baan Malur.esp","LoreRim - Alchemy Tweaks.esp","07000866","27000866","resist_shock","Resist Shock","REQ_Alch_ResistShock","Skyrim.esm","Requiem - Alchemy Redone.esp","0003EAEC","0003EAEC","positive","1","4.000000","120","0.250000","10"
"banekin_horn","Banekin Horn","mihailbanekin_loot","Journey to Baan Malur.esp","LoreRim - Alchemy Tweaks.esp","07000866","27000866","fortify_magicka","Fortify Magicka","REQ_Alch_FortifyMagicka","Skyrim.esm","Requiem - Alchemy Redone.esp","0003EAF8","0003EAF8","positive","2","8.000000","300","0.250000","10"
"banekin_horn","Banekin Horn","mihailbanekin_loot","Journey to Baan Malur.esp","LoreRim - Alchemy Tweaks.esp","07000866","27000866","fortify_destruction","Fortify Destruction","REQ_Alch_FortifyDestruction","Skyrim.esm","Requiem - Alchemy Redone.esp","0003EB26","0003EB26","positive","3","1.000000","120","0.250000","10"
"banekin_horn","Banekin Horn","mihailbanekin_loot","Journey to Baan Malur.esp","LoreRim - Alchemy Tweaks.esp","07000866","27000866","damage_stamina","Damage Stamina","REQ_Alch_DamageStamina","Skyrim.esm","LoreRim - Alchemy Tweaks.esp","0003A2C6","0003A2C6","negative","4","16.000000","0","0.250000","10"
"banekamp_skin","Banekamp Skin","mihailsbanekamp_loot","Journey to Baan Malur.esp","LoreRim - Alchemy Tweaks.esp","07000865","27000865","damage_magicka","Damage Magicka","REQ_Alch_DamageMagicka","Skyrim.esm","LoreRim - Alchemy Tweaks.esp","0003A2B6","0003A2B6","negative","1","16.000000","0","0.250000","25"
"banekamp_skin","Banekamp Skin","mihailsbanekamp_loot","Journey to Baan Malur.esp","LoreRim - Alchemy Tweaks.esp","07000865","27000865","resist_fire","Resist Fire","REQ_Alch_ResistFire","Skyrim.esm","Requiem - Alchemy Redone.esp","0003EAEA","0003EAEA","positive","2","4.000000","120","0.250000","25"
"banekamp_skin","Banekamp Skin","mihailsbanekamp_loot","Journey to Baan Malur.esp","LoreRim - Alchemy Tweaks.esp","07000865","27000865","resist_shock","Resist Shock","REQ_Alch_ResistShock","Skyrim.esm","Requiem - Alchemy Redone.esp","0003EAEC","0003EAEC","positive","3","4.000000","120","0.250000","25"
"banekamp_skin","Banekamp Skin","mihailsbanekamp_loot","Journey to Baan Malur.esp","LoreRim - Alchemy Tweaks.esp","07000865","27000865","damage_health","Damage Health","REQ_Alch_DamageHealth","Skyrim.esm","Requiem - Alchemy Redone.esp","0003EB42","0003EB42","negative","4","8.000000","0","0.250000","25"
"scamp_skin","Scamp Skin","mihailscamp_loot","Journey to Baan Malur.esp","LoreRim - Alchemy Tweaks.esp","07000864","27000864","damage_magicka","Damage Magicka","REQ_Alch_DamageMagicka","Skyrim.esm","LoreRim - Alchemy Tweaks.esp","0003A2B6","0003A2B6","negative","1","16.000000","0","0.400000","25"
"scamp_skin","Scamp Skin","mihailscamp_loot","Journey to Baan Malur.esp","LoreRim - Alchemy Tweaks.esp","07000864","27000864","resist_fire","Resist Fire","REQ_Alch_ResistFire","Skyrim.esm","Requiem - Alchemy Redone.esp","0003EAEA","0003EAEA","positive","2","4.000000","120","0.400000","25"
"scamp_skin","Scamp Skin","mihailscamp_loot","Journey to Baan Malur.esp","LoreRim - Alchemy Tweaks.esp","07000864","27000864","resist_shock","Resist Shock","REQ_Alch_ResistShock","Skyrim.esm","Requiem - Alchemy Redone.esp","0003EAEC","0003EAEC","positive","3","4.000000","120","0.400000","25"
"scamp_skin","Scamp Skin","mihailscamp_loot","Journey to Baan Malur.esp","LoreRim - Alchemy Tweaks.esp","07000864","27000864","damage_health","Damage Health","REQ_Alch_DamageHealth","Skyrim.esm","Requiem - Alchemy Redone.esp","0003EB42","0003EB42","negative","4","8.000000","0","0.400000","25"
"deep_moth_wing","Deep Moth Wing","WTMothWingDimfrost","Wyrmstooth.esp","LoreRim - Alchemy Tweaks.esp","0277E310","2477E310","damage_stamina","Damage Stamina","REQ_Alch_DamageStamina","Skyrim.esm","LoreRim - Alchemy Tweaks.esp","0003A2C6","0003A2C6","negative","1","16.000000","0","0.100000","5"
"deep_moth_wing","Deep Moth Wing","WTMothWingDimfrost","Wyrmstooth.esp","LoreRim - Alchemy Tweaks.esp","0277E310","2477E310","fortify_speed","Fortify Speed","REQ_Alch_FortifySpeed","Skyrim.esm","Requiem - Alchemy Redone.esp","0003EB1F","0003EB1F","positive","2","1.000000","120","0.100000","5"
"deep_moth_wing","Deep Moth Wing","WTMothWingDimfrost","Wyrmstooth.esp","LoreRim - Alchemy Tweaks.esp","0277E310","2477E310","fortify_magicka_regeneration","Fortify Magicka Regeneration","REQ_Alch_FortifyMagickaRegeneration","Skyrim.esm","Requiem - Alchemy Redone.esp","0003EB07","0003EB07","positive","3","16.000000","300","0.100000","5"
"deep_moth_wing","Deep Moth Wing","WTMothWingDimfrost","Wyrmstooth.esp","LoreRim - Alchemy Tweaks.esp","0277E310","2477E310","invisibility","Invisibility","REQ_Alch_Invisibillity","Skyrim.esm","Requiem - Alchemy Redone.esp","0003EB3D","0003EB3D","positive","4","0.000000","4","0.100000","5"
"spiddal_stick","Spiddal Stick","WTSpiddalStickINGR","Wyrmstooth.esp","LoreRim - Alchemy Tweaks.esp","02753B78","24753B78","damage_health","Damage Health","REQ_Alch_DamageHealth","Skyrim.esm","Requiem - Alchemy Redone.esp","0003EB42","0003EB42","negative","1","8.000000","0","0.100000","25"
"spiddal_stick","Spiddal Stick","WTSpiddalStickINGR","Wyrmstooth.esp","LoreRim - Alchemy Tweaks.esp","02753B78","24753B78","damage_magicka","Damage Magicka","REQ_Alch_DamageMagicka","Skyrim.esm","LoreRim - Alchemy Tweaks.esp","0003A2B6","0003A2B6","negative","2","16.000000","0","0.100000","25"
"spiddal_stick","Spiddal Stick","WTSpiddalStickINGR","Wyrmstooth.esp","LoreRim - Alchemy Tweaks.esp","02753B78","24753B78","weakness_to_fire","Weakness to Fire","REQ_Alch_WeaknessFire","Skyrim.esm","Requiem - Alchemy Redone.esp","00073F2D","00073F2D","negative","3","4.000000","30","0.100000","25"
"spiddal_stick","Spiddal Stick","WTSpiddalStickINGR","Wyrmstooth.esp","LoreRim - Alchemy Tweaks.esp","02753B78","24753B78","restore_stamina","Restore Stamina","REQ_Alch_RestoreStamina","Skyrim.esm","Requiem - Alchemy Redone.esp","0003EB16","0003EB16","positive","4","2.000000","20","0.100000","25"
"manure","Manure","WTManure","Wyrmstooth.esp","LoreRim - Alchemy Tweaks.esp","0261F312","2461F312","damage_health","Damage Health","REQ_Alch_DamageHealth","Skyrim.esm","Requiem - Alchemy Redone.esp","0003EB42","0003EB42","negative","1","8.000000","0","0.100000","2"
"manure","Manure","WTManure","Wyrmstooth.esp","LoreRim - Alchemy Tweaks.esp","0261F312","2461F312","damage_stamina","Damage Stamina","REQ_Alch_DamageStamina","Skyrim.esm","LoreRim - Alchemy Tweaks.esp","0003A2C6","0003A2C6","negative","2","16.000000","0","0.100000","2"
"manure","Manure","WTManure","Wyrmstooth.esp","LoreRim - Alchemy Tweaks.esp","0261F312","2461F312","lingering_damage_health","Lingering Damage Health","REQ_Alch_LingeringDamageHealth","Skyrim.esm","Requiem - Alchemy Redone.esp","0010AA4A","0010AA4A","negative","3","1.000000","15","0.100000","2"
"manure","Manure","WTManure","Wyrmstooth.esp","LoreRim - Alchemy Tweaks.esp","0261F312","2461F312","damage_magicka","Damage Magicka","REQ_Alch_DamageMagicka","Skyrim.esm","LoreRim - Alchemy Tweaks.esp","0003A2B6","0003A2B6","negative","4","16.000000","0","0.100000","2"
"elf_cup_cap","Elf Cup Cap","WTElfCupINGR","Wyrmstooth.esp","LoreRim - Alchemy Tweaks.esp","0244A3D8","2444A3D8","cure_disease","Cure Disease","REQ_Alch_CureDisease","Skyrim.esm","Requiem - Alchemy Redone.esp","000AE722","000AE722","positive","1","5.000000","0","0.100000","2"
"elf_cup_cap","Elf Cup Cap","WTElfCupINGR","Wyrmstooth.esp","LoreRim - Alchemy Tweaks.esp","0244A3D8","2444A3D8","lingering_damage_magicka","Lingering Damage Magicka","REQ_Alch_LingeringDamageMagicka","Skyrim.esm","LoreRim - Alchemy Tweaks.esp","0010DE5F","0010DE5F","negative","2","2.000000","15","0.100000","2"
"elf_cup_cap","Elf Cup Cap","WTElfCupINGR","Wyrmstooth.esp","LoreRim - Alchemy Tweaks.esp","0244A3D8","2444A3D8","damage_stamina","Damage Stamina","REQ_Alch_DamageStamina","Skyrim.esm","LoreRim - Alchemy Tweaks.esp","0003A2C6","0003A2C6","negative","3","16.000000","0","0.100000","2"
"elf_cup_cap","Elf Cup Cap","WTElfCupINGR","Wyrmstooth.esp","LoreRim - Alchemy Tweaks.esp","0244A3D8","2444A3D8","fortify_illusion","Fortify Illusion","REQ_Alch_FortifyIllusion","Skyrim.esm","Requiem - Alchemy Redone.esp","0003EB27","0003EB27","positive","4","4.000000","120","0.100000","2"
"fungus_stalk","Fungus Stalk","WTFungusStalkINGR","Wyrmstooth.esp","LoreRim - Alchemy Tweaks.esp","0241C922","2441C922","restore_stamina","Restore Stamina","REQ_Alch_RestoreStamina","Skyrim.esm","Requiem - Alchemy Redone.esp","0003EB16","0003EB16","positive","1","1.000000","20","0.100000","40"
"fungus_stalk","Fungus Stalk","WTFungusStalkINGR","Wyrmstooth.esp","LoreRim - Alchemy Tweaks.esp","0241C922","2441C922","waterbreathing","Waterbreathing","REQ_Alch_Waterbreathing","Skyrim.esm","Requiem - Alchemy Redone.esp","0003AC2D","0003AC2D","positive","2","0.000000","24","0.100000","40"
"fungus_stalk","Fungus Stalk","WTFungusStalkINGR","Wyrmstooth.esp","LoreRim - Alchemy Tweaks.esp","0241C922","2441C922","fortify_health","Fortify Health","REQ_Alch_FortifyHealth","Skyrim.esm","Requiem - Alchemy Redone.esp","0003EAF3","0003EAF3","positive","3","8.000000","300","0.100000","40"
"fungus_stalk","Fungus Stalk","WTFungusStalkINGR","Wyrmstooth.esp","LoreRim - Alchemy Tweaks.esp","0241C922","2441C922","restore_magicka","Restore Magicka","REQ_Alch_RestoreMagicka","Skyrim.esm","Requiem - Alchemy Redone.esp","0003EB17","0003EB17","positive","4","1.000000","20","0.100000","40"
"bog_beacon_asco_cap","Bog Beacon Asco Cap","WTBogBeaconINGR","Wyrmstooth.esp","LoreRim - Alchemy Tweaks.esp","024182A6","244182A6","restore_magicka","Restore Magicka","REQ_Alch_RestoreMagicka","Skyrim.esm","Requiem - Alchemy Redone.esp","0003EB17","0003EB17","positive","1","1.000000","20","0.100000","2"
"bog_beacon_asco_cap","Bog Beacon Asco Cap","WTBogBeaconINGR","Wyrmstooth.esp","LoreRim - Alchemy Tweaks.esp","024182A6","244182A6","fortify_block","Fortify Block","REQ_Alch_FortifyBlock","Skyrim.esm","Requiem - Alchemy Redone.esp","0003EB1C","0003EB1C","positive","2","4.000000","120","0.100000","2"
"bog_beacon_asco_cap","Bog Beacon Asco Cap","WTBogBeaconINGR","Wyrmstooth.esp","LoreRim - Alchemy Tweaks.esp","024182A6","244182A6","fortify_barter","Fortify Barter","REQ_Alch_FortifyBarter","Skyrim.esm","Requiem - Alchemy Redone.esp","0003EB23","0003EB23","positive","3","2.000000","120","0.100000","2"
"bog_beacon_asco_cap","Bog Beacon Asco Cap","WTBogBeaconINGR","Wyrmstooth.esp","LoreRim - Alchemy Tweaks.esp","024182A6","244182A6","fortify_stamina","Fortify Stamina","REQ_Alch_FortifyStamina","Skyrim.esm","Requiem - Alchemy Redone.esp","0003EAF9","0003EAF9","positive","4","8.000000","300","0.100000","2"
"scarlet_nightshade","Scarlet Nightshade","GRVEScarletNightshade","FalkreathShades.esp","LoreRim - Alchemy Tweaks.esp","052CCB82","222CCB82","restore_health","Restore Health","REQ_Alch_RestoreHealth","Skyrim.esm","Requiem - Alchemy Redone.esp","0003EB15","0003EB15","positive","1","1.000000","20","0.100000","8"
"scarlet_nightshade","Scarlet Nightshade","GRVEScarletNightshade","FalkreathShades.esp","LoreRim - Alchemy Tweaks.esp","052CCB82","222CCB82","fortify_magicka","Fortify Magicka","REQ_Alch_FortifyMagicka","Skyrim.esm","Requiem - Alchemy Redone.esp","0003EAF8","0003EAF8","positive","2","8.000000","300","0.100000","8"
"scarlet_nightshade","Scarlet Nightshade","GRVEScarletNightshade","FalkreathShades.esp","LoreRim - Alchemy Tweaks.esp","052CCB82","222CCB82","lingering_damage_health","Lingering Damage Health","REQ_Alch_LingeringDamageHealth","Skyrim.esm","Requiem - Alchemy Redone.esp","0010AA4A","0010AA4A","negative","3","1.000000","15","0.100000","8"
"scarlet_nightshade","Scarlet Nightshade","GRVEScarletNightshade","FalkreathShades.esp","LoreRim - Alchemy Tweaks.esp","052CCB82","222CCB82","fortify_restoration","Fortify Restoration","REQ_Alch_FortifyRestoration","Skyrim.esm","Requiem - Alchemy Redone.esp","0003EB28","0003EB28","positive","4","2.000000","120","0.100000","8"
"shadestuff","Shadestuff","GRVEShadeGoo","FalkreathShades.esp","LoreRim - Alchemy Tweaks.esp","05187591","22187591","restore_health","Restore Health","REQ_Alch_RestoreHealth","Skyrim.esm","Requiem - Alchemy Redone.esp","0003EB15","0003EB15","positive","1","1.000000","20","0.100000","25"
"shadestuff","Shadestuff","GRVEShadeGoo","FalkreathShades.esp","LoreRim - Alchemy Tweaks.esp","05187591","22187591","fortify_conjuration","Fortify Conjuration","REQ_Alch_FortifyConjuration","Skyrim.esm","Requiem - Alchemy Redone.esp","0003EB25","0003EB25","positive","2","1.000000","120","0.100000","25"
"shadestuff","Shadestuff","GRVEShadeGoo","FalkreathShades.esp","LoreRim - Alchemy Tweaks.esp","05187591","22187591","fortify_health","Fortify Health","REQ_Alch_FortifyHealth","Skyrim.esm","Requiem - Alchemy Redone.esp","0003EAF3","0003EAF3","positive","3","8.000000","300","0.100000","25"
"shadestuff","Shadestuff","GRVEShadeGoo","FalkreathShades.esp","LoreRim - Alchemy Tweaks.esp","05187591","22187591","damage_magicka","Damage Magicka","REQ_Alch_DamageMagicka","Skyrim.esm","LoreRim - Alchemy Tweaks.esp","0003A2B6","0003A2B6","negative","4","16.000000","0","0.100000","25"
"manic_lobsterfish","Manic Lobsterfish","EC_SS_LobsterfishMania","Skyrim Extended Cut - Saints and Seducers.esp","LoreRim - Alchemy Tweaks.esp","080F6170","1E0F6170","waterbreathing","Waterbreathing","REQ_Alch_Waterbreathing","Skyrim.esm","Requiem - Alchemy Redone.esp","0003AC2D","0003AC2D","positive","1","0.000000","48","0.400000","44"
"manic_lobsterfish","Manic Lobsterfish","EC_SS_LobsterfishMania","Skyrim Extended Cut - Saints and Seducers.esp","LoreRim - Alchemy Tweaks.esp","080F6170","1E0F6170","weakness_to_shock","Weakness to Shock","REQ_Alch_WeaknessShock","Skyrim.esm","Requiem - Alchemy Redone.esp","00073F2F","00073F2F","negative","2","4.000000","30","0.400000","44"
"manic_lobsterfish","Manic Lobsterfish","EC_SS_LobsterfishMania","Skyrim Extended Cut - Saints and Seducers.esp","LoreRim - Alchemy Tweaks.esp","080F6170","1E0F6170","damage_maximum_magicka","Damage Maximum Magicka","REQ_Alch_DamageMaximumMagicka","Skyrim.esm","Requiem - Alchemy Redone.esp","00073F27","00073F27","negative","3","32.000000","60","0.400000","44"
"manic_lobsterfish","Manic Lobsterfish","EC_SS_LobsterfishMania","Skyrim Extended Cut - Saints and Seducers.esp","LoreRim - Alchemy Tweaks.esp","080F6170","1E0F6170","damage_stamina_regeneration","Damage Stamina Regeneration","REQ_Alch_DamageStaminaRegeneration","Skyrim.esm","Requiem - Alchemy Redone.esp","00073F2C","00073F2C","negative","4","64.000000","60","0.400000","44"
"demented_lobsterfish","Demented Lobsterfish","EC_SS_LobsterfishDementia","Skyrim Extended Cut - Saints and Seducers.esp","LoreRim - Alchemy Tweaks.esp","080F616F","1E0F616F","fortify_stamina_regeneration","Fortify Stamina Regeneration","REQ_Alch_FortifyStaminaRegeneration","Skyrim.esm","Requiem - Alchemy Redone.esp","0003EB08","0003EB08","positive","1","32.000000","300","0.400000","58"
"demented_lobsterfish","Demented Lobsterfish","EC_SS_LobsterfishDementia","Skyrim Extended Cut - Saints and Seducers.esp","LoreRim - Alchemy Tweaks.esp","080F616F","1E0F616F","fortify_magicka","Fortify Magicka","REQ_Alch_FortifyMagicka","Skyrim.esm","Requiem - Alchemy Redone.esp","0003EAF8","0003EAF8","positive","2","16.000000","300","0.400000","58"
"demented_lobsterfish","Demented Lobsterfish","EC_SS_LobsterfishDementia","Skyrim Extended Cut - Saints and Seducers.esp","LoreRim - Alchemy Tweaks.esp","080F616F","1E0F616F","resist_shock","Resist Shock","REQ_Alch_ResistShock","Skyrim.esm","Requiem - Alchemy Redone.esp","0003EAEC","0003EAEC","positive","3","8.000000","120","0.400000","58"
"demented_lobsterfish","Demented Lobsterfish","EC_SS_LobsterfishDementia","Skyrim Extended Cut - Saints and Seducers.esp","LoreRim - Alchemy Tweaks.esp","080F616F","1E0F616F","waterbreathing","Waterbreathing","REQ_Alch_Waterbreathing","Skyrim.esm","Requiem - Alchemy Redone.esp","0003AC2D","0003AC2D","positive","4","0.000000","48","0.400000","58"
"shroom_beetle_legs","Shroom Beetle Legs","EC_SS_ShroomBeetleLegs","Skyrim Extended Cut - Saints and Seducers.esp","LoreRim - Alchemy Tweaks.esp","080B4552","1E0B4552","spell_absorption","Spell Absorption","ccBGSSSE037_RaceBretonAbsorbSpellChance","ccBGSSSE037-Curios.esl","ccBGSSSE037-Curios.esl","05000812","FE016812","positive","1","1.000000","120","0.100000","15"
"shroom_beetle_legs","Shroom Beetle Legs","EC_SS_ShroomBeetleLegs","Skyrim Extended Cut - Saints and Seducers.esp","LoreRim - Alchemy Tweaks.esp","080B4552","1E0B4552","cure_poison","Cure Poison","REQ_Alch_CurePoison","Skyrim.esm","Requiem - Alchemy Redone.esp","00109ADD","00109ADD","positive","2","2.000000","0","0.100000","15"
"shroom_beetle_legs","Shroom Beetle Legs","EC_SS_ShroomBeetleLegs","Skyrim Extended Cut - Saints and Seducers.esp","LoreRim - Alchemy Tweaks.esp","080B4552","1E0B4552","light","Light","ccBGSSSE037_LightFFSelf","ccBGSSSE037-Curios.esl","ccBGSSSE037-Curios.esl","05000846","FE016846","positive","3","0.000000","120","0.100000","15"
"shroom_beetle_legs","Shroom Beetle Legs","EC_SS_ShroomBeetleLegs","Skyrim Extended Cut - Saints and Seducers.esp","LoreRim - Alchemy Tweaks.esp","080B4552","1E0B4552","night_eye","Night Eye","ccBGSSSE037_NightEyeEffect","ccBGSSSE037-Curios.esl","ccBGSSSE037-Curios.esl","05000803","FE016803","positive","4","0.000000","120","0.100000","15"
"daggermouth_fin","Daggermouth Fin","EC_SS_DaggermouthFin","Skyrim Extended Cut - Saints and Seducers.esp","LoreRim - Alchemy Tweaks.esp","08066559","1E066559","night_eye","Night Eye","ccBGSSSE037_NightEyeEffect","ccBGSSSE037-Curios.esl","ccBGSSSE037-Curios.esl","05000803","FE016803","positive","1","0.000000","60","0.400000","34"
"daggermouth_fin","Daggermouth Fin","EC_SS_DaggermouthFin","Skyrim Extended Cut - Saints and Seducers.esp","LoreRim - Alchemy Tweaks.esp","08066559","1E066559","resist_poison","Resist Poison","REQ_Alch_ResistPoison","Skyrim.esm","Requiem - Alchemy Redone.esp","00090041","00090041","positive","2","12.000000","120","0.400000","34"
"daggermouth_fin","Daggermouth Fin","EC_SS_DaggermouthFin","Skyrim Extended Cut - Saints and Seducers.esp","LoreRim - Alchemy Tweaks.esp","08066559","1E066559","lingering_damage_health","Lingering Damage Health","REQ_Alch_LingeringDamageHealth","Skyrim.esm","Requiem - Alchemy Redone.esp","0010AA4A","0010AA4A","negative","3","2.000000","15","0.400000","34"
"daggermouth_fin","Daggermouth Fin","EC_SS_DaggermouthFin","Skyrim Extended Cut - Saints and Seducers.esp","LoreRim - Alchemy Tweaks.esp","08066559","1E066559","cure_poison","Cure Poison","REQ_Alch_CurePoison","Skyrim.esm","Requiem - Alchemy Redone.esp","00109ADD","00109ADD","positive","4","4.000000","0","0.400000","34"
"manic_wing_dust","Manic Wing Dust","EC_SS_ManicMudcrabDust","Skyrim Extended Cut - Saints and Seducers.esp","LoreRim - Alchemy Tweaks.esp","0802E3C9","1E02E3C9","waterwalking","Waterwalking","AlchWaterWalking","Dragonborn.esm","Dragonborn.esm","020390E1","040390E1","positive","1","0.000000","48","0.200000","33"
"manic_wing_dust","Manic Wing Dust","EC_SS_ManicMudcrabDust","Skyrim Extended Cut - Saints and Seducers.esp","LoreRim - Alchemy Tweaks.esp","0802E3C9","1E02E3C9","damage_magicka","Damage Magicka","REQ_Alch_DamageMagicka","Skyrim.esm","LoreRim - Alchemy Tweaks.esp","0003A2B6","0003A2B6","negative","2","32.000000","0","0.200000","33"
"manic_wing_dust","Manic Wing Dust","EC_SS_ManicMudcrabDust","Skyrim Extended Cut - Saints and Seducers.esp","LoreRim - Alchemy Tweaks.esp","0802E3C9","1E02E3C9","fortify_carry_weight","Fortify Carry Weight","REQ_Alch_FortifyCarryWeight","Skyrim.esm","Requiem - Alchemy Redone.esp","0003EB01","0003EB01","positive","3","8.000000","600","0.200000","33"
"manic_wing_dust","Manic Wing Dust","EC_SS_ManicMudcrabDust","Skyrim Extended Cut - Saints and Seducers.esp","LoreRim - Alchemy Tweaks.esp","0802E3C9","1E02E3C9","slow","Slow","REQ_Alch_Slow","Skyrim.esm","Requiem - Alchemy Redone.esp","00073F25","00073F25","negative","4","8.000000","50","0.200000","33"
"nightshade","Nightshade","ccEEJSSE005_Nightshade","cceejsse005-cave.esm","LoreRim - Alchemy Tweaks.esp","05042A61","0D042A61","damage_health","Damage Health","REQ_Alch_DamageHealth","Skyrim.esm","Requiem - Alchemy Redone.esp","0003EB42","0003EB42","negative","1","8.000000","0","0.100000","8"
"nightshade","Nightshade","ccEEJSSE005_Nightshade","cceejsse005-cave.esm","LoreRim - Alchemy Tweaks.esp","05042A61","0D042A61","damage_magicka_regeneration","Damage Magicka Regeneration","REQ_Alch_DamageMagickaRegeneration","Skyrim.esm","Requiem - Alchemy Redone.esp","00073F2B","00073F2B","negative","2","16.000000","60","0.100000","8"
"nightshade","Nightshade","ccEEJSSE005_Nightshade","cceejsse005-cave.esm","LoreRim - Alchemy Tweaks.esp","05042A61","0D042A61","lingering_damage_stamina","Lingering Damage Stamina","REQ_Alch_LingeringDamageStamina","Skyrim.esm","LoreRim - Alchemy Tweaks.esp","0010DE5E","0010DE5E","negative","3","2.000000","15","0.100000","8"
"nightshade","Nightshade","ccEEJSSE005_Nightshade","cceejsse005-cave.esm","LoreRim - Alchemy Tweaks.esp","05042A61","0D042A61","fortify_destruction","Fortify Destruction","REQ_Alch_FortifyDestruction","Skyrim.esm","Requiem - Alchemy Redone.esp","0003EB26","0003EB26","positive","4","2.000000","120","0.100000","8"
"flame_stalk","Flame Stalk","ccBGSSSE025_FlameStalk","ccBGSSSE025-AdvDSGS.esm","LoreRim - Alchemy Tweaks.esp","05095E23","0C095E23","restore_health","Restore Health","REQ_Alch_RestoreHealth","Skyrim.esm","Requiem - Alchemy Redone.esp","0003EB15","0003EB15","positive","1","1.500000","20","0.100000","50"
"flame_stalk","Flame Stalk","ccBGSSSE025_FlameStalk","ccBGSSSE025-AdvDSGS.esm","LoreRim - Alchemy Tweaks.esp","05095E23","0C095E23","resist_frost","Resist Frost","REQ_Alch_ResistFrost","Skyrim.esm","Requiem - Alchemy Redone.esp","0003EAEB","0003EAEB","positive","2","4.000000","120","0.100000","50"
"flame_stalk","Flame Stalk","ccBGSSSE025_FlameStalk","ccBGSSSE025-AdvDSGS.esm","LoreRim - Alchemy Tweaks.esp","05095E23","0C095E23","weakness_to_fire","Weakness to Fire","REQ_Alch_WeaknessFire","Skyrim.esm","Requiem - Alchemy Redone.esp","00073F2D","00073F2D","negative","3","4.000000","30","0.100000","50"
"flame_stalk","Flame Stalk","ccBGSSSE025_FlameStalk","ccBGSSSE025-AdvDSGS.esm","LoreRim - Alchemy Tweaks.esp","05095E23","0C095E23","invisibility","Invisibility","REQ_Alch_Invisibillity","Skyrim.esm","Requiem - Alchemy Redone.esp","0003EB3D","0003EB3D","positive","4","0.000000","6","0.100000","50"
"bliss_bug_thorax","Bliss Bug Thorax","ccBGSSSE025_Blissbug","ccBGSSSE025-AdvDSGS.esm","LoreRim - Alchemy Tweaks.esp","05059155","0C059155","weakness_to_fire","Weakness to Fire","REQ_Alch_WeaknessFire","Skyrim.esm","Requiem - Alchemy Redone.esp","00073F2D","00073F2D","negative","1","4.000000","30","0.100000","30"
"bliss_bug_thorax","Bliss Bug Thorax","ccBGSSSE025_Blissbug","ccBGSSSE025-AdvDSGS.esm","LoreRim - Alchemy Tweaks.esp","05059155","0C059155","resist_fire","Resist Fire","REQ_Alch_ResistFire","Skyrim.esm","Requiem - Alchemy Redone.esp","0003EAEA","0003EAEA","positive","2","4.000000","120","0.100000","30"
"bliss_bug_thorax","Bliss Bug Thorax","ccBGSSSE025_Blissbug","ccBGSSSE025-AdvDSGS.esm","LoreRim - Alchemy Tweaks.esp","05059155","0C059155","fortify_speed","Fortify Speed","REQ_Alch_FortifySpeed","Skyrim.esm","Requiem - Alchemy Redone.esp","0003EB1F","0003EB1F","positive","3","1.000000","120","0.100000","30"
"bliss_bug_thorax","Bliss Bug Thorax","ccBGSSSE025_Blissbug","ccBGSSSE025-AdvDSGS.esm","LoreRim - Alchemy Tweaks.esp","05059155","0C059155","fortify_illusion","Fortify Illusion","REQ_Alch_FortifyIllusion","Skyrim.esm","Requiem - Alchemy Redone.esp","0003EB27","0003EB27","positive","4","4.000000","120","0.100000","30"
"purple_butterfly_wing","Purple Butterfly Wing","ccBGSSSE025_PurpleButterfly","ccBGSSSE025-AdvDSGS.esm","LoreRim - Alchemy Tweaks.esp","05059153","0C059153","fortify_health_regeneration","Fortify Health Regeneration","REQ_Alch_FortifyHealthRegeneration","Skyrim.esm","Requiem - Alchemy Redone.esp","0003EB06","0003EB06","positive","1","16.000000","300","0.100000","100"
"purple_butterfly_wing","Purple Butterfly Wing","ccBGSSSE025_PurpleButterfly","ccBGSSSE025-AdvDSGS.esm","LoreRim - Alchemy Tweaks.esp","05059153","0C059153","fortify_magicka_regeneration","Fortify Magicka Regeneration","REQ_Alch_FortifyMagickaRegeneration","Skyrim.esm","Requiem - Alchemy Redone.esp","0003EB07","0003EB07","positive","2","16.000000","300","0.100000","100"
"purple_butterfly_wing","Purple Butterfly Wing","ccBGSSSE025_PurpleButterfly","ccBGSSSE025-AdvDSGS.esm","LoreRim - Alchemy Tweaks.esp","05059153","0C059153","fortify_stamina_regeneration","Fortify Stamina Regeneration","REQ_Alch_FortifyStaminaRegeneration","Skyrim.esm","Requiem - Alchemy Redone.esp","0003EB08","0003EB08","positive","3","16.000000","300","0.100000","100"
"purple_butterfly_wing","Purple Butterfly Wing","ccBGSSSE025_PurpleButterfly","ccBGSSSE025-AdvDSGS.esm","LoreRim - Alchemy Tweaks.esp","05059153","0C059153","paralysis","Paralysis","REQ_Alch_Paralysis","Skyrim.esm","Big Tweaks.esp","00073F30","00073F30","negative","4","0.000000","2","0.100000","100"
"green_butterfly_wing","Green Butterfly Wing","ccBGSSSE025_GreenButterfly","ccBGSSSE025-AdvDSGS.esm","LoreRim - Alchemy Tweaks.esp","05059151","0C059151","restore_magicka","Restore Magicka","REQ_Alch_RestoreMagicka","Skyrim.esm","Requiem - Alchemy Redone.esp","0003EB17","0003EB17","positive","1","1.000000","20","0.100000","30"
"green_butterfly_wing","Green Butterfly Wing","ccBGSSSE025_GreenButterfly","ccBGSSSE025-AdvDSGS.esm","LoreRim - Alchemy Tweaks.esp","05059151","0C059151","fear","Fear","REQ_Alch_Fear","Skyrim.esm","Requiem - Alchemy Redone.esp","00073F20","00073F20","negative","2","2.000000","15","0.100000","30"
"green_butterfly_wing","Green Butterfly Wing","ccBGSSSE025_GreenButterfly","ccBGSSSE025-AdvDSGS.esm","LoreRim - Alchemy Tweaks.esp","05059151","0C059151","slow","Slow","REQ_Alch_Slow","Skyrim.esm","Requiem - Alchemy Redone.esp","00073F25","00073F25","negative","3","50.000000","4","0.100000","30"
"green_butterfly_wing","Green Butterfly Wing","ccBGSSSE025_GreenButterfly","ccBGSSSE025-AdvDSGS.esm","LoreRim - Alchemy Tweaks.esp","05059151","0C059151","invisibility","Invisibility","REQ_Alch_Invisibillity","Skyrim.esm","Requiem - Alchemy Redone.esp","0003EB3D","0003EB3D","positive","4","0.000000","4","0.100000","30"
"spiddal_stick","Spiddal Stick","ccBGSSSE067_IngredientSpiddalStick","ccbgssse067-daedinv.esm","LoreRim - Alchemy Tweaks.esp","05024C15","0B024C15","damage_health","Damage Health","REQ_Alch_DamageHealth","Skyrim.esm","Requiem - Alchemy Redone.esp","0003EB42","0003EB42","negative","1","8.000000","0","0.100000","25"
"spiddal_stick","Spiddal Stick","ccBGSSSE067_IngredientSpiddalStick","ccbgssse067-daedinv.esm","LoreRim - Alchemy Tweaks.esp","05024C15","0B024C15","damage_magicka","Damage Magicka","REQ_Alch_DamageMagicka","Skyrim.esm","LoreRim - Alchemy Tweaks.esp","0003A2B6","0003A2B6","negative","2","16.000000","0","0.100000","25"
"spiddal_stick","Spiddal Stick","ccBGSSSE067_IngredientSpiddalStick","ccbgssse067-daedinv.esm","LoreRim - Alchemy Tweaks.esp","05024C15","0B024C15","weakness_to_fire","Weakness to Fire","REQ_Alch_WeaknessFire","Skyrim.esm","Requiem - Alchemy Redone.esp","00073F2D","00073F2D","negative","3","4.000000","30","0.100000","25"
"spiddal_stick","Spiddal Stick","ccBGSSSE067_IngredientSpiddalStick","ccbgssse067-daedinv.esm","LoreRim - Alchemy Tweaks.esp","05024C15","0B024C15","restore_stamina","Restore Stamina","REQ_Alch_RestoreStamina","Skyrim.esm","Requiem - Alchemy Redone.esp","0003EB16","0003EB16","positive","4","2.000000","20","0.100000","25"
"bloodgrass","Bloodgrass","ccBGSSSE067_IngredientBloodgrass","ccbgssse067-daedinv.esm","LoreRim - Alchemy Tweaks.esp","05024C13","0B024C13","invisibility","Invisibility","REQ_Alch_Invisibillity","Skyrim.esm","Requiem - Alchemy Redone.esp","0003EB3D","0003EB3D","positive","1","0.000000","6","0.100000","25"
"bloodgrass","Bloodgrass","ccBGSSSE067_IngredientBloodgrass","ccbgssse067-daedinv.esm","LoreRim - Alchemy Tweaks.esp","05024C13","0B024C13","resist_poison","Resist Poison","REQ_Alch_ResistPoison","Skyrim.esm","Requiem - Alchemy Redone.esp","00090041","00090041","positive","2","6.000000","120","0.100000","25"
"bloodgrass","Bloodgrass","ccBGSSSE067_IngredientBloodgrass","ccbgssse067-daedinv.esm","LoreRim - Alchemy Tweaks.esp","05024C13","0B024C13","slow","Slow","REQ_Alch_Slow","Skyrim.esm","Requiem - Alchemy Redone.esp","00073F25","00073F25","negative","3","50.000000","6","0.100000","25"
"bloodgrass","Bloodgrass","ccBGSSSE067_IngredientBloodgrass","ccbgssse067-daedinv.esm","LoreRim - Alchemy Tweaks.esp","05024C13","0B024C13","fortify_health","Fortify Health","REQ_Alch_FortifyHealth","Skyrim.esm","Requiem - Alchemy Redone.esp","0003EAF3","0003EAF3","positive","4","8.000000","300","0.100000","25"
"harrada","Harrada","ccBGSSSE067_IngredientHarrada","ccbgssse067-daedinv.esm","LoreRim - Alchemy Tweaks.esp","05024C11","0B024C11","damage_health","Damage Health","REQ_Alch_DamageHealth","Skyrim.esm","Requiem - Alchemy Redone.esp","0003EB42","0003EB42","negative","1","8.000000","0","0.100000","25"
"harrada","Harrada","ccBGSSSE067_IngredientHarrada","ccbgssse067-daedinv.esm","LoreRim - Alchemy Tweaks.esp","05024C11","0B024C11","damage_magicka","Damage Magicka","REQ_Alch_DamageMagicka","Skyrim.esm","LoreRim - Alchemy Tweaks.esp","0003A2B6","0003A2B6","negative","2","16.000000","0","0.100000","25"
"harrada","Harrada","ccBGSSSE067_IngredientHarrada","ccbgssse067-daedinv.esm","LoreRim - Alchemy Tweaks.esp","05024C11","0B024C11","paralysis","Paralysis","REQ_Alch_Paralysis","Skyrim.esm","Big Tweaks.esp","00073F30","00073F30","negative","3","0.000000","2","0.100000","25"
"harrada","Harrada","ccBGSSSE067_IngredientHarrada","ccbgssse067-daedinv.esm","LoreRim - Alchemy Tweaks.esp","05024C11","0B024C11","damage_magicka_regeneration","Damage Magicka Regeneration","REQ_Alch_DamageMagickaRegeneration","Skyrim.esm","Requiem - Alchemy Redone.esp","00073F2B","00073F2B","negative","4","32.000000","60","0.100000","25"
"wild_grass_pod","Wild Grass Pod","DLCDwarvenPuzzleDungeonSpikyGrassPod01","cctwbsse001-puzzledungeon.esm","LoreRim - Alchemy Tweaks.esp","05019D3A","07019D3A","resist_poison","Resist Poison","REQ_Alch_ResistPoison","Skyrim.esm","Requiem - Alchemy Redone.esp","00090041","00090041","positive","1","6.000000","120","0.100000","1"
"wild_grass_pod","Wild Grass Pod","DLCDwarvenPuzzleDungeonSpikyGrassPod01","cctwbsse001-puzzledungeon.esm","LoreRim - Alchemy Tweaks.esp","05019D3A","07019D3A","damage_maximum_magicka","Damage Maximum Magicka","REQ_Alch_DamageMaximumMagicka","Skyrim.esm","Requiem - Alchemy Redone.esp","00073F27","00073F27","negative","2","16.000000","60","0.100000","1"
"wild_grass_pod","Wild Grass Pod","DLCDwarvenPuzzleDungeonSpikyGrassPod01","cctwbsse001-puzzledungeon.esm","LoreRim - Alchemy Tweaks.esp","05019D3A","07019D3A","fortify_alteration","Fortify Alteration","REQ_Alch_FortifyAlteration","Skyrim.esm","Requiem - Alchemy Redone.esp","0003EB24","0003EB24","positive","3","4.000000","120","0.100000","1"
"wild_grass_pod","Wild Grass Pod","DLCDwarvenPuzzleDungeonSpikyGrassPod01","cctwbsse001-puzzledungeon.esm","LoreRim - Alchemy Tweaks.esp","05019D3A","07019D3A","restore_magicka","Restore Magicka","REQ_Alch_RestoreMagicka","Skyrim.esm","Requiem - Alchemy Redone.esp","0003EB17","0003EB17","positive","4","1.000000","20","0.100000","1"
"spadefish","Spadefish","ccBGSSSE001_PinnateSpadefishIng","ccBGSSSE001-Fish.esm","LoreRim - Alchemy Tweaks.esp","050008F3","060008F3","restore_health","Restore Health","REQ_Alch_RestoreHealth","Skyrim.esm","Requiem - Alchemy Redone.esp","0003EB15","0003EB15","positive","1","1.000000","20","0.250000","15"
"spadefish","Spadefish","ccBGSSSE001_PinnateSpadefishIng","ccBGSSSE001-Fish.esm","LoreRim - Alchemy Tweaks.esp","050008F3","060008F3","fortify_lockpicking","Fortify Lockpicking","REQ_Alch_FortifyLockpicking","Requiem.esp","Requiem - Alchemy Redone.esp","0A0BCC54","7F0BCC54","positive","2","0.400000","120","0.250000","15"
"spadefish","Spadefish","ccBGSSSE001_PinnateSpadefishIng","ccBGSSSE001-Fish.esm","LoreRim - Alchemy Tweaks.esp","050008F3","060008F3","fortify_pickpocket","Fortify Pickpocket","REQ_Alch_FortifyPickpocket","Skyrim.esm","Requiem - Alchemy Redone.esp","0003EB20","0003EB20","positive","3","4.000000","120","0.250000","15"
"spadefish","Spadefish","ccBGSSSE001_PinnateSpadefishIng","ccBGSSSE001-Fish.esm","LoreRim - Alchemy Tweaks.esp","050008F3","060008F3","cure_disease","Cure Disease","REQ_Alch_CureDisease","Skyrim.esm","Requiem - Alchemy Redone.esp","000AE722","000AE722","positive","4","5.000000","0","0.250000","15"
"juvenile_mudcrab","Juvenile Mudcrab","ccBGSSSE001_JuvenileMudcrabIng","ccBGSSSE001-Fish.esm","LoreRim - Alchemy Tweaks.esp","050008F2","060008F2","fortify_stamina_regeneration","Fortify Stamina Regeneration","REQ_Alch_FortifyStaminaRegeneration","Skyrim.esm","Requiem - Alchemy Redone.esp","0003EB08","0003EB08","positive","1","16.000000","300","0.250000","10"
"juvenile_mudcrab","Juvenile Mudcrab","ccBGSSSE001_JuvenileMudcrabIng","ccBGSSSE001-Fish.esm","LoreRim - Alchemy Tweaks.esp","050008F2","060008F2","fortify_carry_weight","Fortify Carry Weight","REQ_Alch_FortifyCarryWeight","Skyrim.esm","Requiem - Alchemy Redone.esp","0003EB01","0003EB01","positive","2","4.000000","600","0.250000","10"
"juvenile_mudcrab","Juvenile Mudcrab","ccBGSSSE001_JuvenileMudcrabIng","ccBGSSSE001-Fish.esm","LoreRim - Alchemy Tweaks.esp","050008F2","060008F2","cure_disease","Cure Disease","REQ_Alch_CureDisease","Skyrim.esm","Requiem - Alchemy Redone.esp","000AE722","000AE722","positive","3","5.000000","0","0.250000","10"
"juvenile_mudcrab","Juvenile Mudcrab","ccBGSSSE001_JuvenileMudcrabIng","ccBGSSSE001-Fish.esm","LoreRim - Alchemy Tweaks.esp","050008F2","060008F2","fortify_two_handed","Fortify Two-Handed","REQ_Alch_FortifyDamage_TwoHanded","Skyrim.esm","Requiem - Alchemy Redone.esp","0003EB1A","0003EB1A","positive","4","4.000000","120","0.250000","10"
"lyretail_anthias","Lyretail Anthias","ccBGSSSE001_LyretailAnthiasIng","ccBGSSSE001-Fish.esm","LoreRim - Alchemy Tweaks.esp","050008F1","060008F1","restore_magicka","Restore Magicka","REQ_Alch_RestoreMagicka","Skyrim.esm","Requiem - Alchemy Redone.esp","0003EB17","0003EB17","positive","1","1.000000","20","0.250000","30"
"lyretail_anthias","Lyretail Anthias","ccBGSSSE001_LyretailAnthiasIng","ccBGSSSE001-Fish.esm","LoreRim - Alchemy Tweaks.esp","050008F1","060008F1","fortify_alteration","Fortify Alteration","REQ_Alch_FortifyAlteration","Skyrim.esm","Requiem - Alchemy Redone.esp","0003EB24","0003EB24","positive","2","4.000000","120","0.250000","30"
"lyretail_anthias","Lyretail Anthias","ccBGSSSE001_LyretailAnthiasIng","ccBGSSSE001-Fish.esm","LoreRim - Alchemy Tweaks.esp","050008F1","060008F1","fortify_conjuration","Fortify Conjuration","REQ_Alch_FortifyConjuration","Skyrim.esm","Requiem - Alchemy Redone.esp","0003EB25","0003EB25","positive","3","6.000000","120","0.250000","30"
"lyretail_anthias","Lyretail Anthias","ccBGSSSE001_LyretailAnthiasIng","ccBGSSSE001-Fish.esm","LoreRim - Alchemy Tweaks.esp","050008F1","060008F1","fortify_carry_weight","Fortify Carry Weight","REQ_Alch_FortifyCarryWeight","Skyrim.esm","Requiem - Alchemy Redone.esp","0003EB01","0003EB01","positive","4","4.000000","600","0.250000","30"
"angler_larvae","Angler Larvae","ccBGSSSE001_AnglerLarvaeIng","ccBGSSSE001-Fish.esm","LoreRim - Alchemy Tweaks.esp","050008F0","060008F0","lingering_damage_health","Lingering Damage Health","REQ_Alch_LingeringDamageHealth","Skyrim.esm","Requiem - Alchemy Redone.esp","0010AA4A","0010AA4A","negative","1","1.000000","15","0.250000","1"
"angler_larvae","Angler Larvae","ccBGSSSE001_AnglerLarvaeIng","ccBGSSSE001-Fish.esm","LoreRim - Alchemy Tweaks.esp","050008F0","060008F0","fortify_stamina_regeneration","Fortify Stamina Regeneration","REQ_Alch_FortifyStaminaRegeneration","Skyrim.esm","Requiem - Alchemy Redone.esp","0003EB08","0003EB08","positive","2","16.000000","300","0.250000","1"
"angler_larvae","Angler Larvae","ccBGSSSE001_AnglerLarvaeIng","ccBGSSSE001-Fish.esm","LoreRim - Alchemy Tweaks.esp","050008F0","060008F0","waterbreathing","Waterbreathing","REQ_Alch_Waterbreathing","Skyrim.esm","Requiem - Alchemy Redone.esp","0003AC2D","0003AC2D","positive","3","0.000000","24","0.250000","1"
"angler_larvae","Angler Larvae","ccBGSSSE001_AnglerLarvaeIng","ccBGSSSE001-Fish.esm","LoreRim - Alchemy Tweaks.esp","050008F0","060008F0","fortify_two_handed","Fortify Two-Handed","REQ_Alch_FortifyDamage_TwoHanded","Skyrim.esm","Requiem - Alchemy Redone.esp","0003EB1A","0003EB1A","positive","4","4.000000","120","0.250000","1"
"goldfish","Goldfish","ccBGSSSE001_GoldfishIng","ccBGSSSE001-Fish.esm","LoreRim - Alchemy Tweaks.esp","050008EF","060008EF","restore_stamina","Restore Stamina","REQ_Alch_RestoreStamina","Skyrim.esm","Requiem - Alchemy Redone.esp","0003EB16","0003EB16","positive","1","1.000000","20","0.250000","10"
"goldfish","Goldfish","ccBGSSSE001_GoldfishIng","ccBGSSSE001-Fish.esm","LoreRim - Alchemy Tweaks.esp","050008EF","060008EF","fortify_armor_rating","Fortify Armor Rating","REQ_Alch_FortifyArmorRating","Skyrim.esm","Requiem - Alchemy Redone.esp","0003EB1E","0003EB1E","positive","2","12.000000","120","0.250000","10"
"goldfish","Goldfish","ccBGSSSE001_GoldfishIng","ccBGSSSE001-Fish.esm","LoreRim - Alchemy Tweaks.esp","050008EF","060008EF","waterbreathing","Waterbreathing","REQ_Alch_Waterbreathing","Skyrim.esm","Requiem - Alchemy Redone.esp","0003AC2D","0003AC2D","positive","3","0.000000","24","0.250000","10"
"goldfish","Goldfish","ccBGSSSE001_GoldfishIng","ccBGSSSE001-Fish.esm","LoreRim - Alchemy Tweaks.esp","050008EF","060008EF","resist_frost","Resist Frost","REQ_Alch_ResistFrost","Skyrim.esm","Requiem - Alchemy Redone.esp","0003EAEB","0003EAEB","positive","4","4.000000","120","0.250000","10"
"glassfish","Glassfish","ccBGSSSE001_GlassfishIng","ccBGSSSE001-Fish.esm","LoreRim - Alchemy Tweaks.esp","050008EE","060008EE","restore_magicka","Restore Magicka","REQ_Alch_RestoreMagicka","Skyrim.esm","Requiem - Alchemy Redone.esp","0003EB17","0003EB17","positive","1","1.000000","20","0.250000","1"
"glassfish","Glassfish","ccBGSSSE001_GlassfishIng","ccBGSSSE001-Fish.esm","LoreRim - Alchemy Tweaks.esp","050008EE","060008EE","invisibility","Invisibility","REQ_Alch_Invisibillity","Skyrim.esm","Requiem - Alchemy Redone.esp","0003EB3D","0003EB3D","positive","2","0.000000","4","0.250000","1"
"glassfish","Glassfish","ccBGSSSE001_GlassfishIng","ccBGSSSE001-Fish.esm","LoreRim - Alchemy Tweaks.esp","050008EE","060008EE","fortify_illusion","Fortify Illusion","REQ_Alch_FortifyIllusion","Skyrim.esm","Requiem - Alchemy Redone.esp","0003EB27","0003EB27","positive","3","4.000000","120","0.250000","1"
"glassfish","Glassfish","ccBGSSSE001_GlassfishIng","ccBGSSSE001-Fish.esm","LoreRim - Alchemy Tweaks.esp","050008EE","060008EE","fortify_speech","Fortify Speech","REQ_Alch_FortifySpeech","Skyrim.esm","Requiem - Alchemy Redone.esp","000D6947","000D6947","positive","4","2.000000","120","0.250000","1"
"pygmy_sunfish","Pygmy Sunfish","ccBGSSSE001_PygmySunfishIng","ccBGSSSE001-Fish.esm","LoreRim - Alchemy Tweaks.esp","050008ED","060008ED","restore_stamina","Restore Stamina","REQ_Alch_RestoreStamina","Skyrim.esm","Requiem - Alchemy Redone.esp","0003EB16","0003EB16","positive","1","1.000000","20","0.250000","2"
"pygmy_sunfish","Pygmy Sunfish","ccBGSSSE001_PygmySunfishIng","ccBGSSSE001-Fish.esm","LoreRim - Alchemy Tweaks.esp","050008ED","060008ED","lingering_damage_magicka","Lingering Damage Magicka","REQ_Alch_LingeringDamageMagicka","Skyrim.esm","LoreRim - Alchemy Tweaks.esp","0010DE5F","0010DE5F","negative","2","2.000000","15","0.250000","2"
"pygmy_sunfish","Pygmy Sunfish","ccBGSSSE001_PygmySunfishIng","ccBGSSSE001-Fish.esm","LoreRim - Alchemy Tweaks.esp","050008ED","060008ED","damage_magicka_regeneration","Damage Magicka Regeneration","REQ_Alch_DamageMagickaRegeneration","Skyrim.esm","Requiem - Alchemy Redone.esp","00073F2B","00073F2B","negative","3","16.000000","60","0.250000","2"
"pygmy_sunfish","Pygmy Sunfish","ccBGSSSE001_PygmySunfishIng","ccBGSSSE001-Fish.esm","LoreRim - Alchemy Tweaks.esp","050008ED","060008ED","fortify_restoration","Fortify Restoration","REQ_Alch_FortifyRestoration","Skyrim.esm","Requiem - Alchemy Redone.esp","0003EB28","0003EB28","positive","4","4.000000","120","0.250000","2"
"pearlfish","Pearlfish","ccBGSSSE001_PearlfishIng","ccBGSSSE001-Fish.esm","LoreRim - Alchemy Tweaks.esp","050008EC","060008EC","restore_stamina","Restore Stamina","REQ_Alch_RestoreStamina","Skyrim.esm","Requiem - Alchemy Redone.esp","0003EB16","0003EB16","positive","1","1.000000","20","0.250000","15"
"pearlfish","Pearlfish","ccBGSSSE001_PearlfishIng","ccBGSSSE001-Fish.esm","LoreRim - Alchemy Tweaks.esp","050008EC","060008EC","resist_frost","Resist Frost","REQ_Alch_ResistFrost","Skyrim.esm","Requiem - Alchemy Redone.esp","0003EAEB","0003EAEB","positive","2","4.000000","120","0.250000","15"
"pearlfish","Pearlfish","ccBGSSSE001_PearlfishIng","ccBGSSSE001-Fish.esm","LoreRim - Alchemy Tweaks.esp","050008EC","060008EC","reflect_damage","Reflect Damage","REQ_Alch_FortifyReflect","Skyrim.esm","LoreRim - Alchemy Tweaks.esp","0003EB1D","0003EB1D","positive","3","1.000000","120","0.250000","15"
"pearlfish","Pearlfish","ccBGSSSE001_PearlfishIng","ccBGSSSE001-Fish.esm","LoreRim - Alchemy Tweaks.esp","050008EC","060008EC","fortify_one_handed","Fortify One-Handed","REQ_Alch_FortifyDamage_OneHanded","Skyrim.esm","Requiem - Alchemy Redone.esp","0003EB19","0003EB19","positive","4","4.000000","120","0.250000","15"
"angelfish","Angelfish","ccBGSSSE001_AngelfishIng","ccBGSSSE001-Fish.esm","LoreRim - Alchemy Tweaks.esp","050008EB","060008EB","fortify_health_regeneration","Fortify Health Regeneration","REQ_Alch_FortifyHealthRegeneration","Skyrim.esm","Requiem - Alchemy Redone.esp","0003EB06","0003EB06","positive","1","16.000000","300","0.250000","30"
"angelfish","Angelfish","ccBGSSSE001_AngelfishIng","ccBGSSSE001-Fish.esm","LoreRim - Alchemy Tweaks.esp","050008EB","060008EB","resist_fire","Resist Fire","REQ_Alch_ResistFire","Skyrim.esm","Requiem - Alchemy Redone.esp","0003EAEA","0003EAEA","positive","2","4.000000","120","0.250000","30"
"angelfish","Angelfish","ccBGSSSE001_AngelfishIng","ccBGSSSE001-Fish.esm","LoreRim - Alchemy Tweaks.esp","050008EB","060008EB","fortify_marksman","Fortify Marksman","REQ_Alch_FortifyDamage_Marksman","Skyrim.esm","Requiem - Alchemy Redone.esp","0003EB1B","0003EB1B","positive","3","4.000000","60","0.250000","30"
"angelfish","Angelfish","ccBGSSSE001_AngelfishIng","ccBGSSSE001-Fish.esm","LoreRim - Alchemy Tweaks.esp","050008EB","060008EB","waterbreathing","Waterbreathing","REQ_Alch_Waterbreathing","Skyrim.esm","Requiem - Alchemy Redone.esp","0003AC2D","0003AC2D","positive","4","0.000000","24","0.250000","30"
"felsaad_tern_feathers","Felsaad Tern Feathers","DLC2TernFeathers","Dragonborn.esm","LoreRim - Alchemy Tweaks.esp","0203CD8E","0403CD8E","restore_health","Restore Health","REQ_Alch_RestoreHealth","Skyrim.esm","Requiem - Alchemy Redone.esp","0003EB15","0003EB15","positive","1","1.000000","20","0.100000","15"
"felsaad_tern_feathers","Felsaad Tern Feathers","DLC2TernFeathers","Dragonborn.esm","LoreRim - Alchemy Tweaks.esp","0203CD8E","0403CD8E","fortify_speed","Fortify Speed","REQ_Alch_FortifySpeed","Skyrim.esm","Requiem - Alchemy Redone.esp","0003EB1F","0003EB1F","positive","2","1.000000","120","0.100000","15"
"felsaad_tern_feathers","Felsaad Tern Feathers","DLC2TernFeathers","Dragonborn.esm","LoreRim - Alchemy Tweaks.esp","0203CD8E","0403CD8E","cure_poison","Cure Poison","REQ_Alch_CurePoison","Skyrim.esm","Requiem - Alchemy Redone.esp","00109ADD","00109ADD","positive","3","2.000000","0","0.100000","15"
"felsaad_tern_feathers","Felsaad Tern Feathers","DLC2TernFeathers","Dragonborn.esm","LoreRim - Alchemy Tweaks.esp","0203CD8E","0403CD8E","resist_magic","Resist Magic","REQ_Alch_ResistMagic","Skyrim.esm","Requiem - Alchemy Redone.esp","00039E51","00039E51","positive","4","2.000000","120","0.100000","15"
"emperor_parasol_moss","Emperor Parasol Moss","DLC2HangingMoss","Dragonborn.esm","LoreRim - Alchemy Tweaks.esp","0201FF75","0401FF75","damage_health","Damage Health","REQ_Alch_DamageHealth","Skyrim.esm","Requiem - Alchemy Redone.esp","0003EB42","0003EB42","negative","1","12.000000","0","0.250000","1"
"emperor_parasol_moss","Emperor Parasol Moss","DLC2HangingMoss","Dragonborn.esm","LoreRim - Alchemy Tweaks.esp","0201FF75","0401FF75","fortify_magicka","Fortify Magicka","REQ_Alch_FortifyMagicka","Skyrim.esm","Requiem - Alchemy Redone.esp","0003EAF8","0003EAF8","positive","2","8.000000","300","0.250000","1"
"emperor_parasol_moss","Emperor Parasol Moss","DLC2HangingMoss","Dragonborn.esm","LoreRim - Alchemy Tweaks.esp","0201FF75","0401FF75","fortify_health_regeneration","Fortify Health Regeneration","REQ_Alch_FortifyHealthRegeneration","Skyrim.esm","Requiem - Alchemy Redone.esp","0003EB06","0003EB06","positive","3","16.000000","300","0.250000","1"
"emperor_parasol_moss","Emperor Parasol Moss","DLC2HangingMoss","Dragonborn.esm","LoreRim - Alchemy Tweaks.esp","0201FF75","0401FF75","fortify_two_handed","Fortify Two-Handed","REQ_Alch_FortifyDamage_TwoHanded","Skyrim.esm","Requiem - Alchemy Redone.esp","0003EB1A","0003EB1A","positive","4","4.000000","120","0.250000","1"
"ash_creep_cluster","Ash Creep Cluster","DLC2AshCreepCluster","Dragonborn.esm","LoreRim - Alchemy Tweaks.esp","0201CD74","0401CD74","damage_stamina","Damage Stamina","REQ_Alch_DamageStamina","Skyrim.esm","LoreRim - Alchemy Tweaks.esp","0003A2C6","0003A2C6","negative","1","16.000000","0","0.250000","20"
"ash_creep_cluster","Ash Creep Cluster","DLC2AshCreepCluster","Dragonborn.esm","LoreRim - Alchemy Tweaks.esp","0201CD74","0401CD74","invisibility","Invisibility","REQ_Alch_Invisibillity","Skyrim.esm","Requiem - Alchemy Redone.esp","0003EB3D","0003EB3D","positive","2","0.000000","4","0.250000","20"
"ash_creep_cluster","Ash Creep Cluster","DLC2AshCreepCluster","Dragonborn.esm","LoreRim - Alchemy Tweaks.esp","0201CD74","0401CD74","resist_fire","Resist Fire","REQ_Alch_ResistFire","Skyrim.esm","Requiem - Alchemy Redone.esp","0003EAEA","0003EAEA","positive","3","4.000000","120","0.250000","20"
"ash_creep_cluster","Ash Creep Cluster","DLC2AshCreepCluster","Dragonborn.esm","LoreRim - Alchemy Tweaks.esp","0201CD74","0401CD74","fortify_destruction","Fortify Destruction","REQ_Alch_FortifyDestruction","Skyrim.esm","Requiem - Alchemy Redone.esp","0003EB26","0003EB26","positive","4","4.000000","120","0.250000","20"
"netch_jelly","Netch Jelly","DLC2NetchJelly","Dragonborn.esm","LoreRim - Alchemy Tweaks.esp","0201CD72","0401CD72","paralysis","Paralysis","REQ_Alch_Paralysis","Skyrim.esm","Big Tweaks.esp","00073F30","00073F30","negative","1","0.000000","2","0.400000","20"
"netch_jelly","Netch Jelly","DLC2NetchJelly","Dragonborn.esm","LoreRim - Alchemy Tweaks.esp","0201CD72","0401CD72","fortify_carry_weight","Fortify Carry Weight","REQ_Alch_FortifyCarryWeight","Skyrim.esm","Requiem - Alchemy Redone.esp","0003EB01","0003EB01","positive","2","4.000000","600","0.400000","20"
"netch_jelly","Netch Jelly","DLC2NetchJelly","Dragonborn.esm","LoreRim - Alchemy Tweaks.esp","0201CD72","0401CD72","restore_stamina","Restore Stamina","REQ_Alch_RestoreStamina","Skyrim.esm","Requiem - Alchemy Redone.esp","0003EB16","0003EB16","positive","3","2.000000","20","0.400000","20"
"netch_jelly","Netch Jelly","DLC2NetchJelly","Dragonborn.esm","LoreRim - Alchemy Tweaks.esp","0201CD72","0401CD72","fear","Fear","REQ_Alch_Fear","Skyrim.esm","Requiem - Alchemy Redone.esp","00073F20","00073F20","negative","4","2.000000","15","0.400000","20"
"ash_hopper_jelly","Ash Hopper Jelly","DLC2AshHopperJelly","Dragonborn.esm","LoreRim - Alchemy Tweaks.esp","0201CD71","0401CD71","restore_health","Restore Health","REQ_Alch_RestoreHealth","Skyrim.esm","Requiem - Alchemy Redone.esp","0003EB15","0003EB15","positive","1","1.000000","20","0.250000","20"
"ash_hopper_jelly","Ash Hopper Jelly","DLC2AshHopperJelly","Dragonborn.esm","LoreRim - Alchemy Tweaks.esp","0201CD71","0401CD71","fortify_speed","Fortify Speed","REQ_Alch_FortifySpeed","Skyrim.esm","Requiem - Alchemy Redone.esp","0003EB1F","0003EB1F","positive","2","1.000000","120","0.250000","20"
"ash_hopper_jelly","Ash Hopper Jelly","DLC2AshHopperJelly","Dragonborn.esm","LoreRim - Alchemy Tweaks.esp","0201CD71","0401CD71","resist_shock","Resist Shock","REQ_Alch_ResistShock","Skyrim.esm","Requiem - Alchemy Redone.esp","0003EAEC","0003EAEC","positive","3","4.000000","120","0.250000","20"
"ash_hopper_jelly","Ash Hopper Jelly","DLC2AshHopperJelly","Dragonborn.esm","LoreRim - Alchemy Tweaks.esp","0201CD71","0401CD71","weakness_to_frost","Weakness to Frost","REQ_Alch_WeaknessFrost","Skyrim.esm","Requiem - Alchemy Redone.esp","00073F2E","00073F2E","negative","4","4.000000","30","0.250000","20"
"boar_tusk","Boar Tusk","DLC2BoarTusk","Dragonborn.esm","LoreRim - Alchemy Tweaks.esp","0201CD6F","0401CD6F","fortify_stamina","Fortify Stamina","REQ_Alch_FortifyStamina","Skyrim.esm","Requiem - Alchemy Redone.esp","0003EAF9","0003EAF9","positive","1","12.000000","300","0.400000","20"
"boar_tusk","Boar Tusk","DLC2BoarTusk","Dragonborn.esm","LoreRim - Alchemy Tweaks.esp","0201CD6F","0401CD6F","fortify_health","Fortify Health","REQ_Alch_FortifyHealth","Skyrim.esm","Requiem - Alchemy Redone.esp","0003EAF3","0003EAF3","positive","2","12.000000","300","0.400000","20"
"boar_tusk","Boar Tusk","DLC2BoarTusk","Dragonborn.esm","LoreRim - Alchemy Tweaks.esp","0201CD6F","0401CD6F","fortify_block","Fortify Block","REQ_Alch_FortifyBlock","Skyrim.esm","Requiem - Alchemy Redone.esp","0003EB1C","0003EB1C","positive","3","4.000000","120","0.400000","20"
"boar_tusk","Boar Tusk","DLC2BoarTusk","Dragonborn.esm","LoreRim - Alchemy Tweaks.esp","0201CD6F","0401CD6F","frenzy","Frenzy","REQ_Alch_Frenzy","Skyrim.esm","Requiem - Alchemy Redone.esp","00073F29","00073F29","negative","4","2.000000","15","0.400000","20"
"burnt_spriggan_wood","Burnt Spriggan Wood","DLC2BurntSprigganWood","Dragonborn.esm","LoreRim - Alchemy Tweaks.esp","0201CD6E","0401CD6E","weakness_to_fire","Weakness to Fire","REQ_Alch_WeaknessFire","Skyrim.esm","Requiem - Alchemy Redone.esp","00073F2D","00073F2D","negative","1","4.000000","30","0.400000","20"
"burnt_spriggan_wood","Burnt Spriggan Wood","DLC2BurntSprigganWood","Dragonborn.esm","LoreRim - Alchemy Tweaks.esp","0201CD6E","0401CD6E","fortify_alteration","Fortify Alteration","REQ_Alch_FortifyAlteration","Skyrim.esm","Requiem - Alchemy Redone.esp","0003EB24","0003EB24","positive","2","4.000000","120","0.400000","20"
"burnt_spriggan_wood","Burnt Spriggan Wood","DLC2BurntSprigganWood","Dragonborn.esm","LoreRim - Alchemy Tweaks.esp","0201CD6E","0401CD6E","silence","Silence","REQ_Alch_Silence","Requiem - Alchemy Redone.esp","Requiem - Alchemy Redone.esp","07000815","FE62D815","positive","3","0.000000","2","0.400000","20"
"burnt_spriggan_wood","Burnt Spriggan Wood","DLC2BurntSprigganWood","Dragonborn.esm","LoreRim - Alchemy Tweaks.esp","0201CD6E","0401CD6E","slow","Slow","REQ_Alch_Slow","Skyrim.esm","Requiem - Alchemy Redone.esp","00073F25","00073F25","negative","4","50.000000","4","0.400000","20"
"spawn_ash","Spawn Ash","DLC2GhoulAsh","Dragonborn.esm","LoreRim - Alchemy Tweaks.esp","0201CD6D","0401CD6D","damage_maximum_stamina","Damage Maximum Stamina","REQ_Alch_DamageMaximumStamina","Skyrim.esm","Requiem - Alchemy Redone.esp","00073F23","00073F23","negative","1","16.000000","60","0.100000","20"
"spawn_ash","Spawn Ash","DLC2GhoulAsh","Dragonborn.esm","LoreRim - Alchemy Tweaks.esp","0201CD6D","0401CD6D","resist_fire","Resist Fire","REQ_Alch_ResistFire","Skyrim.esm","Requiem - Alchemy Redone.esp","0003EAEA","0003EAEA","positive","2","4.000000","120","0.100000","20"
"spawn_ash","Spawn Ash","DLC2GhoulAsh","Dragonborn.esm","LoreRim - Alchemy Tweaks.esp","0201CD6D","0401CD6D","soul_trap","Soul Trap","REQ_Alch_SoulTrap","Requiem.esp","Requiem - Alchemy Redone.esp","0A20B30F","7F20B30F","positive","3","0.000000","4","0.100000","20"
"spawn_ash","Spawn Ash","DLC2GhoulAsh","Dragonborn.esm","LoreRim - Alchemy Tweaks.esp","0201CD6D","0401CD6D","damage_maximum_magicka","Damage Maximum Magicka","REQ_Alch_DamageMaximumMagicka","Skyrim.esm","Requiem - Alchemy Redone.esp","00073F27","00073F27","negative","4","16.000000","60","0.100000","20"
"scathecraw","Scathecraw","DLC2Scathecraw01","Dragonborn.esm","LoreRim - Alchemy Tweaks.esp","02017E97","04017E97","damage_maximum_health","Damage Maximum Health","REQ_Alch_DamageMaximumHealth","Skyrim.esm","Requiem - Alchemy Redone.esp","00073F26","00073F26","negative","1","8.000000","60","0.100000","1"
"scathecraw","Scathecraw","DLC2Scathecraw01","Dragonborn.esm","LoreRim - Alchemy Tweaks.esp","02017E97","04017E97","damage_maximum_stamina","Damage Maximum Stamina","REQ_Alch_DamageMaximumStamina","Skyrim.esm","Requiem - Alchemy Redone.esp","00073F23","00073F23","negative","2","16.000000","60","0.100000","1"
"scathecraw","Scathecraw","DLC2Scathecraw01","Dragonborn.esm","LoreRim - Alchemy Tweaks.esp","02017E97","04017E97","damage_maximum_magicka","Damage Maximum Magicka","REQ_Alch_DamageMaximumMagicka","Skyrim.esm","Requiem - Alchemy Redone.esp","00073F27","00073F27","negative","3","16.000000","60","0.100000","1"
"scathecraw","Scathecraw","DLC2Scathecraw01","Dragonborn.esm","LoreRim - Alchemy Tweaks.esp","02017E97","04017E97","lingering_damage_health","Lingering Damage Health","REQ_Alch_LingeringDamageHealth","Skyrim.esm","Requiem - Alchemy Redone.esp","0010AA4A","0010AA4A","negative","4","1.000000","15","0.100000","1"
"trama_root","Trama Root","DLC2TramaRoot01","Dragonborn.esm","LoreRim - Alchemy Tweaks.esp","02017008","04017008","weakness_to_shock","Weakness to Shock","REQ_Alch_WeaknessShock","Skyrim.esm","Requiem - Alchemy Redone.esp","00073F2F","00073F2F","negative","1","4.000000","30","0.200000","1"
"trama_root","Trama Root","DLC2TramaRoot01","Dragonborn.esm","LoreRim - Alchemy Tweaks.esp","02017008","04017008","fortify_carry_weight","Fortify Carry Weight","REQ_Alch_FortifyCarryWeight","Skyrim.esm","Requiem - Alchemy Redone.esp","0003EB01","0003EB01","positive","2","4.000000","600","0.200000","1"
"trama_root","Trama Root","DLC2TramaRoot01","Dragonborn.esm","LoreRim - Alchemy Tweaks.esp","02017008","04017008","damage_magicka","Damage Magicka","REQ_Alch_DamageMagicka","Skyrim.esm","LoreRim - Alchemy Tweaks.esp","0003A2B6","0003A2B6","negative","3","16.000000","0","0.200000","1"
"trama_root","Trama Root","DLC2TramaRoot01","Dragonborn.esm","LoreRim - Alchemy Tweaks.esp","02017008","04017008","slow","Slow","REQ_Alch_Slow","Skyrim.esm","Requiem - Alchemy Redone.esp","00073F25","00073F25","negative","4","50.000000","4","0.200000","1"
"ashen_grass_pod","Ashen Grass Pod","DLC2SpikyGrassAsh01","Dragonborn.esm","LoreRim - Alchemy Tweaks.esp","02016E26","04016E26","resist_fire","Resist Fire","REQ_Alch_ResistFire","Skyrim.esm","Requiem - Alchemy Redone.esp","0003EAEA","0003EAEA","positive","1","6.000000","120","0.100000","1"
"ashen_grass_pod","Ashen Grass Pod","DLC2SpikyGrassAsh01","Dragonborn.esm","LoreRim - Alchemy Tweaks.esp","02016E26","04016E26","weakness_to_shock","Weakness to Shock","REQ_Alch_WeaknessShock","Skyrim.esm","Requiem - Alchemy Redone.esp","00073F2F","00073F2F","negative","2","4.000000","30","0.100000","1"
"ashen_grass_pod","Ashen Grass Pod","DLC2SpikyGrassAsh01","Dragonborn.esm","LoreRim - Alchemy Tweaks.esp","02016E26","04016E26","fortify_lockpicking","Fortify Lockpicking","REQ_Alch_FortifyLockpicking","Requiem.esp","Requiem - Alchemy Redone.esp","0A0BCC54","7F0BCC54","positive","3","0.400000","120","0.100000","1"
"ashen_grass_pod","Ashen Grass Pod","DLC2SpikyGrassAsh01","Dragonborn.esm","LoreRim - Alchemy Tweaks.esp","02016E26","04016E26","fortify_sneak","Fortify Sneak","REQ_Alch_FortifySneak","Skyrim.esm","Requiem - Alchemy Redone.esp","0003EB22","0003EB22","positive","4","4.000000","120","0.100000","1"
"hawks_egg","Hawk's Egg","BYOHHawkEgg01","HearthFires.esm","LoreRim - Alchemy Tweaks.esp","0300F1CC","0300F1CC","resist_magic","Resist Magic","REQ_Alch_ResistMagic","Skyrim.esm","Requiem - Alchemy Redone.esp","00039E51","00039E51","positive","1","2.000000","120","0.100000","5"
"hawks_egg","Hawk's Egg","BYOHHawkEgg01","HearthFires.esm","LoreRim - Alchemy Tweaks.esp","0300F1CC","0300F1CC","damage_magicka_regeneration","Damage Magicka Regeneration","REQ_Alch_DamageMagickaRegeneration","Skyrim.esm","Requiem - Alchemy Redone.esp","00073F2B","00073F2B","negative","2","16.000000","60","0.100000","5"
"hawks_egg","Hawk's Egg","BYOHHawkEgg01","HearthFires.esm","LoreRim - Alchemy Tweaks.esp","0300F1CC","0300F1CC","waterbreathing","Waterbreathing","REQ_Alch_Waterbreathing","Skyrim.esm","Requiem - Alchemy Redone.esp","0003AC2D","0003AC2D","positive","3","0.000000","24","0.100000","5"
"hawks_egg","Hawk's Egg","BYOHHawkEgg01","HearthFires.esm","LoreRim - Alchemy Tweaks.esp","0300F1CC","0300F1CC","lingering_damage_stamina","Lingering Damage Stamina","REQ_Alch_LingeringDamageStamina","Skyrim.esm","LoreRim - Alchemy Tweaks.esp","0010DE5E","0010DE5E","negative","4","2.000000","15","0.100000","5"
"salmon_roe","Salmon Roe","BYOHSalmonRoe01","HearthFires.esm","LoreRim - Alchemy Tweaks.esp","03003545","03003545","restore_stamina","Restore Stamina","REQ_Alch_RestoreStamina","Skyrim.esm","Requiem - Alchemy Redone.esp","0003EB16","0003EB16","positive","1","0.500000","20","0.200000","5"
"salmon_roe","Salmon Roe","BYOHSalmonRoe01","HearthFires.esm","LoreRim - Alchemy Tweaks.esp","03003545","03003545","waterbreathing","Waterbreathing","REQ_Alch_Waterbreathing","Skyrim.esm","Requiem - Alchemy Redone.esp","0003AC2D","0003AC2D","positive","2","0.000000","36","0.200000","5"
"salmon_roe","Salmon Roe","BYOHSalmonRoe01","HearthFires.esm","LoreRim - Alchemy Tweaks.esp","03003545","03003545","fortify_magicka","Fortify Magicka","REQ_Alch_FortifyMagicka","Skyrim.esm","Requiem - Alchemy Redone.esp","0003EAF8","0003EAF8","positive","3","12.000000","300","0.200000","5"
"salmon_roe","Salmon Roe","BYOHSalmonRoe01","HearthFires.esm","LoreRim - Alchemy Tweaks.esp","03003545","03003545","fortify_magicka_regeneration","Fortify Magicka Regeneration","REQ_Alch_FortifyMagickaRegeneration","Skyrim.esm","Requiem - Alchemy Redone.esp","0003EB07","0003EB07","positive","4","16.000000","300","0.200000","5"
"poisonous_bloom","Poisonous Bloom","DLC01PoisonBloom","Dawnguard.esm","LoreRim - Alchemy Tweaks.esp","020185FB","020185FB","damage_health","Damage Health","REQ_Alch_DamageHealth","Skyrim.esm","Requiem - Alchemy Redone.esp","0003EB42","0003EB42","negative","1","12.000000","0","0.250000","5"
"poisonous_bloom","Poisonous Bloom","DLC01PoisonBloom","Dawnguard.esm","LoreRim - Alchemy Tweaks.esp","020185FB","020185FB","slow","Slow","REQ_Alch_Slow","Skyrim.esm","Requiem - Alchemy Redone.esp","00073F25","00073F25","negative","2","50.000000","4","0.250000","5"
"poisonous_bloom","Poisonous Bloom","DLC01PoisonBloom","Dawnguard.esm","LoreRim - Alchemy Tweaks.esp","020185FB","020185FB","fortify_carry_weight","Fortify Carry Weight","REQ_Alch_FortifyCarryWeight","Skyrim.esm","Requiem - Alchemy Redone.esp","0003EB01","0003EB01","positive","3","4.000000","600","0.250000","5"
"poisonous_bloom","Poisonous Bloom","DLC01PoisonBloom","Dawnguard.esm","LoreRim - Alchemy Tweaks.esp","020185FB","020185FB","fear","Fear","REQ_Alch_Fear","Skyrim.esm","Requiem - Alchemy Redone.esp","00073F20","00073F20","negative","4","2.000000","15","0.250000","5"
"chaurus_hunter_antennae","Chaurus Hunter Antennae","DLC01ChaurusHunterAntennae","Dawnguard.esm","LoreRim - Alchemy Tweaks.esp","020183B7","020183B7","damage_stamina","Damage Stamina","REQ_Alch_DamageStamina","Skyrim.esm","LoreRim - Alchemy Tweaks.esp","0003A2C6","0003A2C6","negative","1","16.000000","0","0.100000","2"
"chaurus_hunter_antennae","Chaurus Hunter Antennae","DLC01ChaurusHunterAntennae","Dawnguard.esm","LoreRim - Alchemy Tweaks.esp","020183B7","020183B7","fortify_conjuration","Fortify Conjuration","REQ_Alch_FortifyConjuration","Skyrim.esm","Requiem - Alchemy Redone.esp","0003EB25","0003EB25","positive","2","4.000000","120","0.100000","2"
"chaurus_hunter_antennae","Chaurus Hunter Antennae","DLC01ChaurusHunterAntennae","Dawnguard.esm","LoreRim - Alchemy Tweaks.esp","020183B7","020183B7","damage_magicka_regeneration","Damage Magicka Regeneration","REQ_Alch_DamageMagickaRegeneration","Skyrim.esm","Requiem - Alchemy Redone.esp","00073F2B","00073F2B","negative","3","16.000000","60","0.100000","2"
"chaurus_hunter_antennae","Chaurus Hunter Antennae","DLC01ChaurusHunterAntennae","Dawnguard.esm","LoreRim - Alchemy Tweaks.esp","020183B7","020183B7","soul_trap","Soul Trap","REQ_Alch_SoulTrap","Requiem.esp","Requiem - Alchemy Redone.esp","0A20B30F","7F20B30F","positive","4","0.000000","4","0.100000","2"
"gleamblossom","Gleamblossom","DLC01GlowPlant01Ingredient","Dawnguard.esm","LoreRim - Alchemy Tweaks.esp","0200B097","0200B097","resist_magic","Resist Magic","REQ_Alch_ResistMagic","Skyrim.esm","Requiem - Alchemy Redone.esp","00039E51","00039E51","positive","1","2.000000","120","0.100000","5"
"gleamblossom","Gleamblossom","DLC01GlowPlant01Ingredient","Dawnguard.esm","LoreRim - Alchemy Tweaks.esp","0200B097","0200B097","fear","Fear","REQ_Alch_Fear","Skyrim.esm","Requiem - Alchemy Redone.esp","00073F20","00073F20","negative","2","2.000000","15","0.100000","5"
"gleamblossom","Gleamblossom","DLC01GlowPlant01Ingredient","Dawnguard.esm","LoreRim - Alchemy Tweaks.esp","0200B097","0200B097","fortify_health_regeneration","Fortify Health Regeneration","REQ_Alch_FortifyHealthRegeneration","Skyrim.esm","Requiem - Alchemy Redone.esp","0003EB06","0003EB06","positive","3","16.000000","300","0.100000","5"
"gleamblossom","Gleamblossom","DLC01GlowPlant01Ingredient","Dawnguard.esm","LoreRim - Alchemy Tweaks.esp","0200B097","0200B097","paralysis","Paralysis","REQ_Alch_Paralysis","Skyrim.esm","Big Tweaks.esp","00073F30","00073F30","negative","4","0.000000","2","0.100000","5"
"ancestor_moth_wing","Ancestor Moth Wing","DLC01MothWingAncestor","Dawnguard.esm","LoreRim - Alchemy Tweaks.esp","020059BA","020059BA","damage_stamina","Damage Stamina","REQ_Alch_DamageStamina","Skyrim.esm","LoreRim - Alchemy Tweaks.esp","0003A2C6","0003A2C6","negative","1","16.000000","0","0.100000","2"
"ancestor_moth_wing","Ancestor Moth Wing","DLC01MothWingAncestor","Dawnguard.esm","LoreRim - Alchemy Tweaks.esp","020059BA","020059BA","fortify_conjuration","Fortify Conjuration","REQ_Alch_FortifyConjuration","Skyrim.esm","Requiem - Alchemy Redone.esp","0003EB25","0003EB25","positive","2","4.000000","120","0.100000","2"
"ancestor_moth_wing","Ancestor Moth Wing","DLC01MothWingAncestor","Dawnguard.esm","LoreRim - Alchemy Tweaks.esp","020059BA","020059BA","damage_magicka_regeneration","Damage Magicka Regeneration","REQ_Alch_DamageMagickaRegeneration","Skyrim.esm","Requiem - Alchemy Redone.esp","00073F2B","00073F2B","negative","3","16.000000","60","0.100000","2"
"ancestor_moth_wing","Ancestor Moth Wing","DLC01MothWingAncestor","Dawnguard.esm","LoreRim - Alchemy Tweaks.esp","020059BA","020059BA","soul_trap","Soul Trap","REQ_Alch_SoulTrap","Requiem.esp","Requiem - Alchemy Redone.esp","0A20B30F","7F20B30F","positive","4","0.000000","4","0.100000","2"
"arkays_beacon","Arkay's Beacon","DLC1MountainFlower01Yellow","Dawnguard.esm","LoreRim - Alchemy Tweaks.esp","02002A78","02002A78","resist_poison","Resist Poison","REQ_Alch_ResistPoison","Skyrim.esm","Requiem - Alchemy Redone.esp","00090041","00090041","positive","1","6.000000","120","0.100000","1"
"arkays_beacon","Arkay's Beacon","DLC1MountainFlower01Yellow","Dawnguard.esm","LoreRim - Alchemy Tweaks.esp","02002A78","02002A78","fortify_restoration","Fortify Restoration","REQ_Alch_FortifyRestoration","Skyrim.esm","Requiem - Alchemy Redone.esp","0003EB28","0003EB28","positive","2","6.000000","120","0.100000","1"
"arkays_beacon","Arkay's Beacon","DLC1MountainFlower01Yellow","Dawnguard.esm","LoreRim - Alchemy Tweaks.esp","02002A78","02002A78","fortify_health","Fortify Health","REQ_Alch_FortifyHealth","Skyrim.esm","Requiem - Alchemy Redone.esp","0003EAF3","0003EAF3","positive","3","8.000000","300","0.100000","1"
"arkays_beacon","Arkay's Beacon","DLC1MountainFlower01Yellow","Dawnguard.esm","LoreRim - Alchemy Tweaks.esp","02002A78","02002A78","damage_stamina_regeneration","Damage Stamina Regeneration","REQ_Alch_DamageStaminaRegeneration","Skyrim.esm","Requiem - Alchemy Redone.esp","00073F2C","00073F2C","negative","4","16.000000","60","0.100000","1"
"thorn_hook","Thorn Hook","ccBGS_RootThornHookIngredient","Update.esm","LoreRim - Alchemy Tweaks.esp","0100306F","0100306F","lingering_damage_health","Lingering Damage Health","REQ_Alch_LingeringDamageHealth","Skyrim.esm","Requiem - Alchemy Redone.esp","0010AA4A","0010AA4A","negative","1","1.000000","15","0.100000","100"
"thorn_hook","Thorn Hook","ccBGS_RootThornHookIngredient","Update.esm","LoreRim - Alchemy Tweaks.esp","0100306F","0100306F","paralysis","Paralysis","REQ_Alch_Paralysis","Skyrim.esm","Big Tweaks.esp","00073F30","00073F30","negative","2","0.000000","2","0.100000","100"
"thorn_hook","Thorn Hook","ccBGS_RootThornHookIngredient","Update.esm","LoreRim - Alchemy Tweaks.esp","0100306F","0100306F","fortify_magicka_regeneration","Fortify Magicka Regeneration","REQ_Alch_FortifyMagickaRegeneration","Skyrim.esm","Requiem - Alchemy Redone.esp","0003EB07","0003EB07","positive","3","16.000000","300","0.100000","100"
"thorn_hook","Thorn Hook","ccBGS_RootThornHookIngredient","Update.esm","LoreRim - Alchemy Tweaks.esp","0100306F","0100306F","fortify_health_regeneration","Fortify Health Regeneration","REQ_Alch_FortifyHealthRegeneration","Skyrim.esm","Requiem - Alchemy Redone.esp","0003EB06","0003EB06","positive","4","16.000000","300","0.100000","100"
"screaming_maw","Screaming Maw","ccBGS_RootScreamingMawIngredient","Update.esm","LoreRim - Alchemy Tweaks.esp","0100306E","0100306E","fortify_magicka_regeneration","Fortify Magicka Regeneration","REQ_Alch_FortifyMagickaRegeneration","Skyrim.esm","Requiem - Alchemy Redone.esp","0003EB07","0003EB07","positive","1","16.000000","300","0.100000","50"
"screaming_maw","Screaming Maw","ccBGS_RootScreamingMawIngredient","Update.esm","LoreRim - Alchemy Tweaks.esp","0100306E","0100306E","fortify_alteration","Fortify Alteration","REQ_Alch_FortifyAlteration","Skyrim.esm","Requiem - Alchemy Redone.esp","0003EB24","0003EB24","positive","2","4.000000","120","0.100000","50"
"screaming_maw","Screaming Maw","ccBGS_RootScreamingMawIngredient","Update.esm","LoreRim - Alchemy Tweaks.esp","0100306E","0100306E","invisibility","Invisibility","REQ_Alch_Invisibillity","Skyrim.esm","Requiem - Alchemy Redone.esp","0003EB3D","0003EB3D","positive","3","0.000000","4","0.100000","50"
"screaming_maw","Screaming Maw","ccBGS_RootScreamingMawIngredient","Update.esm","LoreRim - Alchemy Tweaks.esp","0100306E","0100306E","fortify_health_regeneration","Fortify Health Regeneration","REQ_Alch_FortifyHealthRegeneration","Skyrim.esm","Requiem - Alchemy Redone.esp","0003EB06","0003EB06","positive","4","16.000000","300","0.100000","50"
"rot_scale","Rot Scale","ccBGS_RootRotScaleIngredient","Update.esm","LoreRim - Alchemy Tweaks.esp","0100306D","0100306D","slow","Slow","REQ_Alch_Slow","Skyrim.esm","Requiem - Alchemy Redone.esp","00073F25","00073F25","negative","1","50.000000","4","0.100000","100"
"rot_scale","Rot Scale","ccBGS_RootRotScaleIngredient","Update.esm","LoreRim - Alchemy Tweaks.esp","0100306D","0100306D","lingering_damage_health","Lingering Damage Health","REQ_Alch_LingeringDamageHealth","Skyrim.esm","Requiem - Alchemy Redone.esp","0010AA4A","0010AA4A","negative","2","1.000000","15","0.100000","100"
"rot_scale","Rot Scale","ccBGS_RootRotScaleIngredient","Update.esm","LoreRim - Alchemy Tweaks.esp","0100306D","0100306D","fear","Fear","REQ_Alch_Fear","Skyrim.esm","Requiem - Alchemy Redone.esp","00073F20","00073F20","negative","3","2.000000","15","0.100000","100"
"rot_scale","Rot Scale","ccBGS_RootRotScaleIngredient","Update.esm","LoreRim - Alchemy Tweaks.esp","0100306D","0100306D","paralysis","Paralysis","REQ_Alch_Paralysis","Skyrim.esm","Big Tweaks.esp","00073F30","00073F30","negative","4","0.000000","2","0.100000","100"
"silverside_perch","Silverside Perch","CritterPondFish01Ingredient","Skyrim.esm","LoreRim - Alchemy Tweaks.esp","00106E1C","00106E1C","restore_stamina","Restore Stamina","REQ_Alch_RestoreStamina","Skyrim.esm","Requiem - Alchemy Redone.esp","0003EB16","0003EB16","positive","1","1.000000","20","0.250000","15"
"silverside_perch","Silverside Perch","CritterPondFish01Ingredient","Skyrim.esm","LoreRim - Alchemy Tweaks.esp","00106E1C","00106E1C","damage_strength","Damage Strength","REQ_Alch_DamageStrength","Requiem - Alchemy Redone.esp","Requiem - Alchemy Redone.esp","07000816","FE62D816","negative","2","4.000000","30","0.250000","15"
"silverside_perch","Silverside Perch","CritterPondFish01Ingredient","Skyrim.esm","LoreRim - Alchemy Tweaks.esp","00106E1C","00106E1C","damage_maximum_health","Damage Maximum Health","REQ_Alch_DamageMaximumHealth","Skyrim.esm","Requiem - Alchemy Redone.esp","00073F26","00073F26","negative","3","8.000000","60","0.250000","15"
"silverside_perch","Silverside Perch","CritterPondFish01Ingredient","Skyrim.esm","LoreRim - Alchemy Tweaks.esp","00106E1C","00106E1C","resist_frost","Resist Frost","REQ_Alch_ResistFrost","Skyrim.esm","Requiem - Alchemy Redone.esp","0003EAEB","0003EAEB","positive","4","4.000000","120","0.250000","15"
"abecean_longfin","Abecean Longfin","CritterPondFish02Ingredient","Skyrim.esm","LoreRim - Alchemy Tweaks.esp","00106E1B","00106E1B","weakness_to_frost","Weakness to Frost","REQ_Alch_WeaknessFrost","Skyrim.esm","Requiem - Alchemy Redone.esp","00073F2E","00073F2E","negative","1","4.000000","30","0.400000","15"
"abecean_longfin","Abecean Longfin","CritterPondFish02Ingredient","Skyrim.esm","LoreRim - Alchemy Tweaks.esp","00106E1B","00106E1B","fortify_sneak","Fortify Sneak","REQ_Alch_FortifySneak","Skyrim.esm","Requiem - Alchemy Redone.esp","0003EB22","0003EB22","positive","2","4.000000","120","0.400000","15"
"abecean_longfin","Abecean Longfin","CritterPondFish02Ingredient","Skyrim.esm","LoreRim - Alchemy Tweaks.esp","00106E1B","00106E1B","weakness_to_poison","Weakness to Poison","REQ_Alch_WeaknessPoison","Skyrim.esm","Requiem - Alchemy Redone.esp","00090042","00090042","negative","3","6.000000","30","0.400000","15"
"abecean_longfin","Abecean Longfin","CritterPondFish02Ingredient","Skyrim.esm","LoreRim - Alchemy Tweaks.esp","00106E1B","00106E1B","fortify_restoration","Fortify Restoration","REQ_Alch_FortifyRestoration","Skyrim.esm","Requiem - Alchemy Redone.esp","0003EB28","0003EB28","positive","4","4.000000","120","0.400000","15"
"river_betty","River Betty","CritterPondFish03Ingredient","Skyrim.esm","LoreRim - Alchemy Tweaks.esp","00106E1A","00106E1A","damage_health","Damage Health","REQ_Alch_DamageHealth","Skyrim.esm","Requiem - Alchemy Redone.esp","0003EB42","0003EB42","negative","1","12.000000","0","0.250000","15"
"river_betty","River Betty","CritterPondFish03Ingredient","Skyrim.esm","LoreRim - Alchemy Tweaks.esp","00106E1A","00106E1A","fortify_alteration","Fortify Alteration","REQ_Alch_FortifyAlteration","Skyrim.esm","Requiem - Alchemy Redone.esp","0003EB24","0003EB24","positive","2","4.000000","120","0.250000","15"
"river_betty","River Betty","CritterPondFish03Ingredient","Skyrim.esm","LoreRim - Alchemy Tweaks.esp","00106E1A","00106E1A","slow","Slow","REQ_Alch_Slow","Skyrim.esm","Requiem - Alchemy Redone.esp","00073F25","00073F25","negative","3","50.000000","5","0.250000","15"
"river_betty","River Betty","CritterPondFish03Ingredient","Skyrim.esm","LoreRim - Alchemy Tweaks.esp","00106E1A","00106E1A","fortify_carry_weight","Fortify Carry Weight","REQ_Alch_FortifyCarryWeight","Skyrim.esm","Requiem - Alchemy Redone.esp","0003EB01","0003EB01","positive","4","4.000000","600","0.250000","15"
"cyrodilic_spadetail","Cyrodilic Spadetail","CritterPondFish04Ingredient","Skyrim.esm","LoreRim - Alchemy Tweaks.esp","00106E19","00106E19","damage_stamina","Damage Stamina","REQ_Alch_DamageStamina","Skyrim.esm","LoreRim - Alchemy Tweaks.esp","0003A2C6","0003A2C6","negative","1","16.000000","0","0.250000","15"
"cyrodilic_spadetail","Cyrodilic Spadetail","CritterPondFish04Ingredient","Skyrim.esm","LoreRim - Alchemy Tweaks.esp","00106E19","00106E19","fortify_restoration","Fortify Restoration","REQ_Alch_FortifyRestoration","Skyrim.esm","Requiem - Alchemy Redone.esp","0003EB28","0003EB28","positive","2","4.000000","120","0.250000","15"
"cyrodilic_spadetail","Cyrodilic Spadetail","CritterPondFish04Ingredient","Skyrim.esm","LoreRim - Alchemy Tweaks.esp","00106E19","00106E19","fear","Fear","REQ_Alch_Fear","Skyrim.esm","Requiem - Alchemy Redone.esp","00073F20","00073F20","negative","3","2.000000","15","0.250000","15"
"cyrodilic_spadetail","Cyrodilic Spadetail","CritterPondFish04Ingredient","Skyrim.esm","LoreRim - Alchemy Tweaks.esp","00106E19","00106E19","damage_maximum_health","Damage Maximum Health","REQ_Alch_DamageMaximumHealth","Skyrim.esm","Requiem - Alchemy Redone.esp","00073F26","00073F26","negative","4","8.000000","60","0.250000","15"
"histcarp","Histcarp","CritterPondFish05Ingredient","Skyrim.esm","LoreRim - Alchemy Tweaks.esp","00106E18","00106E18","restore_stamina","Restore Stamina","REQ_Alch_RestoreStamina","Skyrim.esm","Requiem - Alchemy Redone.esp","0003EB16","0003EB16","positive","1","1.000000","20","0.250000","6"
"histcarp","Histcarp","CritterPondFish05Ingredient","Skyrim.esm","LoreRim - Alchemy Tweaks.esp","00106E18","00106E18","fortify_magicka","Fortify Magicka","REQ_Alch_FortifyMagicka","Skyrim.esm","Requiem - Alchemy Redone.esp","0003EAF8","0003EAF8","positive","2","8.000000","300","0.250000","6"
"histcarp","Histcarp","CritterPondFish05Ingredient","Skyrim.esm","LoreRim - Alchemy Tweaks.esp","00106E18","00106E18","damage_strength","Damage Strength","REQ_Alch_DamageStrength","Requiem - Alchemy Redone.esp","Requiem - Alchemy Redone.esp","07000816","FE62D816","negative","3","4.000000","30","0.250000","6"
"histcarp","Histcarp","CritterPondFish05Ingredient","Skyrim.esm","LoreRim - Alchemy Tweaks.esp","00106E18","00106E18","waterbreathing","Waterbreathing","REQ_Alch_Waterbreathing","Skyrim.esm","Requiem - Alchemy Redone.esp","0003AC2D","0003AC2D","positive","4","0.000000","24","0.250000","6"
"human_flesh","Human Flesh","HumanFlesh","Skyrim.esm","LoreRim - Alchemy Tweaks.esp","001016B3","001016B3","damage_health","Damage Health","REQ_Alch_DamageHealth","Skyrim.esm","Requiem - Alchemy Redone.esp","0003EB42","0003EB42","negative","1","8.000000","0","0.250000","25"
"human_flesh","Human Flesh","HumanFlesh","Skyrim.esm","LoreRim - Alchemy Tweaks.esp","001016B3","001016B3","paralysis","Paralysis","REQ_Alch_Paralysis","Skyrim.esm","Big Tweaks.esp","00073F30","00073F30","negative","2","0.000000","2","0.250000","25"
"human_flesh","Human Flesh","HumanFlesh","Skyrim.esm","LoreRim - Alchemy Tweaks.esp","001016B3","001016B3","restore_magicka","Restore Magicka","REQ_Alch_RestoreMagicka","Skyrim.esm","Requiem - Alchemy Redone.esp","0003EB17","0003EB17","positive","3","1.000000","20","0.250000","25"
"human_flesh","Human Flesh","HumanFlesh","Skyrim.esm","LoreRim - Alchemy Tweaks.esp","001016B3","001016B3","fortify_sneak","Fortify Sneak","REQ_Alch_FortifySneak","Skyrim.esm","Requiem - Alchemy Redone.esp","0003EB22","0003EB22","positive","4","4.000000","120","0.250000","25"
"dwarven_oil","Dwarven Oil","DwarvenOil","Skyrim.esm","LoreRim - Alchemy Tweaks.esp","000F11C0","000F11C0","weakness_to_magic","Weakness to Magic","REQ_Alch_WeaknessMagic","Skyrim.esm","Requiem - Alchemy Redone.esp","00073F51","00073F51","negative","1","2.000000","30","0.250000","50"
"dwarven_oil","Dwarven Oil","DwarvenOil","Skyrim.esm","LoreRim - Alchemy Tweaks.esp","000F11C0","000F11C0","fortify_illusion","Fortify Illusion","REQ_Alch_FortifyIllusion","Skyrim.esm","Requiem - Alchemy Redone.esp","0003EB27","0003EB27","positive","2","4.000000","120","0.250000","50"
"dwarven_oil","Dwarven Oil","DwarvenOil","Skyrim.esm","LoreRim - Alchemy Tweaks.esp","000F11C0","000F11C0","fortify_magicka_regeneration","Fortify Magicka Regeneration","REQ_Alch_FortifyMagickaRegeneration","Skyrim.esm","Requiem - Alchemy Redone.esp","0003EB07","0003EB07","positive","3","16.000000","300","0.250000","50"
"dwarven_oil","Dwarven Oil","DwarvenOil","Skyrim.esm","LoreRim - Alchemy Tweaks.esp","000F11C0","000F11C0","restore_magicka","Restore Magicka","REQ_Alch_RestoreMagicka","Skyrim.esm","Requiem - Alchemy Redone.esp","0003EB17","0003EB17","positive","4","1.000000","20","0.250000","50"
"mora_tapinella","Mora Tapinella","MoraTapinellaBits","Skyrim.esm","LoreRim - Alchemy Tweaks.esp","000EC870","000EC870","restore_magicka","Restore Magicka","REQ_Alch_RestoreMagicka","Skyrim.esm","Requiem - Alchemy Redone.esp","0003EB17","0003EB17","positive","1","1.000000","20","0.250000","4"
"mora_tapinella","Mora Tapinella","MoraTapinellaBits","Skyrim.esm","LoreRim - Alchemy Tweaks.esp","000EC870","000EC870","lingering_damage_health","Lingering Damage Health","REQ_Alch_LingeringDamageHealth","Skyrim.esm","Requiem - Alchemy Redone.esp","0010AA4A","0010AA4A","negative","2","1.000000","15","0.250000","4"
"mora_tapinella","Mora Tapinella","MoraTapinellaBits","Skyrim.esm","LoreRim - Alchemy Tweaks.esp","000EC870","000EC870","fortify_stamina_regeneration","Fortify Stamina Regeneration","REQ_Alch_FortifyStaminaRegeneration","Skyrim.esm","Requiem - Alchemy Redone.esp","0003EB08","0003EB08","positive","3","16.000000","300","0.250000","4"
"mora_tapinella","Mora Tapinella","MoraTapinellaBits","Skyrim.esm","LoreRim - Alchemy Tweaks.esp","000EC870","000EC870","fortify_illusion","Fortify Illusion","REQ_Alch_FortifyIllusion","Skyrim.esm","Requiem - Alchemy Redone.esp","0003EB27","0003EB27","positive","4","4.000000","120","0.250000","4"
"hawk_feathers","Hawk Feathers","HawkFeathers","Skyrim.esm","LoreRim - Alchemy Tweaks.esp","000E7ED0","000E7ED0","fortify_speed","Fortify Speed","REQ_Alch_FortifySpeed","Skyrim.esm","Requiem - Alchemy Redone.esp","0003EB1F","0003EB1F","positive","1","1.000000","120","0.100000","10"
"hawk_feathers","Hawk Feathers","HawkFeathers","Skyrim.esm","LoreRim - Alchemy Tweaks.esp","000E7ED0","000E7ED0","cure_poison","Cure Poison","REQ_Alch_CurePoison","Skyrim.esm","Requiem - Alchemy Redone.esp","00109ADD","00109ADD","positive","2","1.000000","0","0.100000","10"
"hawk_feathers","Hawk Feathers","HawkFeathers","Skyrim.esm","LoreRim - Alchemy Tweaks.esp","000E7ED0","000E7ED0","fortify_one_handed","Fortify One-Handed","REQ_Alch_FortifyDamage_OneHanded","Skyrim.esm","Requiem - Alchemy Redone.esp","0003EB19","0003EB19","positive","3","4.000000","120","0.100000","10"
"hawk_feathers","Hawk Feathers","HawkFeathers","Skyrim.esm","LoreRim - Alchemy Tweaks.esp","000E7ED0","000E7ED0","fortify_sneak","Fortify Sneak","REQ_Alch_FortifySneak","Skyrim.esm","Requiem - Alchemy Redone.esp","0003EB22","0003EB22","positive","4","4.000000","120","0.100000","10"
"hawk_beak","Hawk Beak","HawkBeak","Skyrim.esm","LoreRim - Alchemy Tweaks.esp","000E7EBC","000E7EBC","fortify_unarmed","Fortify Unarmed","REQ_Alch_FortifyUnarmed","Requiem.esp","Requiem - Alchemy Redone.esp","0A020E2B","7F020E2B","positive","1","1.000000","120","0.250000","15"
"hawk_beak","Hawk Beak","HawkBeak","Skyrim.esm","LoreRim - Alchemy Tweaks.esp","000E7EBC","000E7EBC","resist_frost","Resist Frost","REQ_Alch_ResistFrost","Skyrim.esm","Requiem - Alchemy Redone.esp","0003EAEB","0003EAEB","positive","2","4.000000","120","0.250000","15"
"hawk_beak","Hawk Beak","HawkBeak","Skyrim.esm","LoreRim - Alchemy Tweaks.esp","000E7EBC","000E7EBC","fortify_carry_weight","Fortify Carry Weight","REQ_Alch_FortifyCarryWeight","Skyrim.esm","Requiem - Alchemy Redone.esp","0003EB01","0003EB01","positive","3","4.000000","600","0.250000","15"
"hawk_beak","Hawk Beak","HawkBeak","Skyrim.esm","LoreRim - Alchemy Tweaks.esp","000E7EBC","000E7EBC","resist_shock","Resist Shock","REQ_Alch_ResistShock","Skyrim.esm","Requiem - Alchemy Redone.esp","0003EAEC","0003EAEC","positive","4","4.000000","120","0.250000","15"
"blue_dartwing","Blue Dartwing","DragonflyBlue","Skyrim.esm","LoreRim - Alchemy Tweaks.esp","000E4F0C","000E4F0C","resist_shock","Resist Shock","REQ_Alch_ResistShock","Skyrim.esm","Requiem - Alchemy Redone.esp","0003EAEC","0003EAEC","positive","1","4.000000","120","0.100000","1"
"blue_dartwing","Blue Dartwing","DragonflyBlue","Skyrim.esm","LoreRim - Alchemy Tweaks.esp","000E4F0C","000E4F0C","fortify_pickpocket","Fortify Pickpocket","REQ_Alch_FortifyPickpocket","Skyrim.esm","Requiem - Alchemy Redone.esp","0003EB20","0003EB20","positive","2","4.000000","120","0.100000","1"
"blue_dartwing","Blue Dartwing","DragonflyBlue","Skyrim.esm","LoreRim - Alchemy Tweaks.esp","000E4F0C","000E4F0C","restore_health","Restore Health","REQ_Alch_RestoreHealth","Skyrim.esm","Requiem - Alchemy Redone.esp","0003EB15","0003EB15","positive","3","1.000000","20","0.100000","1"
"blue_dartwing","Blue Dartwing","DragonflyBlue","Skyrim.esm","LoreRim - Alchemy Tweaks.esp","000E4F0C","000E4F0C","fear","Fear","REQ_Alch_Fear","Skyrim.esm","Requiem - Alchemy Redone.esp","00073F20","00073F20","negative","4","2.000000","15","0.100000","1"
"moon_sugar","Moon Sugar","MoonSugar","Skyrim.esm","LoreRim - Alchemy Tweaks.esp","000D8E3F","000D8E3F","weakness_to_fire","Weakness to Fire","REQ_Alch_WeaknessFire","Skyrim.esm","Requiem - Alchemy Redone.esp","00073F2D","00073F2D","negative","1","4.000000","30","0.250000","36"
"moon_sugar","Moon Sugar","MoonSugar","Skyrim.esm","LoreRim - Alchemy Tweaks.esp","000D8E3F","000D8E3F","resist_frost","Resist Frost","REQ_Alch_ResistFrost","Skyrim.esm","Requiem - Alchemy Redone.esp","0003EAEB","0003EAEB","positive","2","4.000000","120","0.250000","36"
"moon_sugar","Moon Sugar","MoonSugar","Skyrim.esm","LoreRim - Alchemy Tweaks.esp","000D8E3F","000D8E3F","restore_magicka","Restore Magicka","REQ_Alch_RestoreMagicka","Skyrim.esm","Requiem - Alchemy Redone.esp","0003EB17","0003EB17","positive","3","1.000000","20","0.250000","36"
"moon_sugar","Moon Sugar","MoonSugar","Skyrim.esm","LoreRim - Alchemy Tweaks.esp","000D8E3F","000D8E3F","fortify_magicka_regeneration","Fortify Magicka Regeneration","REQ_Alch_FortifyMagickaRegeneration","Skyrim.esm","Requiem - Alchemy Redone.esp","0003EB07","0003EB07","positive","4","16.000000","300","0.250000","36"
"orange_dartwing","Orange Dartwing","DragonflyOrange","Skyrim.esm","LoreRim - Alchemy Tweaks.esp","000BB956","000BB956","restore_stamina","Restore Stamina","REQ_Alch_RestoreStamina","Skyrim.esm","Requiem - Alchemy Redone.esp","0003EB16","0003EB16","positive","1","1.000000","20","0.100000","1"
"orange_dartwing","Orange Dartwing","DragonflyOrange","Skyrim.esm","LoreRim - Alchemy Tweaks.esp","000BB956","000BB956","damage_maximum_magicka","Damage Maximum Magicka","REQ_Alch_DamageMaximumMagicka","Skyrim.esm","Requiem - Alchemy Redone.esp","00073F27","00073F27","negative","2","16.000000","60","0.100000","1"
"orange_dartwing","Orange Dartwing","DragonflyOrange","Skyrim.esm","LoreRim - Alchemy Tweaks.esp","000BB956","000BB956","fortify_pickpocket","Fortify Pickpocket","REQ_Alch_FortifyPickpocket","Skyrim.esm","Requiem - Alchemy Redone.esp","0003EB20","0003EB20","positive","3","4.000000","120","0.100000","1"
"orange_dartwing","Orange Dartwing","DragonflyOrange","Skyrim.esm","LoreRim - Alchemy Tweaks.esp","000BB956","000BB956","lingering_damage_health","Lingering Damage Health","REQ_Alch_LingeringDamageHealth","Skyrim.esm","Requiem - Alchemy Redone.esp","0010AA4A","0010AA4A","negative","4","1.000000","15","0.100000","1"
"crimson_nirnroot","Crimson Nirnroot","NirnrootRed","Skyrim.esm","LoreRim - Alchemy Tweaks.esp","000B701A","000B701A","damage_health","Damage Health","REQ_Alch_DamageHealth","Skyrim.esm","Requiem - Alchemy Redone.esp","0003EB42","0003EB42","negative","1","16.000000","0","0.200000","250"
"crimson_nirnroot","Crimson Nirnroot","NirnrootRed","Skyrim.esm","LoreRim - Alchemy Tweaks.esp","000B701A","000B701A","damage_stamina","Damage Stamina","REQ_Alch_DamageStamina","Skyrim.esm","LoreRim - Alchemy Tweaks.esp","0003A2C6","0003A2C6","negative","2","32.000000","0","0.200000","250"
"crimson_nirnroot","Crimson Nirnroot","NirnrootRed","Skyrim.esm","LoreRim - Alchemy Tweaks.esp","000B701A","000B701A","invisibility","Invisibility","REQ_Alch_Invisibillity","Skyrim.esm","Requiem - Alchemy Redone.esp","0003EB3D","0003EB3D","positive","3","0.000000","4","0.200000","250"
"crimson_nirnroot","Crimson Nirnroot","NirnrootRed","Skyrim.esm","LoreRim - Alchemy Tweaks.esp","000B701A","000B701A","resist_magic","Resist Magic","REQ_Alch_ResistMagic","Skyrim.esm","Requiem - Alchemy Redone.esp","00039E51","00039E51","positive","4","2.000000","120","0.200000","250"
"creep_cluster","Creep Cluster","CreepClusterRoot","Skyrim.esm","LoreRim - Alchemy Tweaks.esp","000B2183","000B2183","restore_magicka","Restore Magicka","REQ_Alch_RestoreMagicka","Skyrim.esm","Requiem - Alchemy Redone.esp","0003EB17","0003EB17","positive","1","1.000000","20","0.200000","1"
"creep_cluster","Creep Cluster","CreepClusterRoot","Skyrim.esm","LoreRim - Alchemy Tweaks.esp","000B2183","000B2183","damage_stamina_regeneration","Damage Stamina Regeneration","REQ_Alch_DamageStaminaRegeneration","Skyrim.esm","Requiem - Alchemy Redone.esp","00073F2C","00073F2C","negative","2","16.000000","60","0.200000","1"
"creep_cluster","Creep Cluster","CreepClusterRoot","Skyrim.esm","LoreRim - Alchemy Tweaks.esp","000B2183","000B2183","fortify_carry_weight","Fortify Carry Weight","REQ_Alch_FortifyCarryWeight","Skyrim.esm","Requiem - Alchemy Redone.esp","0003EB01","0003EB01","positive","3","4.000000","600","0.200000","1"
"creep_cluster","Creep Cluster","CreepClusterRoot","Skyrim.esm","LoreRim - Alchemy Tweaks.esp","000B2183","000B2183","weakness_to_magic","Weakness to Magic","REQ_Alch_WeaknessMagic","Skyrim.esm","Requiem - Alchemy Redone.esp","00073F51","00073F51","negative","4","2.000000","30","0.200000","1"
"heart","Heart","HumanHeart","Skyrim.esm","LoreRim - Alchemy Tweaks.esp","000B18CD","000B18CD","damage_health","Damage Health","REQ_Alch_DamageHealth","Skyrim.esm","Requiem - Alchemy Redone.esp","0003EB42","0003EB42","negative","1","8.000000","0","0.400000","25"
"heart","Heart","HumanHeart","Skyrim.esm","LoreRim - Alchemy Tweaks.esp","000B18CD","000B18CD","damage_magicka","Damage Magicka","REQ_Alch_DamageMagicka","Skyrim.esm","LoreRim - Alchemy Tweaks.esp","0003A2B6","0003A2B6","negative","2","16.000000","0","0.400000","25"
"heart","Heart","HumanHeart","Skyrim.esm","LoreRim - Alchemy Tweaks.esp","000B18CD","000B18CD","silence","Silence","REQ_Alch_Silence","Requiem - Alchemy Redone.esp","Requiem - Alchemy Redone.esp","07000815","FE62D815","positive","3","0.000000","2","0.400000","25"
"heart","Heart","HumanHeart","Skyrim.esm","LoreRim - Alchemy Tweaks.esp","000B18CD","000B18CD","frenzy","Frenzy","REQ_Alch_Frenzy","Skyrim.esm","Requiem - Alchemy Redone.esp","00073F29","00073F29","negative","4","2.000000","15","0.400000","25"
"honeycomb","Honeycomb","BeeHoneyComb","Skyrim.esm","LoreRim - Alchemy Tweaks.esp","000B08C5","000B08C5","restore_stamina","Restore Stamina","REQ_Alch_RestoreStamina","Skyrim.esm","Requiem - Alchemy Redone.esp","0003EB16","0003EB16","positive","1","1.000000","20","0.300000","12"
"honeycomb","Honeycomb","BeeHoneyComb","Skyrim.esm","LoreRim - Alchemy Tweaks.esp","000B08C5","000B08C5","fortify_block","Fortify Block","REQ_Alch_FortifyBlock","Skyrim.esm","Requiem - Alchemy Redone.esp","0003EB1C","0003EB1C","positive","2","2.000000","120","0.300000","12"
"honeycomb","Honeycomb","BeeHoneyComb","Skyrim.esm","LoreRim - Alchemy Tweaks.esp","000B08C5","000B08C5","fortify_speed","Fortify Speed","REQ_Alch_FortifySpeed","Skyrim.esm","Requiem - Alchemy Redone.esp","0003EB1F","0003EB1F","positive","3","1.000000","120","0.300000","12"
"honeycomb","Honeycomb","BeeHoneyComb","Skyrim.esm","LoreRim - Alchemy Tweaks.esp","000B08C5","000B08C5","damage_maximum_stamina","Damage Maximum Stamina","REQ_Alch_DamageMaximumStamina","Skyrim.esm","Requiem - Alchemy Redone.esp","00073F23","00073F23","negative","4","16.000000","60","0.300000","12"
"bee","Bee","CritterBeeIngredient","Skyrim.esm","LoreRim - Alchemy Tweaks.esp","000A9195","000A9195","restore_stamina","Restore Stamina","REQ_Alch_RestoreStamina","Skyrim.esm","Requiem - Alchemy Redone.esp","0003EB16","0003EB16","positive","1","1.000000","20","0.100000","3"
"bee","Bee","CritterBeeIngredient","Skyrim.esm","LoreRim - Alchemy Tweaks.esp","000A9195","000A9195","damage_maximum_stamina","Damage Maximum Stamina","REQ_Alch_DamageMaximumStamina","Skyrim.esm","Requiem - Alchemy Redone.esp","00073F23","00073F23","negative","2","16.000000","60","0.100000","3"
"bee","Bee","CritterBeeIngredient","Skyrim.esm","LoreRim - Alchemy Tweaks.esp","000A9195","000A9195","fortify_stamina_regeneration","Fortify Stamina Regeneration","REQ_Alch_FortifyStaminaRegeneration","Skyrim.esm","Requiem - Alchemy Redone.esp","0003EB08","0003EB08","positive","3","16.000000","300","0.100000","3"
"bee","Bee","CritterBeeIngredient","Skyrim.esm","LoreRim - Alchemy Tweaks.esp","000A9195","000A9195","weakness_to_shock","Weakness to Shock","REQ_Alch_WeaknessShock","Skyrim.esm","Requiem - Alchemy Redone.esp","00073F2F","00073F2F","negative","4","4.000000","30","0.100000","3"
"beehive_husk","Beehive Husk","BeeHiveHusk","Skyrim.esm","LoreRim - Alchemy Tweaks.esp","000A9191","000A9191","resist_poison","Resist Poison","REQ_Alch_ResistPoison","Skyrim.esm","Requiem - Alchemy Redone.esp","00090041","00090041","positive","1","3.000000","120","0.300000","5"
"beehive_husk","Beehive Husk","BeeHiveHusk","Skyrim.esm","LoreRim - Alchemy Tweaks.esp","000A9191","000A9191","fortify_speed","Fortify Speed","REQ_Alch_FortifySpeed","Skyrim.esm","Requiem - Alchemy Redone.esp","0003EB1F","0003EB1F","positive","2","1.000000","120","0.300000","5"
"beehive_husk","Beehive Husk","BeeHiveHusk","Skyrim.esm","LoreRim - Alchemy Tweaks.esp","000A9191","000A9191","fortify_sneak","Fortify Sneak","REQ_Alch_FortifySneak","Skyrim.esm","Requiem - Alchemy Redone.esp","0003EB22","0003EB22","positive","3","4.000000","120","0.300000","5"
"beehive_husk","Beehive Husk","BeeHiveHusk","Skyrim.esm","LoreRim - Alchemy Tweaks.esp","000A9191","000A9191","fortify_destruction","Fortify Destruction","REQ_Alch_FortifyDestruction","Skyrim.esm","Requiem - Alchemy Redone.esp","0003EB26","0003EB26","positive","4","4.000000","120","0.300000","5"
"spider_egg","Spider Egg","SpiderEgg","Skyrim.esm","LoreRim - Alchemy Tweaks.esp","0009151B","0009151B","damage_stamina","Damage Stamina","REQ_Alch_DamageStamina","Skyrim.esm","LoreRim - Alchemy Tweaks.esp","0003A2C6","0003A2C6","negative","1","16.000000","0","0.200000","5"
"spider_egg","Spider Egg","SpiderEgg","Skyrim.esm","LoreRim - Alchemy Tweaks.esp","0009151B","0009151B","damage_magicka_regeneration","Damage Magicka Regeneration","REQ_Alch_DamageMagickaRegeneration","Skyrim.esm","Requiem - Alchemy Redone.esp","00073F2B","00073F2B","negative","2","16.000000","60","0.200000","5"
"spider_egg","Spider Egg","SpiderEgg","Skyrim.esm","LoreRim - Alchemy Tweaks.esp","0009151B","0009151B","fortify_lockpicking","Fortify Lockpicking","REQ_Alch_FortifyLockpicking","Requiem.esp","Requiem - Alchemy Redone.esp","0A0BCC54","7F0BCC54","positive","3","0.400000","120","0.200000","5"
"spider_egg","Spider Egg","SpiderEgg","Skyrim.esm","LoreRim - Alchemy Tweaks.esp","0009151B","0009151B","fortify_marksman","Fortify Marksman","REQ_Alch_FortifyDamage_Marksman","Skyrim.esm","Requiem - Alchemy Redone.esp","0003EB1B","0003EB1B","positive","4","4.000000","120","0.200000","5"
"dragons_tongue","Dragon's Tongue","DragonsTongue","Skyrim.esm","LoreRim - Alchemy Tweaks.esp","000889A2","000889A2","resist_fire","Resist Fire","REQ_Alch_ResistFire","Skyrim.esm","Requiem - Alchemy Redone.esp","0003EAEA","0003EAEA","positive","1","4.000000","120","0.100000","5"
"dragons_tongue","Dragon's Tongue","DragonsTongue","Skyrim.esm","LoreRim - Alchemy Tweaks.esp","000889A2","000889A2","fortify_barter","Fortify Barter","REQ_Alch_FortifyBarter","Skyrim.esm","Requiem - Alchemy Redone.esp","0003EB23","0003EB23","positive","2","2.000000","120","0.100000","5"
"dragons_tongue","Dragon's Tongue","DragonsTongue","Skyrim.esm","LoreRim - Alchemy Tweaks.esp","000889A2","000889A2","fortify_illusion","Fortify Illusion","REQ_Alch_FortifyIllusion","Skyrim.esm","Requiem - Alchemy Redone.esp","0003EB27","0003EB27","positive","3","4.000000","120","0.100000","5"
"dragons_tongue","Dragon's Tongue","DragonsTongue","Skyrim.esm","LoreRim - Alchemy Tweaks.esp","000889A2","000889A2","fortify_two_handed","Fortify Two-Handed","REQ_Alch_FortifyDamage_TwoHanded","Skyrim.esm","Requiem - Alchemy Redone.esp","0003EB1A","0003EB1A","positive","4","4.000000","120","0.100000","5"
"small_pearl","Small Pearl","PearlSmall","Skyrim.esm","LoreRim - Alchemy Tweaks.esp","00085500","00085500","restore_stamina","Restore Stamina","REQ_Alch_RestoreStamina","Skyrim.esm","Requiem - Alchemy Redone.esp","0003EB16","0003EB16","positive","1","1.000000","20","0.100000","35"
"small_pearl","Small Pearl","PearlSmall","Skyrim.esm","LoreRim - Alchemy Tweaks.esp","00085500","00085500","fortify_one_handed","Fortify One-Handed","REQ_Alch_FortifyDamage_OneHanded","Skyrim.esm","Requiem - Alchemy Redone.esp","0003EB19","0003EB19","positive","2","4.000000","120","0.100000","35"
"small_pearl","Small Pearl","PearlSmall","Skyrim.esm","LoreRim - Alchemy Tweaks.esp","00085500","00085500","fortify_restoration","Fortify Restoration","REQ_Alch_FortifyRestoration","Skyrim.esm","Requiem - Alchemy Redone.esp","0003EB28","0003EB28","positive","3","4.000000","120","0.100000","35"
"small_pearl","Small Pearl","PearlSmall","Skyrim.esm","LoreRim - Alchemy Tweaks.esp","00085500","00085500","resist_frost","Resist Frost","REQ_Alch_ResistFrost","Skyrim.esm","Requiem - Alchemy Redone.esp","0003EAEB","0003EAEB","positive","4","4.000000","120","0.100000","35"
"pearl","Pearl","Pearl","Skyrim.esm","LoreRim - Alchemy Tweaks.esp","000854FE","000854FE","restore_stamina","Restore Stamina","REQ_Alch_RestoreStamina","Skyrim.esm","Requiem - Alchemy Redone.esp","0003EB16","0003EB16","positive","1","1.000000","20","0.100000","40"
"pearl","Pearl","Pearl","Skyrim.esm","LoreRim - Alchemy Tweaks.esp","000854FE","000854FE","fortify_block","Fortify Block","REQ_Alch_FortifyBlock","Skyrim.esm","Requiem - Alchemy Redone.esp","0003EB1C","0003EB1C","positive","2","4.000000","120","0.100000","40"
"pearl","Pearl","Pearl","Skyrim.esm","LoreRim - Alchemy Tweaks.esp","000854FE","000854FE","restore_magicka","Restore Magicka","REQ_Alch_RestoreMagicka","Skyrim.esm","Requiem - Alchemy Redone.esp","0003EB17","0003EB17","positive","3","1.000000","20","0.100000","40"
"pearl","Pearl","Pearl","Skyrim.esm","LoreRim - Alchemy Tweaks.esp","000854FE","000854FE","resist_shock","Resist Shock","REQ_Alch_ResistShock","Skyrim.esm","Requiem - Alchemy Redone.esp","0003EAEC","0003EAEC","positive","4","4.000000","120","0.100000","40"
"grass_pod","Grass Pod","SpikyGrass01","Skyrim.esm","LoreRim - Alchemy Tweaks.esp","00083E64","00083E64","resist_poison","Resist Poison","REQ_Alch_ResistPoison","Skyrim.esm","Requiem - Alchemy Redone.esp","00090041","00090041","positive","1","6.000000","120","0.100000","1"
"grass_pod","Grass Pod","SpikyGrass01","Skyrim.esm","LoreRim - Alchemy Tweaks.esp","00083E64","00083E64","damage_maximum_magicka","Damage Maximum Magicka","REQ_Alch_DamageMaximumMagicka","Skyrim.esm","Requiem - Alchemy Redone.esp","00073F27","00073F27","negative","2","16.000000","60","0.100000","1"
"grass_pod","Grass Pod","SpikyGrass01","Skyrim.esm","LoreRim - Alchemy Tweaks.esp","00083E64","00083E64","fortify_alteration","Fortify Alteration","REQ_Alch_FortifyAlteration","Skyrim.esm","Requiem - Alchemy Redone.esp","0003EB24","0003EB24","positive","3","4.000000","120","0.100000","1"
"grass_pod","Grass Pod","SpikyGrass01","Skyrim.esm","LoreRim - Alchemy Tweaks.esp","00083E64","00083E64","restore_magicka","Restore Magicka","REQ_Alch_RestoreMagicka","Skyrim.esm","Requiem - Alchemy Redone.esp","0003EB17","0003EB17","positive","4","1.000000","20","0.100000","1"
"glowing_mushroom","Glowing Mushroom","GlowingMushroom","Skyrim.esm","LoreRim - Alchemy Tweaks.esp","0007EE01","0007EE01","resist_shock","Resist Shock","REQ_Alch_ResistShock","Skyrim.esm","Requiem - Alchemy Redone.esp","0003EAEC","0003EAEC","positive","1","4.000000","120","0.200000","5"
"glowing_mushroom","Glowing Mushroom","GlowingMushroom","Skyrim.esm","LoreRim - Alchemy Tweaks.esp","0007EE01","0007EE01","fortify_destruction","Fortify Destruction","REQ_Alch_FortifyDestruction","Skyrim.esm","Requiem - Alchemy Redone.esp","0003EB26","0003EB26","positive","2","4.000000","120","0.200000","5"
"glowing_mushroom","Glowing Mushroom","GlowingMushroom","Skyrim.esm","LoreRim - Alchemy Tweaks.esp","0007EE01","0007EE01","reflect_damage","Reflect Damage","REQ_Alch_FortifyReflect","Skyrim.esm","LoreRim - Alchemy Tweaks.esp","0003EB1D","0003EB1D","positive","3","0.500000","120","0.200000","5"
"glowing_mushroom","Glowing Mushroom","GlowingMushroom","Skyrim.esm","LoreRim - Alchemy Tweaks.esp","0007EE01","0007EE01","fortify_health","Fortify Health","REQ_Alch_FortifyHealth","Skyrim.esm","Requiem - Alchemy Redone.esp","0003EAF3","0003EAF3","positive","4","8.000000","300","0.200000","5"
"nordic_barnacle","Nordic Barnacle","NordicBarnacles","Skyrim.esm","LoreRim - Alchemy Tweaks.esp","0007EDF5","0007EDF5","damage_magicka","Damage Magicka","REQ_Alch_DamageMagicka","Skyrim.esm","LoreRim - Alchemy Tweaks.esp","0003A2B6","0003A2B6","negative","1","16.000000","0","0.200000","5"
"nordic_barnacle","Nordic Barnacle","NordicBarnacles","Skyrim.esm","LoreRim - Alchemy Tweaks.esp","0007EDF5","0007EDF5","waterbreathing","Waterbreathing","REQ_Alch_Waterbreathing","Skyrim.esm","Requiem - Alchemy Redone.esp","0003AC2D","0003AC2D","positive","2","0.000000","24","0.200000","5"
"nordic_barnacle","Nordic Barnacle","NordicBarnacles","Skyrim.esm","LoreRim - Alchemy Tweaks.esp","0007EDF5","0007EDF5","fortify_health_regeneration","Fortify Health Regeneration","REQ_Alch_FortifyHealthRegeneration","Skyrim.esm","Requiem - Alchemy Redone.esp","0003EB06","0003EB06","positive","3","16.000000","300","0.200000","5"
"nordic_barnacle","Nordic Barnacle","NordicBarnacles","Skyrim.esm","LoreRim - Alchemy Tweaks.esp","0007EDF5","0007EDF5","fortify_pickpocket","Fortify Pickpocket","REQ_Alch_FortifyPickpocket","Skyrim.esm","Requiem - Alchemy Redone.esp","0003EB20","0003EB20","positive","4","4.000000","120","0.200000","5"
"rock_warbler_egg","Rock Warbler Egg","BirdEgg01","Skyrim.esm","LoreRim - Alchemy Tweaks.esp","0007E8C8","0007E8C8","restore_health","Restore Health","REQ_Alch_RestoreHealth","Skyrim.esm","Requiem - Alchemy Redone.esp","0003EB15","0003EB15","positive","1","1.000000","20","0.050000","2"
"rock_warbler_egg","Rock Warbler Egg","BirdEgg01","Skyrim.esm","LoreRim - Alchemy Tweaks.esp","0007E8C8","0007E8C8","fortify_one_handed","Fortify One-Handed","REQ_Alch_FortifyDamage_OneHanded","Skyrim.esm","Requiem - Alchemy Redone.esp","0003EB19","0003EB19","positive","2","4.000000","120","0.050000","2"
"rock_warbler_egg","Rock Warbler Egg","BirdEgg01","Skyrim.esm","LoreRim - Alchemy Tweaks.esp","0007E8C8","0007E8C8","damage_stamina","Damage Stamina","REQ_Alch_DamageStamina","Skyrim.esm","LoreRim - Alchemy Tweaks.esp","0003A2C6","0003A2C6","negative","3","16.000000","0","0.050000","2"
"rock_warbler_egg","Rock Warbler Egg","BirdEgg01","Skyrim.esm","LoreRim - Alchemy Tweaks.esp","0007E8C8","0007E8C8","weakness_to_magic","Weakness to Magic","REQ_Alch_WeaknessMagic","Skyrim.esm","Requiem - Alchemy Redone.esp","00073F51","00073F51","negative","4","2.000000","30","0.050000","2"
"slaughterfish_egg","Slaughterfish Egg","SlaughterfishEgg01","Skyrim.esm","LoreRim - Alchemy Tweaks.esp","0007E8C5","0007E8C5","resist_poison","Resist Poison","REQ_Alch_ResistPoison","Skyrim.esm","Requiem - Alchemy Redone.esp","00090041","00090041","positive","1","6.000000","120","0.200000","3"
"slaughterfish_egg","Slaughterfish Egg","SlaughterfishEgg01","Skyrim.esm","LoreRim - Alchemy Tweaks.esp","0007E8C5","0007E8C5","fortify_pickpocket","Fortify Pickpocket","REQ_Alch_FortifyPickpocket","Skyrim.esm","Requiem - Alchemy Redone.esp","0003EB20","0003EB20","positive","2","4.000000","120","0.200000","3"
"slaughterfish_egg","Slaughterfish Egg","SlaughterfishEgg01","Skyrim.esm","LoreRim - Alchemy Tweaks.esp","0007E8C5","0007E8C5","lingering_damage_health","Lingering Damage Health","REQ_Alch_LingeringDamageHealth","Skyrim.esm","Requiem - Alchemy Redone.esp","0010AA4A","0010AA4A","negative","3","1.000000","15","0.200000","3"
"slaughterfish_egg","Slaughterfish Egg","SlaughterfishEgg01","Skyrim.esm","LoreRim - Alchemy Tweaks.esp","0007E8C5","0007E8C5","fortify_stamina","Fortify Stamina","REQ_Alch_FortifyStamina","Skyrim.esm","Requiem - Alchemy Redone.esp","0003EAF9","0003EAF9","positive","4","8.000000","300","0.200000","3"
"giant_lichen","Giant Lichen","GiantLichen","Skyrim.esm","LoreRim - Alchemy Tweaks.esp","0007E8C1","0007E8C1","weakness_to_shock","Weakness to Shock","REQ_Alch_WeaknessShock","Skyrim.esm","Requiem - Alchemy Redone.esp","00073F2F","00073F2F","negative","1","4.000000","30","0.250000","5"
"giant_lichen","Giant Lichen","GiantLichen","Skyrim.esm","LoreRim - Alchemy Tweaks.esp","0007E8C1","0007E8C1","damage_maximum_health","Damage Maximum Health","REQ_Alch_DamageMaximumHealth","Skyrim.esm","Requiem - Alchemy Redone.esp","00073F26","00073F26","negative","2","8.000000","60","0.250000","5"
"giant_lichen","Giant Lichen","GiantLichen","Skyrim.esm","LoreRim - Alchemy Tweaks.esp","0007E8C1","0007E8C1","weakness_to_poison","Weakness to Poison","REQ_Alch_WeaknessPoison","Skyrim.esm","Requiem - Alchemy Redone.esp","00090042","00090042","negative","3","6.000000","30","0.250000","5"
"giant_lichen","Giant Lichen","GiantLichen","Skyrim.esm","LoreRim - Alchemy Tweaks.esp","0007E8C1","0007E8C1","restore_magicka","Restore Magicka","REQ_Alch_RestoreMagicka","Skyrim.esm","Requiem - Alchemy Redone.esp","0003EB17","0003EB17","positive","4","1.000000","20","0.250000","5"
"swamp_fungal_pod","Swamp Fungal Pod","SwampFungalPod01","Skyrim.esm","LoreRim - Alchemy Tweaks.esp","0007E8B7","0007E8B7","resist_shock","Resist Shock","REQ_Alch_ResistShock","Skyrim.esm","Requiem - Alchemy Redone.esp","0003EAEC","0003EAEC","positive","1","4.000000","120","0.250000","5"
"swamp_fungal_pod","Swamp Fungal Pod","SwampFungalPod01","Skyrim.esm","LoreRim - Alchemy Tweaks.esp","0007E8B7","0007E8B7","lingering_damage_magicka","Lingering Damage Magicka","REQ_Alch_LingeringDamageMagicka","Skyrim.esm","LoreRim - Alchemy Tweaks.esp","0010DE5F","0010DE5F","negative","2","2.000000","15","0.250000","5"
"swamp_fungal_pod","Swamp Fungal Pod","SwampFungalPod01","Skyrim.esm","LoreRim - Alchemy Tweaks.esp","0007E8B7","0007E8B7","slow","Slow","REQ_Alch_Slow","Skyrim.esm","Requiem - Alchemy Redone.esp","00073F25","00073F25","negative","3","50.000000","4","0.250000","5"
"swamp_fungal_pod","Swamp Fungal Pod","SwampFungalPod01","Skyrim.esm","LoreRim - Alchemy Tweaks.esp","0007E8B7","0007E8B7","restore_health","Restore Health","REQ_Alch_RestoreHealth","Skyrim.esm","Requiem - Alchemy Redone.esp","0003EB15","0003EB15","positive","4","1.000000","20","0.250000","5"
"kynes_boon","Kyne's Boon","MountainFlower01Purple","Skyrim.esm","LoreRim - Alchemy Tweaks.esp","00077E1E","00077E1E","restore_stamina","Restore Stamina","REQ_Alch_RestoreStamina","Skyrim.esm","Requiem - Alchemy Redone.esp","0003EB16","0003EB16","positive","1","0.500000","20","0.100000","1"
"kynes_boon","Kyne's Boon","MountainFlower01Purple","Skyrim.esm","LoreRim - Alchemy Tweaks.esp","00077E1E","00077E1E","fortify_sneak","Fortify Sneak","REQ_Alch_FortifySneak","Skyrim.esm","Requiem - Alchemy Redone.esp","0003EB22","0003EB22","positive","2","2.000000","120","0.100000","1"
"kynes_boon","Kyne's Boon","MountainFlower01Purple","Skyrim.esm","LoreRim - Alchemy Tweaks.esp","00077E1E","00077E1E","lingering_damage_magicka","Lingering Damage Magicka","REQ_Alch_LingeringDamageMagicka","Skyrim.esm","LoreRim - Alchemy Tweaks.esp","0010DE5F","0010DE5F","negative","3","1.000000","15","0.100000","1"
"kynes_boon","Kyne's Boon","MountainFlower01Purple","Skyrim.esm","LoreRim - Alchemy Tweaks.esp","00077E1E","00077E1E","resist_frost","Resist Frost","REQ_Alch_ResistFrost","Skyrim.esm","Requiem - Alchemy Redone.esp","0003EAEB","0003EAEB","positive","4","2.000000","120","0.100000","1"
"ysmirs_flame","Ysmir's Flame","MountainFlower01Red","Skyrim.esm","LoreRim - Alchemy Tweaks.esp","00077E1D","00077E1D","restore_magicka","Restore Magicka","REQ_Alch_RestoreMagicka","Skyrim.esm","Requiem - Alchemy Redone.esp","0003EB17","0003EB17","positive","1","0.500000","20","0.100000","1"
"ysmirs_flame","Ysmir's Flame","MountainFlower01Red","Skyrim.esm","LoreRim - Alchemy Tweaks.esp","00077E1D","00077E1D","damage_maximum_magicka","Damage Maximum Magicka","REQ_Alch_DamageMaximumMagicka","Skyrim.esm","Requiem - Alchemy Redone.esp","00073F27","00073F27","negative","2","8.000000","60","0.100000","1"
"ysmirs_flame","Ysmir's Flame","MountainFlower01Red","Skyrim.esm","LoreRim - Alchemy Tweaks.esp","00077E1D","00077E1D","fortify_magicka","Fortify Magicka","REQ_Alch_FortifyMagicka","Skyrim.esm","Requiem - Alchemy Redone.esp","0003EAF8","0003EAF8","positive","3","4.000000","300","0.100000","1"
"ysmirs_flame","Ysmir's Flame","MountainFlower01Red","Skyrim.esm","LoreRim - Alchemy Tweaks.esp","00077E1D","00077E1D","damage_health","Damage Health","REQ_Alch_DamageHealth","Skyrim.esm","Requiem - Alchemy Redone.esp","0003EB42","0003EB42","negative","4","4.000000","0","0.100000","1"
"maras_eye","Mara's Eye","MountainFlower01Blue","Skyrim.esm","LoreRim - Alchemy Tweaks.esp","00077E1C","00077E1C","restore_health","Restore Health","REQ_Alch_RestoreHealth","Skyrim.esm","Requiem - Alchemy Redone.esp","0003EB15","0003EB15","positive","1","0.500000","20","0.100000","1"
"maras_eye","Mara's Eye","MountainFlower01Blue","Skyrim.esm","LoreRim - Alchemy Tweaks.esp","00077E1C","00077E1C","fortify_conjuration","Fortify Conjuration","REQ_Alch_FortifyConjuration","Skyrim.esm","Requiem - Alchemy Redone.esp","0003EB25","0003EB25","positive","2","2.000000","120","0.100000","1"
"maras_eye","Mara's Eye","MountainFlower01Blue","Skyrim.esm","LoreRim - Alchemy Tweaks.esp","00077E1C","00077E1C","fortify_health","Fortify Health","REQ_Alch_FortifyHealth","Skyrim.esm","Requiem - Alchemy Redone.esp","0003EAF3","0003EAF3","positive","3","4.000000","300","0.100000","1"
"maras_eye","Mara's Eye","MountainFlower01Blue","Skyrim.esm","LoreRim - Alchemy Tweaks.esp","00077E1C","00077E1C","damage_magicka_regeneration","Damage Magicka Regeneration","REQ_Alch_DamageMagickaRegeneration","Skyrim.esm","Requiem - Alchemy Redone.esp","00073F2B","00073F2B","negative","4","8.000000","60","0.100000","1"
"dash_of_salt","Dash of Salt","MS03BlackBriarSecretIngredient","Skyrim.esm","LoreRim - Alchemy Tweaks.esp","00074A19","00074A19","weakness_to_magic","Weakness to Magic","REQ_Alch_WeaknessMagic","Skyrim.esm","Requiem - Alchemy Redone.esp","00073F51","00073F51","negative","1","1.000000","30","0.050000","1"
"dash_of_salt","Dash of Salt","MS03BlackBriarSecretIngredient","Skyrim.esm","LoreRim - Alchemy Tweaks.esp","00074A19","00074A19","fortify_restoration","Fortify Restoration","REQ_Alch_FortifyRestoration","Skyrim.esm","Requiem - Alchemy Redone.esp","0003EB28","0003EB28","positive","2","0.500000","120","0.050000","1"
"dash_of_salt","Dash of Salt","MS03BlackBriarSecretIngredient","Skyrim.esm","LoreRim - Alchemy Tweaks.esp","00074A19","00074A19","slow","Slow","REQ_Alch_Slow","Skyrim.esm","Requiem - Alchemy Redone.esp","00073F25","00073F25","negative","3","50.000000","2","0.050000","1"
"dash_of_salt","Dash of Salt","MS03BlackBriarSecretIngredient","Skyrim.esm","LoreRim - Alchemy Tweaks.esp","00074A19","00074A19","fortify_magicka_regeneration","Fortify Magicka Regeneration","REQ_Alch_FortifyMagickaRegeneration","Skyrim.esm","Requiem - Alchemy Redone.esp","0003EB07","0003EB07","positive","4","8.000000","300","0.050000","1"
"butterfly_wing","Butterfly Wing","MothWingMonarch","Skyrim.esm","LoreRim - Alchemy Tweaks.esp","000727E0","000727E0","restore_health","Restore Health","REQ_Alch_RestoreHealth","Skyrim.esm","Requiem - Alchemy Redone.esp","0003EB15","0003EB15","positive","1","0.500000","20","0.100000","3"
"butterfly_wing","Butterfly Wing","MothWingMonarch","Skyrim.esm","LoreRim - Alchemy Tweaks.esp","000727E0","000727E0","fortify_barter","Fortify Barter","REQ_Alch_FortifyBarter","Skyrim.esm","Requiem - Alchemy Redone.esp","0003EB23","0003EB23","positive","2","1.000000","120","0.100000","3"
"butterfly_wing","Butterfly Wing","MothWingMonarch","Skyrim.esm","LoreRim - Alchemy Tweaks.esp","000727E0","000727E0","lingering_damage_stamina","Lingering Damage Stamina","REQ_Alch_LingeringDamageStamina","Skyrim.esm","LoreRim - Alchemy Tweaks.esp","0010DE5E","0010DE5E","negative","3","2.000000","15","0.100000","3"
"butterfly_wing","Butterfly Wing","MothWingMonarch","Skyrim.esm","LoreRim - Alchemy Tweaks.esp","000727E0","000727E0","damage_magicka","Damage Magicka","REQ_Alch_DamageMagicka","Skyrim.esm","LoreRim - Alchemy Tweaks.esp","0003A2B6","0003A2B6","negative","4","8.000000","0","0.100000","3"
"luna_moth_wing","Luna Moth Wing","MothWingLuna","Skyrim.esm","LoreRim - Alchemy Tweaks.esp","000727DF","000727DF","damage_magicka","Damage Magicka","REQ_Alch_DamageMagicka","Skyrim.esm","LoreRim - Alchemy Tweaks.esp","0003A2B6","0003A2B6","negative","1","16.000000","0","0.100000","5"
"luna_moth_wing","Luna Moth Wing","MothWingLuna","Skyrim.esm","LoreRim - Alchemy Tweaks.esp","000727DF","000727DF","fortify_speed","Fortify Speed","REQ_Alch_FortifySpeed","Skyrim.esm","Requiem - Alchemy Redone.esp","0003EB1F","0003EB1F","positive","2","1.000000","120","0.100000","5"
"luna_moth_wing","Luna Moth Wing","MothWingLuna","Skyrim.esm","LoreRim - Alchemy Tweaks.esp","000727DF","000727DF","fortify_health_regeneration","Fortify Health Regeneration","REQ_Alch_FortifyHealthRegeneration","Skyrim.esm","Requiem - Alchemy Redone.esp","0003EB06","0003EB06","positive","3","16.000000","300","0.100000","5"
"luna_moth_wing","Luna Moth Wing","MothWingLuna","Skyrim.esm","LoreRim - Alchemy Tweaks.esp","000727DF","000727DF","invisibility","Invisibility","REQ_Alch_Invisibillity","Skyrim.esm","Requiem - Alchemy Redone.esp","0003EB3D","0003EB3D","positive","4","0.000000","4","0.100000","5"
"blue_butterfly_wing","Blue Butterfly Wing","MothWingBlue","Skyrim.esm","LoreRim - Alchemy Tweaks.esp","000727DE","000727DE","damage_stamina","Damage Stamina","REQ_Alch_DamageStamina","Skyrim.esm","LoreRim - Alchemy Tweaks.esp","0003A2C6","0003A2C6","negative","1","8.000000","0","0.100000","2"
"blue_butterfly_wing","Blue Butterfly Wing","MothWingBlue","Skyrim.esm","LoreRim - Alchemy Tweaks.esp","000727DE","000727DE","fortify_conjuration","Fortify Conjuration","REQ_Alch_FortifyConjuration","Skyrim.esm","Requiem - Alchemy Redone.esp","0003EB25","0003EB25","positive","2","4.000000","120","0.100000","2"
"blue_butterfly_wing","Blue Butterfly Wing","MothWingBlue","Skyrim.esm","LoreRim - Alchemy Tweaks.esp","000727DE","000727DE","damage_magicka_regeneration","Damage Magicka Regeneration","REQ_Alch_DamageMagickaRegeneration","Skyrim.esm","Requiem - Alchemy Redone.esp","00073F2B","00073F2B","negative","3","8.000000","60","0.100000","2"
"blue_butterfly_wing","Blue Butterfly Wing","MothWingBlue","Skyrim.esm","LoreRim - Alchemy Tweaks.esp","000727DE","000727DE","soul_trap","Soul Trap","REQ_Alch_SoulTrap","Requiem.esp","Requiem - Alchemy Redone.esp","0A20B30F","7F20B30F","positive","4","0.000000","2","0.100000","2"
"berits_ashes","Berit's Ashes","FavorThadgeirAshes","Skyrim.esm","LoreRim - Alchemy Tweaks.esp","000705B7","000705B7","damage_stamina","Damage Stamina","REQ_Alch_DamageStamina","Skyrim.esm","LoreRim - Alchemy Tweaks.esp","0003A2C6","0003A2C6","negative","1","16.000000","0","0.200000","5"
"berits_ashes","Berit's Ashes","FavorThadgeirAshes","Skyrim.esm","LoreRim - Alchemy Tweaks.esp","000705B7","000705B7","resist_fire","Resist Fire","REQ_Alch_ResistFire","Skyrim.esm","Requiem - Alchemy Redone.esp","0003EAEA","0003EAEA","positive","2","4.000000","120","0.200000","5"
"berits_ashes","Berit's Ashes","FavorThadgeirAshes","Skyrim.esm","LoreRim - Alchemy Tweaks.esp","000705B7","000705B7","fortify_conjuration","Fortify Conjuration","REQ_Alch_FortifyConjuration","Skyrim.esm","Requiem - Alchemy Redone.esp","0003EB25","0003EB25","positive","3","4.000000","120","0.200000","5"
"berits_ashes","Berit's Ashes","FavorThadgeirAshes","Skyrim.esm","LoreRim - Alchemy Tweaks.esp","000705B7","000705B7","damage_maximum_stamina","Damage Maximum Stamina","REQ_Alch_DamageMaximumStamina","Skyrim.esm","Requiem - Alchemy Redone.esp","00073F23","00073F23","negative","4","16.000000","60","0.200000","5"
"scaly_pholiota","Scaly Pholiota","ScalyPholiotaBits","Skyrim.esm","LoreRim - Alchemy Tweaks.esp","0006F950","0006F950","weakness_to_magic","Weakness to Magic","REQ_Alch_WeaknessMagic","Skyrim.esm","Requiem - Alchemy Redone.esp","00073F51","00073F51","negative","1","2.000000","30","0.250000","4"
"scaly_pholiota","Scaly Pholiota","ScalyPholiotaBits","Skyrim.esm","LoreRim - Alchemy Tweaks.esp","0006F950","0006F950","fortify_illusion","Fortify Illusion","REQ_Alch_FortifyIllusion","Skyrim.esm","Requiem - Alchemy Redone.esp","0003EB27","0003EB27","positive","2","4.000000","120","0.250000","4"
"scaly_pholiota","Scaly Pholiota","ScalyPholiotaBits","Skyrim.esm","LoreRim - Alchemy Tweaks.esp","0006F950","0006F950","fortify_stamina_regeneration","Fortify Stamina Regeneration","REQ_Alch_FortifyStaminaRegeneration","Skyrim.esm","Requiem - Alchemy Redone.esp","0003EB08","0003EB08","positive","3","16.000000","300","0.250000","4"
"scaly_pholiota","Scaly Pholiota","ScalyPholiotaBits","Skyrim.esm","LoreRim - Alchemy Tweaks.esp","0006F950","0006F950","fortify_carry_weight","Fortify Carry Weight","REQ_Alch_FortifyCarryWeight","Skyrim.esm","Requiem - Alchemy Redone.esp","0003EB01","0003EB01","positive","4","4.000000","600","0.250000","4"
"powdered_mammoth_tusk","Powdered Mammoth Tusk","PowderedMammothTusk","Skyrim.esm","LoreRim - Alchemy Tweaks.esp","0006BC10","0006BC10","fortify_unarmed","Fortify Unarmed","REQ_Alch_FortifyUnarmed","Requiem.esp","Requiem - Alchemy Redone.esp","0A020E2B","7F020E2B","positive","1","1.000000","120","0.100000","25"
"powdered_mammoth_tusk","Powdered Mammoth Tusk","PowderedMammothTusk","Skyrim.esm","LoreRim - Alchemy Tweaks.esp","0006BC10","0006BC10","fortify_sneak","Fortify Sneak","REQ_Alch_FortifySneak","Skyrim.esm","Requiem - Alchemy Redone.esp","0003EB22","0003EB22","positive","2","4.000000","120","0.100000","25"
"powdered_mammoth_tusk","Powdered Mammoth Tusk","PowderedMammothTusk","Skyrim.esm","LoreRim - Alchemy Tweaks.esp","0006BC10","0006BC10","weakness_to_fire","Weakness to Fire","REQ_Alch_WeaknessFire","Skyrim.esm","Requiem - Alchemy Redone.esp","00073F2D","00073F2D","negative","3","4.000000","30","0.100000","25"
"powdered_mammoth_tusk","Powdered Mammoth Tusk","PowderedMammothTusk","Skyrim.esm","LoreRim - Alchemy Tweaks.esp","0006BC10","0006BC10","fear","Fear","REQ_Alch_Fear","Skyrim.esm","Requiem - Alchemy Redone.esp","00073F20","00073F20","negative","4","2.000000","15","0.100000","25"
"wisp_wrappings","Wisp Wrappings","WispWrappings","Skyrim.esm","LoreRim - Alchemy Tweaks.esp","0006BC0E","0006BC0E","restore_stamina","Restore Stamina","REQ_Alch_RestoreStamina","Skyrim.esm","Requiem - Alchemy Redone.esp","0003EB16","0003EB16","positive","1","1.000000","20","0.100000","30"
"wisp_wrappings","Wisp Wrappings","WispWrappings","Skyrim.esm","LoreRim - Alchemy Tweaks.esp","0006BC0E","0006BC0E","fortify_destruction","Fortify Destruction","REQ_Alch_FortifyDestruction","Skyrim.esm","Requiem - Alchemy Redone.esp","0003EB26","0003EB26","positive","2","4.000000","120","0.100000","30"
"wisp_wrappings","Wisp Wrappings","WispWrappings","Skyrim.esm","LoreRim - Alchemy Tweaks.esp","0006BC0E","0006BC0E","fortify_carry_weight","Fortify Carry Weight","REQ_Alch_FortifyCarryWeight","Skyrim.esm","Requiem - Alchemy Redone.esp","0003EB01","0003EB01","positive","3","4.000000","600","0.100000","30"
"wisp_wrappings","Wisp Wrappings","WispWrappings","Skyrim.esm","LoreRim - Alchemy Tweaks.esp","0006BC0E","0006BC0E","resist_magic","Resist Magic","REQ_Alch_ResistMagic","Skyrim.esm","Requiem - Alchemy Redone.esp","00039E51","00039E51","positive","4","2.000000","120","0.100000","30"
"small_antlers","Small Antlers","AntlersSmall","Skyrim.esm","LoreRim - Alchemy Tweaks.esp","0006BC0B","0006BC0B","weakness_to_poison","Weakness to Poison","REQ_Alch_WeaknessPoison","Skyrim.esm","Requiem - Alchemy Redone.esp","00090042","00090042","negative","1","6.000000","30","0.200000","15"
"small_antlers","Small Antlers","AntlersSmall","Skyrim.esm","LoreRim - Alchemy Tweaks.esp","0006BC0B","0006BC0B","fortify_restoration","Fortify Restoration","REQ_Alch_FortifyRestoration","Skyrim.esm","Requiem - Alchemy Redone.esp","0003EB28","0003EB28","positive","2","4.000000","120","0.200000","15"
"small_antlers","Small Antlers","AntlersSmall","Skyrim.esm","LoreRim - Alchemy Tweaks.esp","0006BC0B","0006BC0B","lingering_damage_stamina","Lingering Damage Stamina","REQ_Alch_LingeringDamageStamina","Skyrim.esm","LoreRim - Alchemy Tweaks.esp","0010DE5E","0010DE5E","negative","3","2.000000","15","0.200000","15"
"small_antlers","Small Antlers","AntlersSmall","Skyrim.esm","LoreRim - Alchemy Tweaks.esp","0006BC0B","0006BC0B","damage_health","Damage Health","REQ_Alch_DamageHealth","Skyrim.esm","Requiem - Alchemy Redone.esp","0003EB42","0003EB42","negative","4","8.000000","0","0.200000","15"
"large_antlers","Large Antlers","AntlersLarge","Skyrim.esm","LoreRim - Alchemy Tweaks.esp","0006BC0A","0006BC0A","fortify_unarmed","Fortify Unarmed","REQ_Alch_FortifyUnarmed","Requiem.esp","Requiem - Alchemy Redone.esp","0A020E2B","7F020E2B","positive","1","1.000000","120","0.400000","25"
"large_antlers","Large Antlers","AntlersLarge","Skyrim.esm","LoreRim - Alchemy Tweaks.esp","0006BC0A","0006BC0A","fortify_stamina","Fortify Stamina","REQ_Alch_FortifyStamina","Skyrim.esm","Requiem - Alchemy Redone.esp","0003EAF9","0003EAF9","positive","2","8.000000","300","0.400000","25"
"large_antlers","Large Antlers","AntlersLarge","Skyrim.esm","LoreRim - Alchemy Tweaks.esp","0006BC0A","0006BC0A","slow","Slow","REQ_Alch_Slow","Skyrim.esm","Requiem - Alchemy Redone.esp","00073F25","00073F25","negative","3","50.000000","6","0.400000","25"
"large_antlers","Large Antlers","AntlersLarge","Skyrim.esm","LoreRim - Alchemy Tweaks.esp","0006BC0A","0006BC0A","damage_strength","Damage Strength","REQ_Alch_DamageStrength","Requiem - Alchemy Redone.esp","Requiem - Alchemy Redone.esp","07000816","FE62D816","negative","4","4.000000","30","0.400000","25"
"sabre_cat_eye","Sabre Cat Eye","SabrecatEyeball","Skyrim.esm","LoreRim - Alchemy Tweaks.esp","0006BC07","0006BC07","restore_stamina","Restore Stamina","REQ_Alch_RestoreStamina","Skyrim.esm","Requiem - Alchemy Redone.esp","0003EB16","0003EB16","positive","1","1.000000","20","0.100000","2"
"sabre_cat_eye","Sabre Cat Eye","SabrecatEyeball","Skyrim.esm","LoreRim - Alchemy Tweaks.esp","0006BC07","0006BC07","damage_maximum_health","Damage Maximum Health","REQ_Alch_DamageMaximumHealth","Skyrim.esm","Requiem - Alchemy Redone.esp","00073F26","00073F26","negative","2","8.000000","60","0.100000","2"
"sabre_cat_eye","Sabre Cat Eye","SabrecatEyeball","Skyrim.esm","LoreRim - Alchemy Tweaks.esp","0006BC07","0006BC07","damage_magicka","Damage Magicka","REQ_Alch_DamageMagicka","Skyrim.esm","LoreRim - Alchemy Tweaks.esp","0003A2B6","0003A2B6","negative","3","16.000000","0","0.100000","2"
"sabre_cat_eye","Sabre Cat Eye","SabrecatEyeball","Skyrim.esm","LoreRim - Alchemy Tweaks.esp","0006BC07","0006BC07","restore_health","Restore Health","REQ_Alch_RestoreHealth","Skyrim.esm","Requiem - Alchemy Redone.esp","0003EB15","0003EB15","positive","4","1.000000","20","0.100000","2"
"sabre_cat_tooth","Sabre Cat Tooth","SabrecatTooth","Skyrim.esm","LoreRim - Alchemy Tweaks.esp","0006BC04","0006BC04","fortify_unarmed","Fortify Unarmed","REQ_Alch_FortifyUnarmed","Requiem.esp","Requiem - Alchemy Redone.esp","0A020E2B","7F020E2B","positive","1","1.000000","120","0.100000","2"
"sabre_cat_tooth","Sabre Cat Tooth","SabrecatTooth","Skyrim.esm","LoreRim - Alchemy Tweaks.esp","0006BC04","0006BC04","fortify_armor_rating","Fortify Armor Rating","REQ_Alch_FortifyArmorRating","Skyrim.esm","Requiem - Alchemy Redone.esp","0003EB1E","0003EB1E","positive","2","12.000000","120","0.100000","2"
"sabre_cat_tooth","Sabre Cat Tooth","SabrecatTooth","Skyrim.esm","LoreRim - Alchemy Tweaks.esp","0006BC04","0006BC04","reflect_damage","Reflect Damage","REQ_Alch_FortifyReflect","Skyrim.esm","LoreRim - Alchemy Tweaks.esp","0003EB1D","0003EB1D","positive","3","0.500000","120","0.100000","2"
"sabre_cat_tooth","Sabre Cat Tooth","SabrecatTooth","Skyrim.esm","LoreRim - Alchemy Tweaks.esp","0006BC04","0006BC04","weakness_to_poison","Weakness to Poison","REQ_Alch_WeaknessPoison","Skyrim.esm","Requiem - Alchemy Redone.esp","00090042","00090042","negative","4","6.000000","30","0.100000","2"
"bear_claws","Bear Claws","BearClaws","Skyrim.esm","LoreRim - Alchemy Tweaks.esp","0006BC02","0006BC02","fortify_unarmed","Fortify Unarmed","REQ_Alch_FortifyUnarmed","Requiem.esp","Requiem - Alchemy Redone.esp","0A020E2B","7F020E2B","positive","1","1.500000","120","0.100000","2"
"bear_claws","Bear Claws","BearClaws","Skyrim.esm","LoreRim - Alchemy Tweaks.esp","0006BC02","0006BC02","fortify_health","Fortify Health","REQ_Alch_FortifyHealth","Skyrim.esm","Requiem - Alchemy Redone.esp","0003EAF3","0003EAF3","positive","2","8.000000","300","0.100000","2"
"bear_claws","Bear Claws","BearClaws","Skyrim.esm","LoreRim - Alchemy Tweaks.esp","0006BC02","0006BC02","fortify_one_handed","Fortify One-Handed","REQ_Alch_FortifyDamage_OneHanded","Skyrim.esm","Requiem - Alchemy Redone.esp","0003EB19","0003EB19","positive","3","4.000000","120","0.100000","2"
"bear_claws","Bear Claws","BearClaws","Skyrim.esm","LoreRim - Alchemy Tweaks.esp","0006BC02","0006BC02","damage_magicka_regeneration","Damage Magicka Regeneration","REQ_Alch_DamageMagickaRegeneration","Skyrim.esm","Requiem - Alchemy Redone.esp","00073F2B","00073F2B","negative","4","16.000000","60","0.100000","2"
"mudcrab_chitin","Mudcrab Chitin","MudcrabChitin","Skyrim.esm","LoreRim - Alchemy Tweaks.esp","0006BC00","0006BC00","fortify_unarmed","Fortify Unarmed","REQ_Alch_FortifyUnarmed","Requiem.esp","Requiem - Alchemy Redone.esp","0A020E2B","7F020E2B","positive","1","1.000000","120","0.400000","7"
"mudcrab_chitin","Mudcrab Chitin","MudcrabChitin","Skyrim.esm","LoreRim - Alchemy Tweaks.esp","0006BC00","0006BC00","cure_disease","Cure Disease","REQ_Alch_CureDisease","Skyrim.esm","Requiem - Alchemy Redone.esp","000AE722","000AE722","positive","2","5.000000","0","0.400000","7"
"mudcrab_chitin","Mudcrab Chitin","MudcrabChitin","Skyrim.esm","LoreRim - Alchemy Tweaks.esp","0006BC00","0006BC00","resist_poison","Resist Poison","REQ_Alch_ResistPoison","Skyrim.esm","Requiem - Alchemy Redone.esp","00090041","00090041","positive","3","6.000000","120","0.400000","7"
"mudcrab_chitin","Mudcrab Chitin","MudcrabChitin","Skyrim.esm","LoreRim - Alchemy Tweaks.esp","0006BC00","0006BC00","resist_fire","Resist Fire","REQ_Alch_ResistFire","Skyrim.esm","Requiem - Alchemy Redone.esp","0003EAEA","0003EAEA","positive","4","4.000000","120","0.400000","7"
"hagraven_claw","Hagraven Claw","HagravenClaw","Skyrim.esm","LoreRim - Alchemy Tweaks.esp","0006B689","0006B689","resist_magic","Resist Magic","REQ_Alch_ResistMagic","Skyrim.esm","Requiem - Alchemy Redone.esp","00039E51","00039E51","positive","1","2.000000","120","0.250000","20"
"hagraven_claw","Hagraven Claw","HagravenClaw","Skyrim.esm","LoreRim - Alchemy Tweaks.esp","0006B689","0006B689","lingering_damage_magicka","Lingering Damage Magicka","REQ_Alch_LingeringDamageMagicka","Skyrim.esm","LoreRim - Alchemy Tweaks.esp","0010DE5F","0010DE5F","negative","2","2.000000","15","0.250000","20"
"hagraven_claw","Hagraven Claw","HagravenClaw","Skyrim.esm","LoreRim - Alchemy Tweaks.esp","0006B689","0006B689","soul_trap","Soul Trap","REQ_Alch_SoulTrap","Requiem.esp","Requiem - Alchemy Redone.esp","0A20B30F","7F20B30F","positive","3","0.000000","4","0.250000","20"
"hagraven_claw","Hagraven Claw","HagravenClaw","Skyrim.esm","LoreRim - Alchemy Tweaks.esp","0006B689","0006B689","fortify_barter","Fortify Barter","REQ_Alch_FortifyBarter","Skyrim.esm","Requiem - Alchemy Redone.esp","0003EB23","0003EB23","positive","4","2.000000","120","0.250000","20"
"jazbay_grapes","Jazbay Grapes","JazBay","Skyrim.esm","LoreRim - Alchemy Tweaks.esp","0006AC4A","0006AC4A","weakness_to_magic","Weakness to Magic","REQ_Alch_WeaknessMagic","Skyrim.esm","Requiem - Alchemy Redone.esp","00073F51","00073F51","negative","1","2.000000","30","0.100000","1"
"jazbay_grapes","Jazbay Grapes","JazBay","Skyrim.esm","LoreRim - Alchemy Tweaks.esp","0006AC4A","0006AC4A","fortify_magicka","Fortify Magicka","REQ_Alch_FortifyMagicka","Skyrim.esm","Requiem - Alchemy Redone.esp","0003EAF8","0003EAF8","positive","2","8.000000","300","0.100000","1"
"jazbay_grapes","Jazbay Grapes","JazBay","Skyrim.esm","LoreRim - Alchemy Tweaks.esp","0006AC4A","0006AC4A","fortify_magicka_regeneration","Fortify Magicka Regeneration","REQ_Alch_FortifyMagickaRegeneration","Skyrim.esm","Requiem - Alchemy Redone.esp","0003EB07","0003EB07","positive","3","16.000000","300","0.100000","1"
"jazbay_grapes","Jazbay Grapes","JazBay","Skyrim.esm","LoreRim - Alchemy Tweaks.esp","0006AC4A","0006AC4A","damage_maximum_health","Damage Maximum Health","REQ_Alch_DamageMaximumHealth","Skyrim.esm","Requiem - Alchemy Redone.esp","00073F26","00073F26","negative","4","8.000000","60","0.100000","1"
"canis_root","Canis Root","CanisRoot01","Skyrim.esm","LoreRim - Alchemy Tweaks.esp","0006ABCB","0006ABCB","damage_stamina","Damage Stamina","REQ_Alch_DamageStamina","Skyrim.esm","LoreRim - Alchemy Tweaks.esp","0003A2C6","0003A2C6","negative","1","16.000000","0","0.100000","15"
"canis_root","Canis Root","CanisRoot01","Skyrim.esm","LoreRim - Alchemy Tweaks.esp","0006ABCB","0006ABCB","fortify_one_handed","Fortify One-Handed","REQ_Alch_FortifyDamage_OneHanded","Skyrim.esm","Requiem - Alchemy Redone.esp","0003EB19","0003EB19","positive","2","4.000000","120","0.100000","15"
"canis_root","Canis Root","CanisRoot01","Skyrim.esm","LoreRim - Alchemy Tweaks.esp","0006ABCB","0006ABCB","fortify_marksman","Fortify Marksman","REQ_Alch_FortifyDamage_Marksman","Skyrim.esm","Requiem - Alchemy Redone.esp","0003EB1B","0003EB1B","positive","3","4.000000","120","0.100000","15"
"canis_root","Canis Root","CanisRoot01","Skyrim.esm","LoreRim - Alchemy Tweaks.esp","0006ABCB","0006ABCB","slow","Slow","REQ_Alch_Slow","Skyrim.esm","Requiem - Alchemy Redone.esp","00073F25","00073F25","negative","4","50.000000","4","0.100000","15"
"spriggan_sap","Spriggan Sap","SprigganSap","Skyrim.esm","LoreRim - Alchemy Tweaks.esp","00063B5F","00063B5F","silence","Silence","REQ_Alch_Silence","Requiem - Alchemy Redone.esp","Requiem - Alchemy Redone.esp","07000815","FE62D815","positive","1","0.000000","2","0.200000","50"
"spriggan_sap","Spriggan Sap","SprigganSap","Skyrim.esm","LoreRim - Alchemy Tweaks.esp","00063B5F","00063B5F","soul_trap","Soul Trap","REQ_Alch_SoulTrap","Requiem.esp","Requiem - Alchemy Redone.esp","0A20B30F","7F20B30F","positive","2","0.000000","4","0.200000","50"
"spriggan_sap","Spriggan Sap","SprigganSap","Skyrim.esm","LoreRim - Alchemy Tweaks.esp","00063B5F","00063B5F","reflect_damage","Reflect Damage","REQ_Alch_FortifyReflect","Skyrim.esm","LoreRim - Alchemy Tweaks.esp","0003EB1D","0003EB1D","positive","3","1.000000","120","0.200000","50"
"spriggan_sap","Spriggan Sap","SprigganSap","Skyrim.esm","LoreRim - Alchemy Tweaks.esp","00063B5F","00063B5F","fortify_alteration","Fortify Alteration","REQ_Alch_FortifyAlteration","Skyrim.esm","Requiem - Alchemy Redone.esp","0003EB24","0003EB24","positive","4","4.000000","120","0.200000","50"
"nirnroot","Nirnroot","Nirnroot","Skyrim.esm","LoreRim - Alchemy Tweaks.esp","00059B86","00059B86","damage_health","Damage Health","REQ_Alch_DamageHealth","Skyrim.esm","Requiem - Alchemy Redone.esp","0003EB42","0003EB42","negative","1","8.000000","0","0.200000","100"
"nirnroot","Nirnroot","Nirnroot","Skyrim.esm","LoreRim - Alchemy Tweaks.esp","00059B86","00059B86","damage_stamina","Damage Stamina","REQ_Alch_DamageStamina","Skyrim.esm","LoreRim - Alchemy Tweaks.esp","0003A2C6","0003A2C6","negative","2","16.000000","0","0.200000","100"
"nirnroot","Nirnroot","Nirnroot","Skyrim.esm","LoreRim - Alchemy Tweaks.esp","00059B86","00059B86","invisibility","Invisibility","REQ_Alch_Invisibillity","Skyrim.esm","Requiem - Alchemy Redone.esp","0003EB3D","0003EB3D","positive","3","0.000000","4","0.200000","100"
"nirnroot","Nirnroot","Nirnroot","Skyrim.esm","LoreRim - Alchemy Tweaks.esp","00059B86","00059B86","resist_magic","Resist Magic","REQ_Alch_ResistMagic","Skyrim.esm","Requiem - Alchemy Redone.esp","00039E51","00039E51","positive","4","2.000000","120","0.200000","100"
"hanging_moss","Hanging Moss","HangingMoss","Skyrim.esm","LoreRim - Alchemy Tweaks.esp","00057F91","00057F91","damage_magicka","Damage Magicka","REQ_Alch_DamageMagicka","Skyrim.esm","LoreRim - Alchemy Tweaks.esp","0003A2B6","0003A2B6","negative","1","16.000000","0","0.250000","1"
"hanging_moss","Hanging Moss","HangingMoss","Skyrim.esm","LoreRim - Alchemy Tweaks.esp","00057F91","00057F91","fortify_health","Fortify Health","REQ_Alch_FortifyHealth","Skyrim.esm","Requiem - Alchemy Redone.esp","0003EAF3","0003EAF3","positive","2","8.000000","300","0.250000","1"
"hanging_moss","Hanging Moss","HangingMoss","Skyrim.esm","LoreRim - Alchemy Tweaks.esp","00057F91","00057F91","damage_magicka_regeneration","Damage Magicka Regeneration","REQ_Alch_DamageMagickaRegeneration","Skyrim.esm","Requiem - Alchemy Redone.esp","00073F2B","00073F2B","negative","3","16.000000","60","0.250000","1"
"hanging_moss","Hanging Moss","HangingMoss","Skyrim.esm","LoreRim - Alchemy Tweaks.esp","00057F91","00057F91","fortify_one_handed","Fortify One-Handed","REQ_Alch_FortifyDamage_OneHanded","Skyrim.esm","Requiem - Alchemy Redone.esp","0003EB19","0003EB19","positive","4","4.000000","120","0.250000","1"
"charred_skeever_hide","Charred Skeever Hide","CharredSkeeverHide","Skyrim.esm","LoreRim - Alchemy Tweaks.esp","00052695","00052695","restore_stamina","Restore Stamina","REQ_Alch_RestoreStamina","Skyrim.esm","Requiem - Alchemy Redone.esp","0003EB16","0003EB16","positive","1","1.000000","20","0.400000","1"
"charred_skeever_hide","Charred Skeever Hide","CharredSkeeverHide","Skyrim.esm","LoreRim - Alchemy Tweaks.esp","00052695","00052695","cure_disease","Cure Disease","REQ_Alch_CureDisease","Skyrim.esm","Requiem - Alchemy Redone.esp","000AE722","000AE722","positive","2","2.500000","0","0.400000","1"
"charred_skeever_hide","Charred Skeever Hide","CharredSkeeverHide","Skyrim.esm","LoreRim - Alchemy Tweaks.esp","00052695","00052695","resist_poison","Resist Poison","REQ_Alch_ResistPoison","Skyrim.esm","Requiem - Alchemy Redone.esp","00090041","00090041","positive","3","6.000000","120","0.400000","1"
"charred_skeever_hide","Charred Skeever Hide","CharredSkeeverHide","Skyrim.esm","LoreRim - Alchemy Tweaks.esp","00052695","00052695","restore_health","Restore Health","REQ_Alch_RestoreHealth","Skyrim.esm","Requiem - Alchemy Redone.esp","0003EB15","0003EB15","positive","4","1.000000","20","0.400000","1"
"deathbell","Deathbell","deathBell","Skyrim.esm","LoreRim - Alchemy Tweaks.esp","000516C8","000516C8","damage_health","Damage Health","REQ_Alch_DamageHealth","Skyrim.esm","Requiem - Alchemy Redone.esp","0003EB42","0003EB42","negative","1","12.000000","0","0.100000","4"
"deathbell","Deathbell","deathBell","Skyrim.esm","LoreRim - Alchemy Tweaks.esp","000516C8","000516C8","damage_maximum_stamina","Damage Maximum Stamina","REQ_Alch_DamageMaximumStamina","Skyrim.esm","Requiem - Alchemy Redone.esp","00073F23","00073F23","negative","2","16.000000","60","0.100000","4"
"deathbell","Deathbell","deathBell","Skyrim.esm","LoreRim - Alchemy Tweaks.esp","000516C8","000516C8","slow","Slow","REQ_Alch_Slow","Skyrim.esm","Requiem - Alchemy Redone.esp","00073F25","00073F25","negative","3","50.000000","4","0.100000","4"
"deathbell","Deathbell","deathBell","Skyrim.esm","LoreRim - Alchemy Tweaks.esp","000516C8","000516C8","weakness_to_poison","Weakness to Poison","REQ_Alch_WeaknessPoison","Skyrim.esm","Requiem - Alchemy Redone.esp","00090042","00090042","negative","4","6.000000","30","0.100000","4"
"juniper_berries","Juniper Berries","JuniperBerries","Skyrim.esm","LoreRim - Alchemy Tweaks.esp","0005076E","0005076E","weakness_to_fire","Weakness to Fire","REQ_Alch_WeaknessFire","Skyrim.esm","Requiem - Alchemy Redone.esp","00073F2D","00073F2D","negative","1","4.000000","30","0.100000","1"
"juniper_berries","Juniper Berries","JuniperBerries","Skyrim.esm","LoreRim - Alchemy Tweaks.esp","0005076E","0005076E","fortify_marksman","Fortify Marksman","REQ_Alch_FortifyDamage_Marksman","Skyrim.esm","Requiem - Alchemy Redone.esp","0003EB1B","0003EB1B","positive","2","4.000000","120","0.100000","1"
"juniper_berries","Juniper Berries","JuniperBerries","Skyrim.esm","LoreRim - Alchemy Tweaks.esp","0005076E","0005076E","fortify_health_regeneration","Fortify Health Regeneration","REQ_Alch_FortifyHealthRegeneration","Skyrim.esm","Requiem - Alchemy Redone.esp","0003EB06","0003EB06","positive","3","16.000000","300","0.100000","1"
"juniper_berries","Juniper Berries","JuniperBerries","Skyrim.esm","LoreRim - Alchemy Tweaks.esp","0005076E","0005076E","damage_stamina_regeneration","Damage Stamina Regeneration","REQ_Alch_DamageStaminaRegeneration","Skyrim.esm","Requiem - Alchemy Redone.esp","00073F2C","00073F2C","negative","4","16.000000","60","0.100000","1"
"torchbug_thorax","Torchbug Thorax","FireflyThorax","Skyrim.esm","LoreRim - Alchemy Tweaks.esp","0004DA73","0004DA73","restore_stamina","Restore Stamina","REQ_Alch_RestoreStamina","Skyrim.esm","Requiem - Alchemy Redone.esp","0003EB16","0003EB16","positive","1","1.000000","20","0.100000","1"
"torchbug_thorax","Torchbug Thorax","FireflyThorax","Skyrim.esm","LoreRim - Alchemy Tweaks.esp","0004DA73","0004DA73","lingering_damage_magicka","Lingering Damage Magicka","REQ_Alch_LingeringDamageMagicka","Skyrim.esm","LoreRim - Alchemy Tweaks.esp","0010DE5F","0010DE5F","negative","2","2.000000","15","0.100000","1"
"torchbug_thorax","Torchbug Thorax","FireflyThorax","Skyrim.esm","LoreRim - Alchemy Tweaks.esp","0004DA73","0004DA73","weakness_to_magic","Weakness to Magic","REQ_Alch_WeaknessMagic","Skyrim.esm","Requiem - Alchemy Redone.esp","00073F51","00073F51","negative","3","2.000000","30","0.100000","1"
"torchbug_thorax","Torchbug Thorax","FireflyThorax","Skyrim.esm","LoreRim - Alchemy Tweaks.esp","0004DA73","0004DA73","fortify_stamina","Fortify Stamina","REQ_Alch_FortifyStamina","Skyrim.esm","Requiem - Alchemy Redone.esp","0003EAF9","0003EAF9","positive","4","8.000000","300","0.100000","1"
"blisterwort","Blisterwort","Mushroom06","Skyrim.esm","LoreRim - Alchemy Tweaks.esp","0004DA25","0004DA25","damage_stamina","Damage Stamina","REQ_Alch_DamageStamina","Skyrim.esm","LoreRim - Alchemy Tweaks.esp","0003A2C6","0003A2C6","negative","1","16.000000","0","0.200000","12"
"blisterwort","Blisterwort","Mushroom06","Skyrim.esm","LoreRim - Alchemy Tweaks.esp","0004DA25","0004DA25","frenzy","Frenzy","REQ_Alch_Frenzy","Skyrim.esm","Requiem - Alchemy Redone.esp","00073F29","00073F29","negative","2","2.000000","15","0.200000","12"
"blisterwort","Blisterwort","Mushroom06","Skyrim.esm","LoreRim - Alchemy Tweaks.esp","0004DA25","0004DA25","restore_health","Restore Health","REQ_Alch_RestoreHealth","Skyrim.esm","Requiem - Alchemy Redone.esp","0003EB15","0003EB15","positive","3","0.500000","20","0.200000","12"
"blisterwort","Blisterwort","Mushroom06","Skyrim.esm","LoreRim - Alchemy Tweaks.esp","0004DA25","0004DA25","reflect_damage","Reflect Damage","REQ_Alch_FortifyReflect","Skyrim.esm","LoreRim - Alchemy Tweaks.esp","0003EB1D","0003EB1D","positive","4","1.000000","120","0.200000","12"
"namiras_rot","Namira's Rot","Mushroom05","Skyrim.esm","LoreRim - Alchemy Tweaks.esp","0004DA24","0004DA24","damage_magicka","Damage Magicka","REQ_Alch_DamageMagicka","Skyrim.esm","LoreRim - Alchemy Tweaks.esp","0003A2B6","0003A2B6","negative","1","16.000000","0","0.250000","12"
"namiras_rot","Namira's Rot","Mushroom05","Skyrim.esm","LoreRim - Alchemy Tweaks.esp","0004DA24","0004DA24","fortify_lockpicking","Fortify Lockpicking","REQ_Alch_FortifyLockpicking","Requiem.esp","Requiem - Alchemy Redone.esp","0A0BCC54","7F0BCC54","positive","2","0.400000","120","0.250000","12"
"namiras_rot","Namira's Rot","Mushroom05","Skyrim.esm","LoreRim - Alchemy Tweaks.esp","0004DA24","0004DA24","fear","Fear","REQ_Alch_Fear","Skyrim.esm","Requiem - Alchemy Redone.esp","00073F20","00073F20","negative","3","2.000000","15","0.250000","12"
"namiras_rot","Namira's Rot","Mushroom05","Skyrim.esm","LoreRim - Alchemy Tweaks.esp","0004DA24","0004DA24","fortify_health_regeneration","Fortify Health Regeneration","REQ_Alch_FortifyHealthRegeneration","Skyrim.esm","Requiem - Alchemy Redone.esp","0003EB06","0003EB06","positive","4","16.000000","300","0.250000","12"
"imp_stool","Imp Stool","Mushroom04","Skyrim.esm","LoreRim - Alchemy Tweaks.esp","0004DA23","0004DA23","damage_health","Damage Health","REQ_Alch_DamageHealth","Skyrim.esm","Requiem - Alchemy Redone.esp","0003EB42","0003EB42","negative","1","8.000000","0","0.300000","12"
"imp_stool","Imp Stool","Mushroom04","Skyrim.esm","LoreRim - Alchemy Tweaks.esp","0004DA23","0004DA23","lingering_damage_health","Lingering Damage Health","REQ_Alch_LingeringDamageHealth","Skyrim.esm","Requiem - Alchemy Redone.esp","0010AA4A","0010AA4A","negative","2","1.000000","15","0.300000","12"
"imp_stool","Imp Stool","Mushroom04","Skyrim.esm","LoreRim - Alchemy Tweaks.esp","0004DA23","0004DA23","slow","Slow","REQ_Alch_Slow","Skyrim.esm","Requiem - Alchemy Redone.esp","00073F25","00073F25","negative","3","50.000000","4","0.300000","12"
"imp_stool","Imp Stool","Mushroom04","Skyrim.esm","LoreRim - Alchemy Tweaks.esp","0004DA23","0004DA23","restore_health","Restore Health","REQ_Alch_RestoreHealth","Skyrim.esm","Requiem - Alchemy Redone.esp","0003EB15","0003EB15","positive","4","0.500000","20","0.300000","12"
"white_cap","White Cap","Mushroom03","Skyrim.esm","LoreRim - Alchemy Tweaks.esp","0004DA22","0004DA22","weakness_to_frost","Weakness to Frost","REQ_Alch_WeaknessFrost","Skyrim.esm","Requiem - Alchemy Redone.esp","00073F2E","00073F2E","negative","1","4.000000","30","0.300000","12"
"white_cap","White Cap","Mushroom03","Skyrim.esm","LoreRim - Alchemy Tweaks.esp","0004DA22","0004DA22","fortify_armor_rating","Fortify Armor Rating","REQ_Alch_FortifyArmorRating","Skyrim.esm","Requiem - Alchemy Redone.esp","0003EB1E","0003EB1E","positive","2","12.000000","120","0.300000","12"
"white_cap","White Cap","Mushroom03","Skyrim.esm","LoreRim - Alchemy Tweaks.esp","0004DA22","0004DA22","restore_magicka","Restore Magicka","REQ_Alch_RestoreMagicka","Skyrim.esm","Requiem - Alchemy Redone.esp","0003EB17","0003EB17","positive","3","1.000000","20","0.300000","12"
"white_cap","White Cap","Mushroom03","Skyrim.esm","LoreRim - Alchemy Tweaks.esp","0004DA22","0004DA22","damage_maximum_magicka","Damage Maximum Magicka","REQ_Alch_DamageMaximumMagicka","Skyrim.esm","Requiem - Alchemy Redone.esp","00073F27","00073F27","negative","4","16.000000","60","0.300000","12"
"bleeding_crown","Bleeding Crown","Mushroom02","Skyrim.esm","LoreRim - Alchemy Tweaks.esp","0004DA20","0004DA20","weakness_to_fire","Weakness to Fire","REQ_Alch_WeaknessFire","Skyrim.esm","Requiem - Alchemy Redone.esp","00073F2D","00073F2D","negative","1","4.000000","30","0.300000","10"
"bleeding_crown","Bleeding Crown","Mushroom02","Skyrim.esm","LoreRim - Alchemy Tweaks.esp","0004DA20","0004DA20","fortify_block","Fortify Block","REQ_Alch_FortifyBlock","Skyrim.esm","Requiem - Alchemy Redone.esp","0003EB1C","0003EB1C","positive","2","4.000000","120","0.300000","10"
"bleeding_crown","Bleeding Crown","Mushroom02","Skyrim.esm","LoreRim - Alchemy Tweaks.esp","0004DA20","0004DA20","weakness_to_poison","Weakness to Poison","REQ_Alch_WeaknessPoison","Skyrim.esm","Requiem - Alchemy Redone.esp","00090042","00090042","negative","3","6.000000","30","0.300000","10"
"bleeding_crown","Bleeding Crown","Mushroom02","Skyrim.esm","LoreRim - Alchemy Tweaks.esp","0004DA20","0004DA20","resist_magic","Resist Magic","REQ_Alch_ResistMagic","Skyrim.esm","Requiem - Alchemy Redone.esp","00039E51","00039E51","positive","4","2.000000","120","0.300000","10"
"fly_amanita","Fly Amanita","Mushroom01","Skyrim.esm","LoreRim - Alchemy Tweaks.esp","0004DA00","0004DA00","resist_fire","Resist Fire","REQ_Alch_ResistFire","Skyrim.esm","Requiem - Alchemy Redone.esp","0003EAEA","0003EAEA","positive","1","4.000000","120","0.100000","2"
"fly_amanita","Fly Amanita","Mushroom01","Skyrim.esm","LoreRim - Alchemy Tweaks.esp","0004DA00","0004DA00","fortify_two_handed","Fortify Two-Handed","REQ_Alch_FortifyDamage_TwoHanded","Skyrim.esm","Requiem - Alchemy Redone.esp","0003EB1A","0003EB1A","positive","2","4.000000","120","0.100000","2"
"fly_amanita","Fly Amanita","Mushroom01","Skyrim.esm","LoreRim - Alchemy Tweaks.esp","0004DA00","0004DA00","frenzy","Frenzy","REQ_Alch_Frenzy","Skyrim.esm","Requiem - Alchemy Redone.esp","00073F29","00073F29","negative","3","2.000000","15","0.100000","2"
"fly_amanita","Fly Amanita","Mushroom01","Skyrim.esm","LoreRim - Alchemy Tweaks.esp","0004DA00","0004DA00","fortify_stamina_regeneration","Fortify Stamina Regeneration","REQ_Alch_FortifyStaminaRegeneration","Skyrim.esm","Requiem - Alchemy Redone.esp","0003EB08","0003EB08","positive","4","16.000000","300","0.100000","2"
"wheat","Wheat","Wheat","Skyrim.esm","LoreRim - Alchemy Tweaks.esp","0004B0BA","0004B0BA","restore_health","Restore Health","REQ_Alch_RestoreHealth","Skyrim.esm","Requiem - Alchemy Redone.esp","0003EB15","0003EB15","positive","1","1.000000","20","0.200000","1"
"wheat","Wheat","Wheat","Skyrim.esm","LoreRim - Alchemy Tweaks.esp","0004B0BA","0004B0BA","fortify_health","Fortify Health","REQ_Alch_FortifyHealth","Skyrim.esm","Requiem - Alchemy Redone.esp","0003EAF3","0003EAF3","positive","2","8.000000","300","0.200000","1"
"wheat","Wheat","Wheat","Skyrim.esm","LoreRim - Alchemy Tweaks.esp","0004B0BA","0004B0BA","damage_stamina_regeneration","Damage Stamina Regeneration","REQ_Alch_DamageStaminaRegeneration","Skyrim.esm","Requiem - Alchemy Redone.esp","00073F2C","00073F2C","negative","3","16.000000","60","0.200000","1"
"wheat","Wheat","Wheat","Skyrim.esm","LoreRim - Alchemy Tweaks.esp","0004B0BA","0004B0BA","lingering_damage_magicka","Lingering Damage Magicka","REQ_Alch_LingeringDamageMagicka","Skyrim.esm","LoreRim - Alchemy Tweaks.esp","0010DE5F","0010DE5F","negative","4","2.000000","15","0.200000","1"
"lavender","Lavender","Lavender","Skyrim.esm","LoreRim - Alchemy Tweaks.esp","00045C28","00045C28","resist_magic","Resist Magic","REQ_Alch_ResistMagic","Skyrim.esm","Requiem - Alchemy Redone.esp","00039E51","00039E51","positive","1","2.000000","120","0.100000","5"
"lavender","Lavender","Lavender","Skyrim.esm","LoreRim - Alchemy Tweaks.esp","00045C28","00045C28","fortify_stamina","Fortify Stamina","REQ_Alch_FortifyStamina","Skyrim.esm","Requiem - Alchemy Redone.esp","0003EAF9","0003EAF9","positive","2","8.000000","300","0.100000","5"
"lavender","Lavender","Lavender","Skyrim.esm","LoreRim - Alchemy Tweaks.esp","00045C28","00045C28","damage_maximum_magicka","Damage Maximum Magicka","REQ_Alch_DamageMaximumMagicka","Skyrim.esm","Requiem - Alchemy Redone.esp","00073F27","00073F27","negative","3","16.000000","60","0.100000","5"
"lavender","Lavender","Lavender","Skyrim.esm","LoreRim - Alchemy Tweaks.esp","00045C28","00045C28","fortify_conjuration","Fortify Conjuration","REQ_Alch_FortifyConjuration","Skyrim.esm","Requiem - Alchemy Redone.esp","0003EB25","0003EB25","positive","4","4.000000","120","0.100000","5"
"tundra_cotton","Tundra Cotton","TundraCotton","Skyrim.esm","LoreRim - Alchemy Tweaks.esp","0003F7F8","0003F7F8","resist_magic","Resist Magic","REQ_Alch_ResistMagic","Skyrim.esm","Requiem - Alchemy Redone.esp","00039E51","00039E51","positive","1","2.000000","120","0.100000","1"
"tundra_cotton","Tundra Cotton","TundraCotton","Skyrim.esm","LoreRim - Alchemy Tweaks.esp","0003F7F8","0003F7F8","fortify_magicka","Fortify Magicka","REQ_Alch_FortifyMagicka","Skyrim.esm","Requiem - Alchemy Redone.esp","0003EAF8","0003EAF8","positive","2","8.000000","300","0.100000","1"
"tundra_cotton","Tundra Cotton","TundraCotton","Skyrim.esm","LoreRim - Alchemy Tweaks.esp","0003F7F8","0003F7F8","fortify_block","Fortify Block","REQ_Alch_FortifyBlock","Skyrim.esm","Requiem - Alchemy Redone.esp","0003EB1C","0003EB1C","positive","3","4.000000","120","0.100000","1"
"tundra_cotton","Tundra Cotton","TundraCotton","Skyrim.esm","LoreRim - Alchemy Tweaks.esp","0003F7F8","0003F7F8","fortify_barter","Fortify Barter","REQ_Alch_FortifyBarter","Skyrim.esm","Requiem - Alchemy Redone.esp","0003EB23","0003EB23","positive","4","2.000000","120","0.100000","1"
"vampire_dust","Vampire Dust","vampireDust","Skyrim.esm","LoreRim - Alchemy Tweaks.esp","0003AD76","0003AD76","sanguinare_vampiris","Sanguinare Vampiris","REQ_VampireDustInducer","Requiem.esp","LoreRim - Alchemy Tweaks.esp","0A4F6D1D","7F4F6D1D","positive","1","20.000000","4","0.200000","250"
"vampire_dust","Vampire Dust","vampireDust","Skyrim.esm","LoreRim - Alchemy Tweaks.esp","0003AD76","0003AD76","restore_magicka","Restore Magicka","REQ_Alch_RestoreMagicka","Skyrim.esm","Requiem - Alchemy Redone.esp","0003EB17","0003EB17","positive","2","2.000000","20","0.200000","250"
"vampire_dust","Vampire Dust","vampireDust","Skyrim.esm","LoreRim - Alchemy Tweaks.esp","0003AD76","0003AD76","invisibility","Invisibility","REQ_Alch_Invisibillity","Skyrim.esm","Requiem - Alchemy Redone.esp","0003EB3D","0003EB3D","positive","3","0.000000","8","0.200000","250"
"vampire_dust","Vampire Dust","vampireDust","Skyrim.esm","LoreRim - Alchemy Tweaks.esp","0003AD76","0003AD76","cure_disease","Cure Disease","REQ_Alch_CureDisease","Skyrim.esm","Requiem - Alchemy Redone.esp","000AE722","000AE722","positive","4","5.000000","0","0.200000","250"
"glow_dust","Glow Dust","glowDust","Skyrim.esm","LoreRim - Alchemy Tweaks.esp","0003AD73","0003AD73","damage_magicka","Damage Magicka","REQ_Alch_DamageMagicka","Skyrim.esm","LoreRim - Alchemy Tweaks.esp","0003A2B6","0003A2B6","negative","1","16.000000","0","0.400000","20"
"glow_dust","Glow Dust","glowDust","Skyrim.esm","LoreRim - Alchemy Tweaks.esp","0003AD73","0003AD73","silence","Silence","REQ_Alch_Silence","Requiem - Alchemy Redone.esp","Requiem - Alchemy Redone.esp","07000815","FE62D815","positive","2","0.000000","2","0.400000","20"
"glow_dust","Glow Dust","glowDust","Skyrim.esm","LoreRim - Alchemy Tweaks.esp","0003AD73","0003AD73","fortify_destruction","Fortify Destruction","REQ_Alch_FortifyDestruction","Skyrim.esm","Requiem - Alchemy Redone.esp","0003EB26","0003EB26","positive","3","4.000000","120","0.400000","20"
"glow_dust","Glow Dust","glowDust","Skyrim.esm","LoreRim - Alchemy Tweaks.esp","0003AD73","0003AD73","resist_shock","Resist Shock","REQ_Alch_ResistShock","Skyrim.esm","Requiem - Alchemy Redone.esp","0003EAEC","0003EAEC","positive","4","4.000000","120","0.400000","20"
"troll_fat","Troll Fat","TrollFat","Skyrim.esm","LoreRim - Alchemy Tweaks.esp","0003AD72","0003AD72","resist_poison","Resist Poison","REQ_Alch_ResistPoison","Skyrim.esm","Requiem - Alchemy Redone.esp","00090041","00090041","positive","1","6.000000","120","0.400000","25"
"troll_fat","Troll Fat","TrollFat","Skyrim.esm","LoreRim - Alchemy Tweaks.esp","0003AD72","0003AD72","fortify_two_handed","Fortify Two-Handed","REQ_Alch_FortifyDamage_TwoHanded","Skyrim.esm","Requiem - Alchemy Redone.esp","0003EB1A","0003EB1A","positive","2","4.000000","120","0.400000","25"
"troll_fat","Troll Fat","TrollFat","Skyrim.esm","LoreRim - Alchemy Tweaks.esp","0003AD72","0003AD72","frenzy","Frenzy","REQ_Alch_Frenzy","Skyrim.esm","Requiem - Alchemy Redone.esp","00073F29","00073F29","negative","3","2.000000","15","0.400000","25"
"troll_fat","Troll Fat","TrollFat","Skyrim.esm","LoreRim - Alchemy Tweaks.esp","0003AD72","0003AD72","damage_health","Damage Health","REQ_Alch_DamageHealth","Skyrim.esm","Requiem - Alchemy Redone.esp","0003EB42","0003EB42","negative","4","8.000000","0","0.400000","25"
"taproot","Taproot","Taproot","Skyrim.esm","LoreRim - Alchemy Tweaks.esp","0003AD71","0003AD71","weakness_to_magic","Weakness to Magic","REQ_Alch_WeaknessMagic","Skyrim.esm","Requiem - Alchemy Redone.esp","00073F51","00073F51","negative","1","2.000000","30","0.400000","15"
"taproot","Taproot","Taproot","Skyrim.esm","LoreRim - Alchemy Tweaks.esp","0003AD71","0003AD71","fortify_illusion","Fortify Illusion","REQ_Alch_FortifyIllusion","Skyrim.esm","Requiem - Alchemy Redone.esp","0003EB27","0003EB27","positive","2","4.000000","120","0.400000","15"
"taproot","Taproot","Taproot","Skyrim.esm","LoreRim - Alchemy Tweaks.esp","0003AD71","0003AD71","fortify_magicka_regeneration","Fortify Magicka Regeneration","REQ_Alch_FortifyMagickaRegeneration","Skyrim.esm","Requiem - Alchemy Redone.esp","0003EB07","0003EB07","positive","3","16.000000","300","0.400000","15"
"taproot","Taproot","Taproot","Skyrim.esm","LoreRim - Alchemy Tweaks.esp","0003AD71","0003AD71","restore_magicka","Restore Magicka","REQ_Alch_RestoreMagicka","Skyrim.esm","Requiem - Alchemy Redone.esp","0003EB17","0003EB17","positive","4","1.000000","20","0.400000","15"
"slaughterfish_scales","Slaughterfish Scales","SlaughterfishScales","Skyrim.esm","LoreRim - Alchemy Tweaks.esp","0003AD70","0003AD70","resist_frost","Resist Frost","REQ_Alch_ResistFrost","Skyrim.esm","Requiem - Alchemy Redone.esp","0003EAEB","0003EAEB","positive","1","4.000000","120","0.100000","3"
"slaughterfish_scales","Slaughterfish Scales","SlaughterfishScales","Skyrim.esm","LoreRim - Alchemy Tweaks.esp","0003AD70","0003AD70","lingering_damage_health","Lingering Damage Health","REQ_Alch_LingeringDamageHealth","Skyrim.esm","Requiem - Alchemy Redone.esp","0010AA4A","0010AA4A","negative","2","1.000000","15","0.100000","3"
"slaughterfish_scales","Slaughterfish Scales","SlaughterfishScales","Skyrim.esm","LoreRim - Alchemy Tweaks.esp","0003AD70","0003AD70","fortify_armor_rating","Fortify Armor Rating","REQ_Alch_FortifyArmorRating","Skyrim.esm","Requiem - Alchemy Redone.esp","0003EB1E","0003EB1E","positive","3","12.000000","120","0.100000","3"
"slaughterfish_scales","Slaughterfish Scales","SlaughterfishScales","Skyrim.esm","LoreRim - Alchemy Tweaks.esp","0003AD70","0003AD70","fortify_block","Fortify Block","REQ_Alch_FortifyBlock","Skyrim.esm","Requiem - Alchemy Redone.esp","0003EB1C","0003EB1C","positive","4","4.000000","120","0.100000","3"
"skeever_tail","Skeever Tail","SkeeverTail","Skyrim.esm","LoreRim - Alchemy Tweaks.esp","0003AD6F","0003AD6F","damage_strength","Damage Strength","REQ_Alch_DamageStrength","Requiem - Alchemy Redone.esp","Requiem - Alchemy Redone.esp","07000816","FE62D816","negative","1","4.000000","30","0.200000","3"
"skeever_tail","Skeever Tail","SkeeverTail","Skyrim.esm","LoreRim - Alchemy Tweaks.esp","0003AD6F","0003AD6F","damage_maximum_health","Damage Maximum Health","REQ_Alch_DamageMaximumHealth","Skyrim.esm","Requiem - Alchemy Redone.esp","00073F26","00073F26","negative","2","8.000000","60","0.200000","3"
"skeever_tail","Skeever Tail","SkeeverTail","Skyrim.esm","LoreRim - Alchemy Tweaks.esp","0003AD6F","0003AD6F","damage_health","Damage Health","REQ_Alch_DamageHealth","Skyrim.esm","Requiem - Alchemy Redone.esp","0003EB42","0003EB42","negative","3","8.000000","0","0.200000","3"
"skeever_tail","Skeever Tail","SkeeverTail","Skyrim.esm","LoreRim - Alchemy Tweaks.esp","0003AD6F","0003AD6F","fortify_speed","Fortify Speed","REQ_Alch_FortifySpeed","Skyrim.esm","Requiem - Alchemy Redone.esp","0003EB1F","0003EB1F","positive","4","1.000000","120","0.200000","3"
"ice_wraith_teeth","Ice Wraith Teeth","IceWraithTeeth","Skyrim.esm","LoreRim - Alchemy Tweaks.esp","0003AD6A","0003AD6A","weakness_to_frost","Weakness to Frost","REQ_Alch_WeaknessFrost","Skyrim.esm","Requiem - Alchemy Redone.esp","00073F2E","00073F2E","negative","1","4.000000","30","0.250000","30"
"ice_wraith_teeth","Ice Wraith Teeth","IceWraithTeeth","Skyrim.esm","LoreRim - Alchemy Tweaks.esp","0003AD6A","0003AD6A","fortify_armor_rating","Fortify Armor Rating","REQ_Alch_FortifyArmorRating","Skyrim.esm","Requiem - Alchemy Redone.esp","0003EB1E","0003EB1E","positive","2","12.000000","120","0.250000","30"
"ice_wraith_teeth","Ice Wraith Teeth","IceWraithTeeth","Skyrim.esm","LoreRim - Alchemy Tweaks.esp","0003AD6A","0003AD6A","invisibility","Invisibility","REQ_Alch_Invisibillity","Skyrim.esm","Requiem - Alchemy Redone.esp","0003EB3D","0003EB3D","positive","3","0.000000","4","0.250000","30"
"ice_wraith_teeth","Ice Wraith Teeth","IceWraithTeeth","Skyrim.esm","LoreRim - Alchemy Tweaks.esp","0003AD6A","0003AD6A","weakness_to_fire","Weakness to Fire","REQ_Alch_WeaknessFire","Skyrim.esm","Requiem - Alchemy Redone.esp","00073F2D","00073F2D","negative","4","4.000000","30","0.250000","30"
"hagraven_feathers","Hagraven Feathers","HagravenFeathers","Skyrim.esm","LoreRim - Alchemy Tweaks.esp","0003AD66","0003AD66","damage_magicka","Damage Magicka","REQ_Alch_DamageMagicka","Skyrim.esm","LoreRim - Alchemy Tweaks.esp","0003A2B6","0003A2B6","negative","1","16.000000","0","0.100000","20"
"hagraven_feathers","Hagraven Feathers","HagravenFeathers","Skyrim.esm","LoreRim - Alchemy Tweaks.esp","0003AD66","0003AD66","fortify_conjuration","Fortify Conjuration","REQ_Alch_FortifyConjuration","Skyrim.esm","Requiem - Alchemy Redone.esp","0003EB25","0003EB25","positive","2","4.000000","120","0.100000","20"
"hagraven_feathers","Hagraven Feathers","HagravenFeathers","Skyrim.esm","LoreRim - Alchemy Tweaks.esp","0003AD66","0003AD66","frenzy","Frenzy","REQ_Alch_Frenzy","Skyrim.esm","Requiem - Alchemy Redone.esp","00073F29","00073F29","negative","3","2.000000","15","0.100000","20"
"hagraven_feathers","Hagraven Feathers","HagravenFeathers","Skyrim.esm","LoreRim - Alchemy Tweaks.esp","0003AD66","0003AD66","weakness_to_shock","Weakness to Shock","REQ_Alch_WeaknessShock","Skyrim.esm","Requiem - Alchemy Redone.esp","00073F2F","00073F2F","negative","4","4.000000","30","0.100000","20"
"giants_toe","Giant's Toe","GiantToes","Skyrim.esm","LoreRim - Alchemy Tweaks.esp","0003AD64","0003AD64","damage_stamina","Damage Stamina","REQ_Alch_DamageStamina","Skyrim.esm","LoreRim - Alchemy Tweaks.esp","0003A2C6","0003A2C6","negative","1","16.000000","0","0.400000","20"
"giants_toe","Giant's Toe","GiantToes","Skyrim.esm","LoreRim - Alchemy Tweaks.esp","0003AD64","0003AD64","fortify_health","Fortify Health","REQ_Alch_FortifyHealth","Skyrim.esm","Requiem - Alchemy Redone.esp","0003EAF3","0003EAF3","positive","2","12.000000","300","0.400000","20"
"giants_toe","Giant's Toe","GiantToes","Skyrim.esm","LoreRim - Alchemy Tweaks.esp","0003AD64","0003AD64","fortify_carry_weight","Fortify Carry Weight","REQ_Alch_FortifyCarryWeight","Skyrim.esm","Requiem - Alchemy Redone.esp","0003EB01","0003EB01","positive","3","4.000000","600","0.400000","20"
"giants_toe","Giant's Toe","GiantToes","Skyrim.esm","LoreRim - Alchemy Tweaks.esp","0003AD64","0003AD64","damage_strength","Damage Strength","REQ_Alch_DamageStrength","Requiem - Alchemy Redone.esp","Requiem - Alchemy Redone.esp","07000816","FE62D816","negative","4","4.000000","30","0.400000","20"
"ectoplasm","Ectoplasm","Ectoplasm","Skyrim.esm","LoreRim - Alchemy Tweaks.esp","0003AD63","0003AD63","restore_magicka","Restore Magicka","REQ_Alch_RestoreMagicka","Skyrim.esm","Requiem - Alchemy Redone.esp","0003EB17","0003EB17","positive","1","1.000000","20","0.100000","25"
"ectoplasm","Ectoplasm","Ectoplasm","Skyrim.esm","LoreRim - Alchemy Tweaks.esp","0003AD63","0003AD63","fortify_destruction","Fortify Destruction","REQ_Alch_FortifyDestruction","Skyrim.esm","Requiem - Alchemy Redone.esp","0003EB26","0003EB26","positive","2","4.000000","120","0.100000","25"
"ectoplasm","Ectoplasm","Ectoplasm","Skyrim.esm","LoreRim - Alchemy Tweaks.esp","0003AD63","0003AD63","fortify_magicka","Fortify Magicka","REQ_Alch_FortifyMagicka","Skyrim.esm","Requiem - Alchemy Redone.esp","0003EAF8","0003EAF8","positive","3","8.000000","300","0.100000","25"
"ectoplasm","Ectoplasm","Ectoplasm","Skyrim.esm","LoreRim - Alchemy Tweaks.esp","0003AD63","0003AD63","damage_health","Damage Health","REQ_Alch_DamageHealth","Skyrim.esm","Requiem - Alchemy Redone.esp","0003EB42","0003EB42","negative","4","8.000000","0","0.100000","25"
"briar_heart","Briar Heart","BriarHeart","Skyrim.esm","LoreRim - Alchemy Tweaks.esp","0003AD61","0003AD61","restore_magicka","Restore Magicka","REQ_Alch_RestoreMagicka","Skyrim.esm","Requiem - Alchemy Redone.esp","0003EB17","0003EB17","positive","1","1.000000","20","0.400000","100"
"briar_heart","Briar Heart","BriarHeart","Skyrim.esm","LoreRim - Alchemy Tweaks.esp","0003AD61","0003AD61","fortify_block","Fortify Block","REQ_Alch_FortifyBlock","Skyrim.esm","Requiem - Alchemy Redone.esp","0003EB1C","0003EB1C","positive","2","4.000000","120","0.400000","100"
"briar_heart","Briar Heart","BriarHeart","Skyrim.esm","LoreRim - Alchemy Tweaks.esp","0003AD61","0003AD61","paralysis","Paralysis","REQ_Alch_Paralysis","Skyrim.esm","Big Tweaks.esp","00073F30","00073F30","negative","3","0.000000","2","0.400000","100"
"briar_heart","Briar Heart","BriarHeart","Skyrim.esm","LoreRim - Alchemy Tweaks.esp","0003AD61","0003AD61","fortify_magicka","Fortify Magicka","REQ_Alch_FortifyMagicka","Skyrim.esm","Requiem - Alchemy Redone.esp","0003EAF8","0003EAF8","positive","4","16.000000","300","0.400000","100"
"void_salts","Void Salts","VoidSalts","Skyrim.esm","LoreRim - Alchemy Tweaks.esp","0003AD60","0003AD60","weakness_to_shock","Weakness to Shock","REQ_Alch_WeaknessShock","Skyrim.esm","Requiem - Alchemy Redone.esp","00073F2F","00073F2F","negative","1","8.000000","30","0.200000","500"
"void_salts","Void Salts","VoidSalts","Skyrim.esm","LoreRim - Alchemy Tweaks.esp","0003AD60","0003AD60","resist_magic","Resist Magic","REQ_Alch_ResistMagic","Skyrim.esm","Requiem - Alchemy Redone.esp","00039E51","00039E51","positive","2","4.000000","120","0.200000","500"
"void_salts","Void Salts","VoidSalts","Skyrim.esm","LoreRim - Alchemy Tweaks.esp","0003AD60","0003AD60","damage_health","Damage Health","REQ_Alch_DamageHealth","Skyrim.esm","Requiem - Alchemy Redone.esp","0003EB42","0003EB42","negative","3","8.000000","0","0.200000","500"
"void_salts","Void Salts","VoidSalts","Skyrim.esm","LoreRim - Alchemy Tweaks.esp","0003AD60","0003AD60","fortify_magicka","Fortify Magicka","REQ_Alch_FortifyMagicka","Skyrim.esm","Requiem - Alchemy Redone.esp","0003EAF8","0003EAF8","positive","4","16.000000","300","0.200000","500"
"frost_salts","Frost Salts","FrostSalts","Skyrim.esm","LoreRim - Alchemy Tweaks.esp","0003AD5F","0003AD5F","weakness_to_fire","Weakness to Fire","REQ_Alch_WeaknessFire","Skyrim.esm","Requiem - Alchemy Redone.esp","00073F2D","00073F2D","negative","1","8.000000","30","0.250000","400"
"frost_salts","Frost Salts","FrostSalts","Skyrim.esm","LoreRim - Alchemy Tweaks.esp","0003AD5F","0003AD5F","resist_frost","Resist Frost","REQ_Alch_ResistFrost","Skyrim.esm","Requiem - Alchemy Redone.esp","0003EAEB","0003EAEB","positive","2","8.000000","120","0.250000","400"
"frost_salts","Frost Salts","FrostSalts","Skyrim.esm","LoreRim - Alchemy Tweaks.esp","0003AD5F","0003AD5F","restore_magicka","Restore Magicka","REQ_Alch_RestoreMagicka","Skyrim.esm","Requiem - Alchemy Redone.esp","0003EB17","0003EB17","positive","3","2.000000","20","0.250000","400"
"frost_salts","Frost Salts","FrostSalts","Skyrim.esm","LoreRim - Alchemy Tweaks.esp","0003AD5F","0003AD5F","fortify_conjuration","Fortify Conjuration","REQ_Alch_FortifyConjuration","Skyrim.esm","Requiem - Alchemy Redone.esp","0003EB25","0003EB25","positive","4","4.000000","120","0.250000","400"
"fire_salts","Fire Salts","FireSalts","Skyrim.esm","LoreRim - Alchemy Tweaks.esp","0003AD5E","0003AD5E","weakness_to_frost","Weakness to Frost","REQ_Alch_WeaknessFrost","Skyrim.esm","Requiem - Alchemy Redone.esp","00073F2E","00073F2E","negative","1","8.000000","30","0.250000","250"
"fire_salts","Fire Salts","FireSalts","Skyrim.esm","LoreRim - Alchemy Tweaks.esp","0003AD5E","0003AD5E","resist_fire","Resist Fire","REQ_Alch_ResistFire","Skyrim.esm","Requiem - Alchemy Redone.esp","0003EAEA","0003EAEA","positive","2","8.000000","120","0.250000","250"
"fire_salts","Fire Salts","FireSalts","Skyrim.esm","LoreRim - Alchemy Tweaks.esp","0003AD5E","0003AD5E","restore_magicka","Restore Magicka","REQ_Alch_RestoreMagicka","Skyrim.esm","Requiem - Alchemy Redone.esp","0003EB17","0003EB17","positive","3","2.000000","20","0.250000","250"
"fire_salts","Fire Salts","FireSalts","Skyrim.esm","LoreRim - Alchemy Tweaks.esp","0003AD5E","0003AD5E","fortify_magicka_regeneration","Fortify Magicka Regeneration","REQ_Alch_FortifyMagickaRegeneration","Skyrim.esm","Requiem - Alchemy Redone.esp","0003EB07","0003EB07","positive","4","16.000000","300","0.250000","250"
"falmer_ear","Falmer Ear","FalmerEar","Skyrim.esm","LoreRim - Alchemy Tweaks.esp","0003AD5D","0003AD5D","damage_health","Damage Health","REQ_Alch_DamageHealth","Skyrim.esm","Requiem - Alchemy Redone.esp","0003EB42","0003EB42","negative","1","8.000000","0","0.200000","10"
"falmer_ear","Falmer Ear","FalmerEar","Skyrim.esm","LoreRim - Alchemy Tweaks.esp","0003AD5D","0003AD5D","frenzy","Frenzy","REQ_Alch_Frenzy","Skyrim.esm","Requiem - Alchemy Redone.esp","00073F29","00073F29","negative","2","2.000000","15","0.200000","10"
"falmer_ear","Falmer Ear","FalmerEar","Skyrim.esm","LoreRim - Alchemy Tweaks.esp","0003AD5D","0003AD5D","resist_poison","Resist Poison","REQ_Alch_ResistPoison","Skyrim.esm","Requiem - Alchemy Redone.esp","00090041","00090041","positive","3","6.000000","120","0.200000","10"
"falmer_ear","Falmer Ear","FalmerEar","Skyrim.esm","LoreRim - Alchemy Tweaks.esp","0003AD5D","0003AD5D","fortify_lockpicking","Fortify Lockpicking","REQ_Alch_FortifyLockpicking","Requiem.esp","Requiem - Alchemy Redone.esp","0A0BCC54","7F0BCC54","positive","4","0.400000","120","0.200000","10"
"daedra_heart","Daedra Heart","DaedraHeart","Skyrim.esm","LoreRim - Alchemy Tweaks.esp","0003AD5B","0003AD5B","lingering_damage_health","Lingering Damage Health","REQ_Alch_LingeringDamageHealth","Skyrim.esm","Requiem - Alchemy Redone.esp","0010AA4A","0010AA4A","negative","1","2.000000","30","0.400000","1500"
"daedra_heart","Daedra Heart","DaedraHeart","Skyrim.esm","LoreRim - Alchemy Tweaks.esp","0003AD5B","0003AD5B","restore_magicka","Restore Magicka","REQ_Alch_RestoreMagicka","Skyrim.esm","Requiem - Alchemy Redone.esp","0003EB17","0003EB17","positive","2","4.000000","20","0.400000","1500"
"daedra_heart","Daedra Heart","DaedraHeart","Skyrim.esm","LoreRim - Alchemy Tweaks.esp","0003AD5B","0003AD5B","restore_stamina","Restore Stamina","REQ_Alch_RestoreStamina","Skyrim.esm","Requiem - Alchemy Redone.esp","0003EB16","0003EB16","positive","3","4.000000","20","0.400000","1500"
"daedra_heart","Daedra Heart","DaedraHeart","Skyrim.esm","LoreRim - Alchemy Tweaks.esp","0003AD5B","0003AD5B","restore_health","Restore Health","REQ_Alch_RestoreHealth","Skyrim.esm","Requiem - Alchemy Redone.esp","0003EB15","0003EB15","positive","4","4.000000","20","0.400000","1500"
"chaurus_eggs","Chaurus Eggs","ChaurusEggs","Skyrim.esm","LoreRim - Alchemy Tweaks.esp","0003AD56","0003AD56","weakness_to_poison","Weakness to Poison","REQ_Alch_WeaknessPoison","Skyrim.esm","Requiem - Alchemy Redone.esp","00090042","00090042","negative","1","6.000000","30","0.200000","10"
"chaurus_eggs","Chaurus Eggs","ChaurusEggs","Skyrim.esm","LoreRim - Alchemy Tweaks.esp","0003AD56","0003AD56","fortify_stamina","Fortify Stamina","REQ_Alch_FortifyStamina","Skyrim.esm","Requiem - Alchemy Redone.esp","0003EAF9","0003EAF9","positive","2","8.000000","300","0.200000","10"
"chaurus_eggs","Chaurus Eggs","ChaurusEggs","Skyrim.esm","LoreRim - Alchemy Tweaks.esp","0003AD56","0003AD56","damage_magicka","Damage Magicka","REQ_Alch_DamageMagicka","Skyrim.esm","LoreRim - Alchemy Tweaks.esp","0003A2B6","0003A2B6","negative","3","16.000000","0","0.200000","10"
"chaurus_eggs","Chaurus Eggs","ChaurusEggs","Skyrim.esm","LoreRim - Alchemy Tweaks.esp","0003AD56","0003AD56","invisibility","Invisibility","REQ_Alch_Invisibillity","Skyrim.esm","Requiem - Alchemy Redone.esp","0003EB3D","0003EB3D","positive","4","0.000000","4","0.200000","10"
"frost_mirriam","Frost Mirriam","FrostMirriam","Skyrim.esm","LoreRim - Alchemy Tweaks.esp","00034D32","00034D32","resist_frost","Resist Frost","REQ_Alch_ResistFrost","Skyrim.esm","Requiem - Alchemy Redone.esp","0003EAEB","0003EAEB","positive","1","4.000000","120","0.100000","1"
"frost_mirriam","Frost Mirriam","FrostMirriam","Skyrim.esm","LoreRim - Alchemy Tweaks.esp","00034D32","00034D32","fortify_sneak","Fortify Sneak","REQ_Alch_FortifySneak","Skyrim.esm","Requiem - Alchemy Redone.esp","0003EB22","0003EB22","positive","2","4.000000","120","0.100000","1"
"frost_mirriam","Frost Mirriam","FrostMirriam","Skyrim.esm","LoreRim - Alchemy Tweaks.esp","00034D32","00034D32","damage_maximum_magicka","Damage Maximum Magicka","REQ_Alch_DamageMaximumMagicka","Skyrim.esm","Requiem - Alchemy Redone.esp","00073F27","00073F27","negative","3","16.000000","60","0.100000","1"
"frost_mirriam","Frost Mirriam","FrostMirriam","Skyrim.esm","LoreRim - Alchemy Tweaks.esp","00034D32","00034D32","damage_stamina_regeneration","Damage Stamina Regeneration","REQ_Alch_DamageStaminaRegeneration","Skyrim.esm","Requiem - Alchemy Redone.esp","00073F2C","00073F2C","negative","4","16.000000","60","0.100000","1"
"elves_ear","Elves Ear","ElvesEar","Skyrim.esm","LoreRim - Alchemy Tweaks.esp","00034D31","00034D31","restore_magicka","Restore Magicka","REQ_Alch_RestoreMagicka","Skyrim.esm","Requiem - Alchemy Redone.esp","0003EB17","0003EB17","positive","1","1.000000","20","0.100000","10"
"elves_ear","Elves Ear","ElvesEar","Skyrim.esm","LoreRim - Alchemy Tweaks.esp","00034D31","00034D31","fortify_marksman","Fortify Marksman","REQ_Alch_FortifyDamage_Marksman","Skyrim.esm","Requiem - Alchemy Redone.esp","0003EB1B","0003EB1B","positive","2","4.000000","120","0.100000","10"
"elves_ear","Elves Ear","ElvesEar","Skyrim.esm","LoreRim - Alchemy Tweaks.esp","00034D31","00034D31","weakness_to_frost","Weakness to Frost","REQ_Alch_WeaknessFrost","Skyrim.esm","Requiem - Alchemy Redone.esp","00073F2E","00073F2E","negative","3","4.000000","30","0.100000","10"
"elves_ear","Elves Ear","ElvesEar","Skyrim.esm","LoreRim - Alchemy Tweaks.esp","00034D31","00034D31","resist_fire","Resist Fire","REQ_Alch_ResistFire","Skyrim.esm","Requiem - Alchemy Redone.esp","0003EAEA","0003EAEA","positive","4","4.000000","120","0.100000","10"
"garlic","Garlic","Garlic","Skyrim.esm","LoreRim - Alchemy Tweaks.esp","00034D22","00034D22","resist_poison","Resist Poison","REQ_Alch_ResistPoison","Skyrim.esm","Requiem - Alchemy Redone.esp","00090041","00090041","positive","1","6.000000","120","0.250000","10"
"garlic","Garlic","Garlic","Skyrim.esm","LoreRim - Alchemy Tweaks.esp","00034D22","00034D22","fortify_stamina","Fortify Stamina","REQ_Alch_FortifyStamina","Skyrim.esm","Requiem - Alchemy Redone.esp","0003EAF9","0003EAF9","positive","2","8.000000","300","0.250000","10"
"garlic","Garlic","Garlic","Skyrim.esm","LoreRim - Alchemy Tweaks.esp","00034D22","00034D22","fortify_magicka_regeneration","Fortify Magicka Regeneration","REQ_Alch_FortifyMagickaRegeneration","Skyrim.esm","Requiem - Alchemy Redone.esp","0003EB07","0003EB07","positive","3","16.000000","300","0.250000","10"
"garlic","Garlic","Garlic","Skyrim.esm","LoreRim - Alchemy Tweaks.esp","00034D22","00034D22","fortify_health_regeneration","Fortify Health Regeneration","REQ_Alch_FortifyHealthRegeneration","Skyrim.esm","Requiem - Alchemy Redone.esp","0003EB06","0003EB06","positive","4","16.000000","300","0.250000","10"
"dash_of_salt","Dash of Salt","SaltPile","Skyrim.esm","LoreRim - Alchemy Tweaks.esp","00034CDF","00034CDF","weakness_to_magic","Weakness to Magic","REQ_Alch_WeaknessMagic","Skyrim.esm","Requiem - Alchemy Redone.esp","00073F51","00073F51","negative","1","1.000000","30","0.050000","1"
"dash_of_salt","Dash of Salt","SaltPile","Skyrim.esm","LoreRim - Alchemy Tweaks.esp","00034CDF","00034CDF","fortify_restoration","Fortify Restoration","REQ_Alch_FortifyRestoration","Skyrim.esm","Requiem - Alchemy Redone.esp","0003EB28","0003EB28","positive","2","0.500000","120","0.050000","1"
"dash_of_salt","Dash of Salt","SaltPile","Skyrim.esm","LoreRim - Alchemy Tweaks.esp","00034CDF","00034CDF","slow","Slow","REQ_Alch_Slow","Skyrim.esm","Requiem - Alchemy Redone.esp","00073F25","00073F25","negative","3","50.000000","2","0.050000","1"
"dash_of_salt","Dash of Salt","SaltPile","Skyrim.esm","LoreRim - Alchemy Tweaks.esp","00034CDF","00034CDF","fortify_magicka_regeneration","Fortify Magicka Regeneration","REQ_Alch_FortifyMagickaRegeneration","Skyrim.esm","Requiem - Alchemy Redone.esp","0003EB07","0003EB07","positive","4","8.000000","300","0.050000","1"
"bone_meal","Bone Meal","BoneMeal","Skyrim.esm","LoreRim - Alchemy Tweaks.esp","00034CDD","00034CDD","damage_stamina","Damage Stamina","REQ_Alch_DamageStamina","Skyrim.esm","LoreRim - Alchemy Tweaks.esp","0003A2C6","0003A2C6","negative","1","16.000000","0","0.250000","5"
"bone_meal","Bone Meal","BoneMeal","Skyrim.esm","LoreRim - Alchemy Tweaks.esp","00034CDD","00034CDD","resist_fire","Resist Fire","REQ_Alch_ResistFire","Skyrim.esm","Requiem - Alchemy Redone.esp","0003EAEA","0003EAEA","positive","2","4.000000","120","0.250000","5"
"bone_meal","Bone Meal","BoneMeal","Skyrim.esm","LoreRim - Alchemy Tweaks.esp","00034CDD","00034CDD","fortify_conjuration","Fortify Conjuration","REQ_Alch_FortifyConjuration","Skyrim.esm","Requiem - Alchemy Redone.esp","0003EB25","0003EB25","positive","3","4.000000","120","0.250000","5"
"bone_meal","Bone Meal","BoneMeal","Skyrim.esm","LoreRim - Alchemy Tweaks.esp","00034CDD","00034CDD","damage_maximum_stamina","Damage Maximum Stamina","REQ_Alch_DamageMaximumStamina","Skyrim.esm","Requiem - Alchemy Redone.esp","00073F23","00073F23","negative","4","16.000000","60","0.250000","5"
"nightshade","Nightshade","Nightshade","Skyrim.esm","LoreRim - Alchemy Tweaks.esp","0002F44C","0002F44C","damage_health","Damage Health","REQ_Alch_DamageHealth","Skyrim.esm","Requiem - Alchemy Redone.esp","0003EB42","0003EB42","negative","1","8.000000","0","0.100000","8"
"nightshade","Nightshade","Nightshade","Skyrim.esm","LoreRim - Alchemy Tweaks.esp","0002F44C","0002F44C","damage_magicka_regeneration","Damage Magicka Regeneration","REQ_Alch_DamageMagickaRegeneration","Skyrim.esm","Requiem - Alchemy Redone.esp","00073F2B","00073F2B","negative","2","16.000000","60","0.100000","8"
"nightshade","Nightshade","Nightshade","Skyrim.esm","LoreRim - Alchemy Tweaks.esp","0002F44C","0002F44C","lingering_damage_stamina","Lingering Damage Stamina","REQ_Alch_LingeringDamageStamina","Skyrim.esm","LoreRim - Alchemy Tweaks.esp","0010DE5E","0010DE5E","negative","3","2.000000","15","0.100000","8"
"nightshade","Nightshade","Nightshade","Skyrim.esm","LoreRim - Alchemy Tweaks.esp","0002F44C","0002F44C","fortify_destruction","Fortify Destruction","REQ_Alch_FortifyDestruction","Skyrim.esm","Requiem - Alchemy Redone.esp","0003EB26","0003EB26","positive","4","2.000000","120","0.100000","8"
"chickens_egg","Chicken's Egg","BirdEgg03","Skyrim.esm","LoreRim - Alchemy Tweaks.esp","00023D77","00023D77","resist_magic","Resist Magic","REQ_Alch_ResistMagic","Skyrim.esm","Requiem - Alchemy Redone.esp","00039E51","00039E51","positive","1","2.000000","120","0.125000","2"
"chickens_egg","Chicken's Egg","BirdEgg03","Skyrim.esm","LoreRim - Alchemy Tweaks.esp","00023D77","00023D77","damage_magicka_regeneration","Damage Magicka Regeneration","REQ_Alch_DamageMagickaRegeneration","Skyrim.esm","Requiem - Alchemy Redone.esp","00073F2B","00073F2B","negative","2","16.000000","60","0.125000","2"
"chickens_egg","Chicken's Egg","BirdEgg03","Skyrim.esm","LoreRim - Alchemy Tweaks.esp","00023D77","00023D77","waterbreathing","Waterbreathing","REQ_Alch_Waterbreathing","Skyrim.esm","Requiem - Alchemy Redone.esp","0003AC2D","0003AC2D","positive","3","0.000000","24","0.125000","2"
"chickens_egg","Chicken's Egg","BirdEgg03","Skyrim.esm","LoreRim - Alchemy Tweaks.esp","00023D77","00023D77","lingering_damage_stamina","Lingering Damage Stamina","REQ_Alch_LingeringDamageStamina","Skyrim.esm","LoreRim - Alchemy Tweaks.esp","0010DE5E","0010DE5E","negative","4","2.000000","15","0.125000","2"
"pine_thrush_egg","Pine Thrush Egg","BirdEgg02","Skyrim.esm","LoreRim - Alchemy Tweaks.esp","00023D6F","00023D6F","restore_stamina","Restore Stamina","REQ_Alch_RestoreStamina","Skyrim.esm","Requiem - Alchemy Redone.esp","0003EB16","0003EB16","positive","1","1.000000","20","0.050000","2"
"pine_thrush_egg","Pine Thrush Egg","BirdEgg02","Skyrim.esm","LoreRim - Alchemy Tweaks.esp","00023D6F","00023D6F","fortify_lockpicking","Fortify Lockpicking","REQ_Alch_FortifyLockpicking","Requiem.esp","Requiem - Alchemy Redone.esp","0A0BCC54","7F0BCC54","positive","2","0.400000","120","0.050000","2"
"pine_thrush_egg","Pine Thrush Egg","BirdEgg02","Skyrim.esm","LoreRim - Alchemy Tweaks.esp","00023D6F","00023D6F","weakness_to_poison","Weakness to Poison","REQ_Alch_WeaknessPoison","Skyrim.esm","Requiem - Alchemy Redone.esp","00090042","00090042","negative","3","6.000000","30","0.050000","2"
"pine_thrush_egg","Pine Thrush Egg","BirdEgg02","Skyrim.esm","LoreRim - Alchemy Tweaks.esp","00023D6F","00023D6F","resist_shock","Resist Shock","REQ_Alch_ResistShock","Skyrim.esm","Requiem - Alchemy Redone.esp","0003EAEC","0003EAEC","positive","4","4.000000","120","0.050000","2"
"jarrin_root","Jarrin Root","DBJarrinRoot","Skyrim.esm","LoreRim - Alchemy Tweaks.esp","0001BCBC","0001BCBC","damage_health","Damage Health","REQ_Alch_DamageHealth","Skyrim.esm","Requiem - Alchemy Redone.esp","0003EB42","0003EB42","negative","1","200.000000","1","0.250000","100"
"jarrin_root","Jarrin Root","DBJarrinRoot","Skyrim.esm","LoreRim - Alchemy Tweaks.esp","0001BCBC","0001BCBC","damage_magicka","Damage Magicka","REQ_Alch_DamageMagicka","Skyrim.esm","LoreRim - Alchemy Tweaks.esp","0003A2B6","0003A2B6","negative","2","16.000000","0","0.250000","100"
"jarrin_root","Jarrin Root","DBJarrinRoot","Skyrim.esm","LoreRim - Alchemy Tweaks.esp","0001BCBC","0001BCBC","damage_stamina","Damage Stamina","REQ_Alch_DamageStamina","Skyrim.esm","LoreRim - Alchemy Tweaks.esp","0003A2C6","0003A2C6","negative","3","16.000000","0","0.250000","100"
"jarrin_root","Jarrin Root","DBJarrinRoot","Skyrim.esm","LoreRim - Alchemy Tweaks.esp","0001BCBC","0001BCBC","damage_magicka_regeneration","Damage Magicka Regeneration","REQ_Alch_DamageMagickaRegeneration","Skyrim.esm","Requiem - Alchemy Redone.esp","00073F2B","00073F2B","negative","4","32.000000","60","0.250000","100"
"snowberries","Snowberries","Snowberry","Skyrim.esm","LoreRim - Alchemy Tweaks.esp","0001B3BD","0001B3BD","resist_fire","Resist Fire","REQ_Alch_ResistFire","Skyrim.esm","Requiem - Alchemy Redone.esp","0003EAEA","0003EAEA","positive","1","2.000000","120","0.100000","1"
"snowberries","Snowberries","Snowberry","Skyrim.esm","LoreRim - Alchemy Tweaks.esp","0001B3BD","0001B3BD","soul_trap","Soul Trap","REQ_Alch_SoulTrap","Requiem.esp","Requiem - Alchemy Redone.esp","0A20B30F","7F20B30F","positive","2","0.000000","2","0.100000","1"
"snowberries","Snowberries","Snowberry","Skyrim.esm","LoreRim - Alchemy Tweaks.esp","0001B3BD","0001B3BD","resist_frost","Resist Frost","REQ_Alch_ResistFrost","Skyrim.esm","Requiem - Alchemy Redone.esp","0003EAEB","0003EAEB","positive","3","2.000000","120","0.100000","1"
"snowberries","Snowberries","Snowberry","Skyrim.esm","LoreRim - Alchemy Tweaks.esp","0001B3BD","0001B3BD","resist_shock","Resist Shock","REQ_Alch_ResistShock","Skyrim.esm","Requiem - Alchemy Redone.esp","0003EAEC","0003EAEC","positive","4","2.000000","120","0.100000","1"
"thistle_branch","Thistle Branch","Thistle01","Skyrim.esm","LoreRim - Alchemy Tweaks.esp","000134AA","000134AA","resist_frost","Resist Frost","REQ_Alch_ResistFrost","Skyrim.esm","Requiem - Alchemy Redone.esp","0003EAEB","0003EAEB","positive","1","4.000000","120","0.100000","1"
"thistle_branch","Thistle Branch","Thistle01","Skyrim.esm","LoreRim - Alchemy Tweaks.esp","000134AA","000134AA","damage_maximum_stamina","Damage Maximum Stamina","REQ_Alch_DamageMaximumStamina","Skyrim.esm","Requiem - Alchemy Redone.esp","00073F23","00073F23","negative","2","16.000000","60","0.100000","1"
"thistle_branch","Thistle Branch","Thistle01","Skyrim.esm","LoreRim - Alchemy Tweaks.esp","000134AA","000134AA","resist_poison","Resist Poison","REQ_Alch_ResistPoison","Skyrim.esm","Requiem - Alchemy Redone.esp","00090041","00090041","positive","3","3.000000","60","0.100000","1"
"thistle_branch","Thistle Branch","Thistle01","Skyrim.esm","LoreRim - Alchemy Tweaks.esp","000134AA","000134AA","fortify_armor_rating","Fortify Armor Rating","REQ_Alch_FortifyArmorRating","Skyrim.esm","Requiem - Alchemy Redone.esp","0003EB1E","0003EB1E","positive","4","12.000000","120","0.100000","1"